cell,u1,u2,celltype
cell_1,20.5991,8.4945,cluster_2
cell_10,22.3515,7.7750,cluster_3
cell_100,19.8686,8.7030,cluster_2
cell_1000,4.4162,5.7821,cluster_4
cell_1001,8.9463,4.7854,cluster_7
cell_1002,9.0231,4.5645,cluster_1
cell_1003,4.8625,9.5986,cluster_6
cell_1004,8.4356,4.3771,cluster_1
cell_1005,4.9675,5.1994,cluster_4
cell_1006,7.2053,9.3806,cluster_5
cell_1007,7.7534,7.9419,cluster_5
cell_1008,18.3326,5.1312,cluster_3
cell_1009,7.1363,7.6453,cluster_6
cell_101,19.2329,7.7444,cluster_3
cell_1010,18.9327,7.2984,cluster_3
cell_1011,10.1204,4.5208,cluster_7
cell_1012,22.7279,7.2868,cluster_3
cell_1013,10.0879,4.0086,cluster_1
cell_1014,19.1770,10.0218,cluster_2
cell_1015,22.0287,5.7876,cluster_3
cell_1016,8.6675,3.7365,cluster_1
cell_1017,19.4255,5.8631,cluster_2
cell_1018,20.2423,10.1580,cluster_2
cell_1019,18.9354,6.0029,cluster_3
cell_102,22.7219,6.9225,cluster_3
cell_1020,5.4263,9.6560,cluster_6
cell_1021,4.2733,5.6570,cluster_4
cell_1022,7.5103,4.9402,cluster_1
cell_1023,18.4963,7.1222,cluster_3
cell_1024,7.0224,7.3766,cluster_1
cell_1025,8.6517,9.3653,cluster_5
cell_1026,8.1989,6.1400,cluster_5
cell_1027,8.7160,7.2346,cluster_5
cell_1028,5.5580,8.5729,cluster_4
cell_1029,5.2791,4.5558,cluster_4
cell_103,6.5875,6.2267,cluster_3
cell_1030,18.3028,9.3396,cluster_2
cell_1031,19.3034,5.7686,cluster_3
cell_1032,7.8519,8.8994,cluster_6
cell_1033,5.6027,9.5192,cluster_6
cell_1034,4.7605,4.9303,cluster_4
cell_1035,10.6506,4.7337,cluster_7
cell_1036,7.8584,8.8527,cluster_5
cell_1037,6.9005,5.6835,cluster_4
cell_1038,19.3014,5.0620,cluster_3
cell_1039,8.2375,8.9249,cluster_5
cell_104,22.1352,8.0590,cluster_2
cell_1040,5.9185,9.8413,cluster_6
cell_1041,10.3794,5.0535,cluster_7
cell_1042,6.1046,5.4793,cluster_4
cell_1043,9.0115,4.3302,cluster_1
cell_1044,5.9111,9.8089,cluster_6
cell_1045,19.9111,4.7092,cluster_3
cell_1046,6.0871,4.9245,cluster_4
cell_1047,20.1365,6.6296,cluster_2
cell_1048,18.4503,9.1924,cluster_2
cell_1049,7.1557,9.4461,cluster_5
cell_105,21.5978,9.6274,cluster_3
cell_1050,22.6497,6.4404,cluster_3
cell_1051,19.3927,7.9254,cluster_2
cell_1052,9.0794,8.0605,cluster_5
cell_1053,8.7806,3.0179,cluster_1
cell_1054,6.6312,9.0057,cluster_6
cell_1055,7.5164,9.5622,cluster_6
cell_1056,9.4649,2.4575,cluster_1
cell_1057,4.7966,4.4295,cluster_4
cell_1058,6.5380,9.3666,cluster_5
cell_1059,6.0142,8.4213,cluster_1
cell_106,21.5484,9.5347,cluster_2
cell_1060,4.9042,5.2736,cluster_4
cell_1061,8.3403,9.0586,cluster_5
cell_1062,9.5529,2.6379,cluster_1
cell_1063,9.1558,9.1649,cluster_5
cell_1064,5.6971,8.5572,cluster_6
cell_1065,17.5120,6.8964,cluster_3
cell_1066,21.6715,7.4921,cluster_3
cell_1067,5.7461,9.0714,cluster_6
cell_1068,8.2596,5.1546,cluster_1
cell_1069,7.8778,3.5418,cluster_1
cell_107,4.4000,4.8462,cluster_4
cell_1070,7.2136,3.8193,cluster_7
cell_1071,8.1334,3.8329,cluster_1
cell_1072,8.5714,2.4614,cluster_1
cell_1073,8.7159,3.2346,cluster_1
cell_1074,8.8459,3.8819,cluster_6
cell_1075,8.5459,7.9040,cluster_5
cell_1076,9.1006,1.5091,cluster_1
cell_1077,6.6761,6.1573,cluster_4
cell_1078,8.9032,1.6309,cluster_1
cell_1079,18.9638,5.4586,cluster_3
cell_108,8.1182,8.0636,cluster_5
cell_1080,20.4277,9.4537,cluster_2
cell_1081,9.0730,1.8067,cluster_1
cell_1082,9.0298,1.8059,cluster_1
cell_1083,4.3766,5.5061,cluster_4
cell_1084,8.0773,9.2027,cluster_5
cell_1085,7.7377,7.3943,cluster_5
cell_1086,20.5365,10.2238,cluster_3
cell_1087,9.3642,2.1775,cluster_1
cell_1088,9.8012,3.9491,cluster_6
cell_1089,4.7629,9.2343,cluster_6
cell_109,20.8018,7.1406,cluster_3
cell_1090,19.8906,7.3233,cluster_3
cell_1091,9.5248,2.2923,cluster_1
cell_1092,4.9749,6.3983,cluster_4
cell_1093,8.7666,3.0718,cluster_1
cell_1094,5.2795,9.0758,cluster_6
cell_1095,6.3676,5.8039,cluster_6
cell_1096,7.5886,8.0527,cluster_5
cell_1097,22.2283,7.1764,cluster_3
cell_1098,8.5233,4.6876,cluster_1
cell_1099,9.1107,2.8697,cluster_1
cell_11,21.5392,6.8207,cluster_3
cell_110,8.9334,3.9364,cluster_1
cell_1100,9.2557,8.1715,cluster_5
cell_1101,19.0208,7.3943,cluster_2
cell_1102,8.3563,4.2471,cluster_1
cell_1103,6.2753,5.5252,cluster_4
cell_1104,18.0020,6.5170,cluster_3
cell_1105,7.6627,9.1355,cluster_5
cell_1106,10.0924,4.1082,cluster_1
cell_1107,18.8860,8.4959,cluster_2
cell_1108,9.0685,3.7424,cluster_1
cell_1109,8.0355,2.9083,cluster_1
cell_111,20.1426,7.0000,cluster_3
cell_1110,4.1617,5.1554,cluster_4
cell_1111,9.2230,8.2771,cluster_5
cell_1112,20.2390,7.7017,cluster_2
cell_1113,9.2225,5.0131,cluster_1
cell_1114,7.8318,3.6464,cluster_1
cell_1115,17.1539,8.5354,cluster_3
cell_1116,18.3035,5.4590,cluster_3
cell_1117,10.8198,5.2387,cluster_7
cell_1118,8.5214,9.0822,cluster_5
cell_1119,6.8266,8.4634,cluster_5
cell_112,20.5830,6.6588,cluster_2
cell_1120,8.0688,3.3561,cluster_1
cell_1121,7.7933,9.1047,cluster_5
cell_1122,8.8751,7.9620,cluster_5
cell_1123,7.6076,8.6759,cluster_5
cell_1124,5.6527,8.3385,cluster_1
cell_1125,19.9553,6.7423,cluster_3
cell_1126,9.3375,3.1498,cluster_1
cell_1127,7.5017,9.3081,cluster_5
cell_1128,6.7453,9.0034,cluster_6
cell_1129,9.0653,8.4982,cluster_5
cell_113,8.9399,7.9522,cluster_5
cell_1130,18.7775,5.9797,cluster_3
cell_1131,8.5202,3.4871,cluster_1
cell_1132,20.3846,7.7099,cluster_3
cell_1133,8.9092,4.1546,cluster_1
cell_1134,7.2599,9.9068,cluster_5
cell_1135,8.4633,3.3427,cluster_1
cell_1136,10.2330,4.8571,cluster_7
cell_1137,6.7139,5.0806,cluster_4
cell_1138,10.3192,4.8853,cluster_7
cell_1139,5.1846,9.7611,cluster_6
cell_114,7.6777,9.4713,cluster_5
cell_1140,19.2461,8.3551,cluster_2
cell_1141,6.5937,9.5220,cluster_6
cell_1142,9.1749,3.2890,cluster_1
cell_1143,9.2818,3.9799,cluster_1
cell_1144,8.6100,7.7725,cluster_5
cell_1145,20.8830,6.3402,cluster_3
cell_1146,5.7033,8.6104,cluster_6
cell_1147,6.0141,5.3959,cluster_4
cell_1148,6.2829,8.3240,cluster_6
cell_1149,7.5715,9.0364,cluster_5
cell_115,19.3871,6.4601,cluster_3
cell_1150,9.6372,2.5618,cluster_1
cell_1151,9.5099,2.8122,cluster_1
cell_1152,4.8772,5.1393,cluster_4
cell_1153,19.1586,5.3025,cluster_3
cell_1154,8.5786,9.0432,cluster_5
cell_1155,6.6574,9.5510,cluster_5
cell_1156,9.0988,2.2555,cluster_1
cell_1157,4.7848,4.8181,cluster_4
cell_1158,5.8078,5.2367,cluster_4
cell_1159,7.7763,8.3828,cluster_5
cell_116,22.1853,5.4409,cluster_3
cell_1160,18.6648,5.4410,cluster_3
cell_1161,17.8336,6.2707,cluster_3
cell_1162,22.7169,5.0428,cluster_3
cell_1163,19.0752,5.6003,cluster_3
cell_1164,8.2344,4.3354,cluster_7
cell_1165,7.1971,5.5146,cluster_4
cell_1166,7.4935,4.3424,cluster_1
cell_1167,4.8268,9.7461,cluster_6
cell_1168,19.6451,5.5601,cluster_3
cell_1169,9.4671,3.2544,cluster_1
cell_117,21.5792,7.6760,cluster_3
cell_1170,10.8195,5.3683,cluster_7
cell_1171,8.3576,9.6876,cluster_5
cell_1172,9.2833,3.1670,cluster_1
cell_1173,5.3317,9.1686,cluster_6
cell_1174,10.8186,4.6360,cluster_7
cell_1175,21.3885,8.0227,cluster_4
cell_1176,5.4748,9.6906,cluster_6
cell_1177,6.0251,9.7730,cluster_6
cell_1178,8.4178,8.7499,cluster_5
cell_1179,8.8256,7.9913,cluster_5
cell_118,18.2333,9.3107,cluster_2
cell_1180,8.3827,3.5020,cluster_1
cell_1181,8.1624,9.8149,cluster_5
cell_1182,8.9000,8.3935,cluster_5
cell_1183,18.3951,6.3910,cluster_2
cell_1184,5.7892,9.2392,cluster_6
cell_1185,5.2430,9.0018,cluster_6
cell_1186,8.0105,9.2645,cluster_5
cell_1187,5.8475,6.4828,cluster_4
cell_1188,8.4625,4.0377,cluster_1
cell_1189,5.0587,9.7987,cluster_6
cell_119,7.7800,2.3556,cluster_1
cell_1190,9.4985,3.9153,cluster_1
cell_1191,7.5381,6.8251,cluster_4
cell_1192,5.5467,10.1386,cluster_6
cell_1193,4.4316,4.8476,cluster_4
cell_1194,8.6633,8.2878,cluster_5
cell_1195,9.3290,3.7121,cluster_1
cell_1196,5.5935,9.8722,cluster_6
cell_1197,5.0267,9.2323,cluster_6
cell_1198,5.2548,9.7815,cluster_6
cell_1199,4.4237,6.7243,cluster_4
cell_12,22.1476,8.2271,cluster_2
cell_120,6.3053,8.9820,cluster_5
cell_1200,6.1379,5.6606,cluster_4
cell_1201,5.1577,8.8033,cluster_6
cell_1202,19.8721,6.1492,cluster_3
cell_1203,18.0848,7.1849,cluster_3
cell_1204,8.2406,4.8481,cluster_1
cell_1205,16.1144,7.2640,cluster_7
cell_1206,6.2341,5.2381,cluster_4
cell_1207,4.9469,4.6699,cluster_4
cell_1208,5.7682,5.2312,cluster_4
cell_1209,9.2223,2.5651,cluster_1
cell_121,6.2988,8.9275,cluster_5
cell_1210,9.5288,3.1598,cluster_1
cell_1211,7.2270,8.9637,cluster_5
cell_1212,19.9396,4.9184,cluster_3
cell_1213,5.1545,9.9761,cluster_6
cell_1214,9.5931,2.6548,cluster_1
cell_1215,19.6493,4.9214,cluster_3
cell_1216,7.9915,8.3016,cluster_5
cell_1217,7.4330,9.3564,cluster_5
cell_1218,4.2650,6.7794,cluster_4
cell_1219,7.4716,7.5875,cluster_5
cell_122,4.8014,5.9233,cluster_4
cell_1220,20.1100,6.3302,cluster_2
cell_1221,7.2598,4.0374,cluster_1
cell_1222,23.2922,5.7803,cluster_3
cell_1223,6.1823,5.5638,cluster_4
cell_1224,18.6564,5.5683,cluster_2
cell_1225,7.7319,8.7281,cluster_5
cell_1226,20.6915,7.8709,cluster_2
cell_1227,6.0356,9.5085,cluster_6
cell_1228,21.2409,6.3459,cluster_3
cell_1229,5.1859,9.4223,cluster_6
cell_123,7.8388,8.9729,cluster_5
cell_1230,22.1922,9.7240,cluster_3
cell_1231,19.8336,5.5611,cluster_3
cell_1232,7.3503,6.3326,cluster_5
cell_1233,7.4597,6.9647,cluster_5
cell_1234,5.4922,9.5479,cluster_6
cell_1235,8.1033,7.8956,cluster_5
cell_1236,18.1393,6.2933,cluster_3
cell_1237,6.7509,6.7996,cluster_4
cell_1238,4.6439,5.7383,cluster_4
cell_1239,6.2271,7.9244,cluster_6
cell_124,17.5974,7.4348,cluster_3
cell_1240,6.0338,5.1014,cluster_4
cell_1241,8.0837,8.3258,cluster_5
cell_1242,21.9250,5.4226,cluster_3
cell_1243,7.6572,8.6081,cluster_5
cell_1244,7.8749,3.1727,cluster_1
cell_1245,21.5199,7.5316,cluster_2
cell_1246,7.2767,7.3836,cluster_5
cell_1247,19.1075,5.6680,cluster_3
cell_1248,6.0656,5.9885,cluster_1
cell_1249,4.6910,6.9595,cluster_4
cell_125,5.1688,7.0318,cluster_4
cell_1250,18.0967,9.1609,cluster_2
cell_1251,18.9290,8.7244,cluster_2
cell_1252,9.9077,4.1189,cluster_7
cell_1253,8.7544,2.7299,cluster_1
cell_1254,21.7562,8.7742,cluster_3
cell_1255,21.7954,6.5884,cluster_3
cell_1256,7.4904,8.3589,cluster_5
cell_1257,8.2240,4.0076,cluster_1
cell_1258,19.6433,6.9246,cluster_3
cell_1259,18.8596,7.7028,cluster_2
cell_126,21.8801,5.3482,cluster_4
cell_1260,16.9813,7.6855,cluster_1
cell_1261,6.1594,9.8450,cluster_6
cell_1262,6.0709,5.6083,cluster_4
cell_1263,18.5035,5.5889,cluster_2
cell_1264,6.5167,8.3717,cluster_4
cell_1265,8.4634,2.5871,cluster_1
cell_1266,10.9291,4.8742,cluster_7
cell_1267,7.0902,9.6878,cluster_6
cell_1268,20.0433,5.3209,cluster_3
cell_1269,18.7472,7.3956,cluster_2
cell_127,19.9313,6.5726,cluster_2
cell_1270,7.7309,8.2971,cluster_5
cell_1271,19.9901,7.7503,cluster_2
cell_1272,8.9036,3.1688,cluster_1
cell_1273,9.1295,3.1148,cluster_1
cell_1274,7.0864,9.2339,cluster_5
cell_1275,10.3091,3.7434,cluster_1
cell_1276,8.4394,2.9135,cluster_1
cell_1277,5.4752,4.6754,cluster_4
cell_1278,7.9300,9.4107,cluster_5
cell_1279,18.8067,6.7851,cluster_2
cell_128,4.3084,4.6353,cluster_4
cell_1280,8.2188,8.9448,cluster_5
cell_1281,5.1828,9.3665,cluster_6
cell_1282,19.3249,9.1738,cluster_2
cell_1283,21.7253,5.4706,cluster_3
cell_1284,8.0360,7.3050,cluster_5
cell_1285,7.5219,2.9117,cluster_1
cell_1286,4.5043,4.6605,cluster_4
cell_1287,7.9320,3.7856,cluster_5
cell_1288,8.1367,5.8732,cluster_1
cell_1289,8.9878,4.4712,cluster_3
cell_129,22.2536,6.4491,cluster_3
cell_1290,17.7611,6.0530,cluster_3
cell_1291,7.5927,7.1455,cluster_1
cell_1292,8.3532,2.5544,cluster_1
cell_1293,18.0704,6.2819,cluster_3
cell_1294,7.0138,9.3129,cluster_5
cell_1295,9.1173,1.6545,cluster_1
cell_1296,4.8061,5.9233,cluster_4
cell_1297,7.0887,8.6119,cluster_5
cell_1298,19.5180,6.0735,cluster_3
cell_1299,8.5855,3.3016,cluster_1
cell_13,18.1444,9.5435,cluster_3
cell_130,7.9573,4.5238,cluster_1
cell_1300,6.6884,6.2415,cluster_6
cell_1301,7.5069,7.8811,cluster_5
cell_1302,17.5545,7.3032,cluster_1
cell_1303,5.8004,5.1854,cluster_4
cell_1304,5.2541,6.1037,cluster_4
cell_1305,19.0124,4.8046,cluster_3
cell_1306,4.5102,4.6451,cluster_4
cell_1307,6.4461,5.7142,cluster_4
cell_1308,21.1551,6.1154,cluster_2
cell_1309,9.0532,9.1904,cluster_5
cell_131,22.6874,7.2931,cluster_3
cell_1310,5.1731,5.1569,cluster_4
cell_1311,7.3898,3.1311,cluster_1
cell_1312,8.8521,8.6003,cluster_5
cell_1313,21.1462,9.5533,cluster_2
cell_1314,5.8360,5.2544,cluster_4
cell_1315,19.7983,6.1863,cluster_3
cell_1316,21.5515,7.8147,cluster_2
cell_1317,18.7389,6.8503,cluster_2
cell_1318,5.2023,9.7250,cluster_6
cell_1319,17.5063,7.0561,cluster_3
cell_132,5.5623,5.4677,cluster_4
cell_1320,20.2978,4.9357,cluster_3
cell_1321,22.1904,4.9953,cluster_3
cell_1322,7.6292,9.2963,cluster_6
cell_1323,19.9367,6.3299,cluster_3
cell_1324,8.4326,3.4366,cluster_1
cell_1325,8.3564,4.6019,cluster_1
cell_1326,8.3979,6.4748,cluster_5
cell_1327,7.9457,7.0130,cluster_5
cell_1328,8.7080,7.7358,cluster_3
cell_1329,7.2757,3.3936,cluster_1
cell_133,20.4178,5.8570,cluster_3
cell_1330,18.3341,5.0004,cluster_2
cell_1331,9.0550,3.8814,cluster_1
cell_1332,18.3322,5.4652,cluster_2
cell_1333,22.9873,5.5923,cluster_3
cell_1334,20.9086,7.5970,cluster_3
cell_1335,8.2498,2.0802,cluster_1
cell_1336,7.8031,9.7207,cluster_5
cell_1337,17.6984,7.6865,cluster_3
cell_1338,8.3936,9.2722,cluster_5
cell_1339,20.5505,8.2920,cluster_2
cell_134,7.9834,8.3153,cluster_5
cell_1340,20.0048,6.4772,cluster_2
cell_1341,4.7093,5.2014,cluster_4
cell_1342,8.1564,7.9262,cluster_5
cell_1343,22.2501,6.0021,cluster_3
cell_1344,18.2965,5.8445,cluster_3
cell_1345,7.7276,8.4128,cluster_5
cell_1346,19.8983,6.7802,cluster_2
cell_1347,21.2397,6.9585,cluster_3
cell_1348,21.6457,8.2843,cluster_3
cell_1349,9.7901,3.5017,cluster_1
cell_135,5.5190,5.9806,cluster_4
cell_1350,8.0303,8.1663,cluster_5
cell_1351,4.7195,6.5522,cluster_4
cell_1352,5.4018,9.4492,cluster_6
cell_1353,8.0303,3.4040,cluster_1
cell_1354,5.2007,5.2010,cluster_4
cell_1355,8.4441,7.2580,cluster_5
cell_1356,9.5219,3.0229,cluster_1
cell_1357,20.4790,6.8616,cluster_2
cell_1358,7.3026,6.8307,cluster_5
cell_1359,22.0869,5.9183,cluster_3
cell_136,4.0573,5.5401,cluster_4
cell_1360,19.5776,7.4328,cluster_2
cell_1361,18.9193,4.9303,cluster_3
cell_1362,9.2612,4.6541,cluster_1
cell_1363,22.1956,6.0130,cluster_3
cell_1364,19.9579,5.8537,cluster_1
cell_1365,18.1303,7.9128,cluster_2
cell_1366,20.9195,8.9549,cluster_3
cell_1367,5.3135,8.9702,cluster_6
cell_1368,19.6575,7.6689,cluster_2
cell_1369,7.5826,4.9144,cluster_1
cell_137,5.7726,5.6316,cluster_4
cell_1370,5.4852,9.5621,cluster_6
cell_1371,18.9290,6.3531,cluster_2
cell_1372,8.9379,5.0232,cluster_1
cell_1373,19.6187,6.5726,cluster_3
cell_1374,18.5886,5.1093,cluster_3
cell_1375,8.5788,3.2980,cluster_1
cell_1376,5.7027,8.6861,cluster_6
cell_1377,18.5251,7.6535,cluster_2
cell_1378,8.2293,5.3523,cluster_1
cell_1379,19.1400,9.0184,cluster_2
cell_138,21.9524,8.4790,cluster_2
cell_1380,21.9866,7.6609,cluster_2
cell_1381,9.0105,1.4795,cluster_1
cell_1382,8.5692,9.2992,cluster_5
cell_1383,6.7488,9.0610,cluster_5
cell_1384,20.6564,9.1853,cluster_2
cell_1385,8.7004,7.8575,cluster_5
cell_1386,8.1412,8.9315,cluster_5
cell_1387,19.3486,7.1881,cluster_2
cell_1388,8.3947,4.9511,cluster_1
cell_1389,20.5047,10.0430,cluster_2
cell_139,7.8151,6.3220,cluster_5
cell_1390,18.5873,8.7706,cluster_3
cell_1391,22.4548,9.2887,cluster_2
cell_1392,17.9250,5.9645,cluster_3
cell_1393,8.4072,9.5466,cluster_5
cell_1394,19.1253,4.8092,cluster_3
cell_1395,19.4405,6.1689,cluster_3
cell_1396,19.5317,5.9983,cluster_3
cell_1397,11.1533,5.1559,cluster_7
cell_1398,8.3355,8.6380,cluster_5
cell_1399,20.3013,5.2523,cluster_3
cell_14,21.7887,6.5728,cluster_3
cell_140,8.4607,9.3892,cluster_5
cell_1400,21.4293,6.4749,cluster_3
cell_1401,8.7722,4.3713,cluster_1
cell_1402,21.0441,8.7387,cluster_2
cell_1403,8.5724,9.0125,cluster_5
cell_1404,9.6780,4.3396,cluster_1
cell_1405,18.8830,7.2491,cluster_3
cell_1406,18.8827,5.8707,cluster_2
cell_1407,20.5660,9.3544,cluster_2
cell_1408,19.8677,8.4173,cluster_2
cell_1409,18.7697,6.6571,cluster_2
cell_141,5.3065,5.0478,cluster_4
cell_1410,8.7213,3.7927,cluster_5
cell_1411,20.4945,8.3049,cluster_2
cell_1412,8.0920,3.6798,cluster_1
cell_1413,22.0227,6.4818,cluster_3
cell_1414,22.0037,4.9678,cluster_3
cell_1415,21.2527,4.8987,cluster_3
cell_1416,22.7159,6.2806,cluster_3
cell_1417,4.9007,6.2147,cluster_4
cell_1418,4.5679,7.1659,cluster_4
cell_1419,7.3175,7.8027,cluster_5
cell_142,20.2948,6.6866,cluster_2
cell_1420,18.9169,5.0144,cluster_3
cell_1421,8.3363,8.4397,cluster_5
cell_1422,5.7063,4.7492,cluster_4
cell_1423,8.1541,4.4133,cluster_1
cell_1424,22.4435,5.2592,cluster_3
cell_1425,6.7658,8.3743,cluster_6
cell_1426,5.5174,4.8403,cluster_4
cell_1427,21.1596,7.7082,cluster_3
cell_1428,6.9635,9.5511,cluster_5
cell_1429,6.4416,9.0405,cluster_5
cell_143,20.3288,8.2204,cluster_3
cell_1430,9.0732,9.1744,cluster_5
cell_1431,19.4132,7.2985,cluster_2
cell_1432,18.6092,6.2293,cluster_3
cell_1433,5.8656,9.4604,cluster_6
cell_1434,22.3130,5.2571,cluster_3
cell_1435,9.0189,2.1931,cluster_1
cell_1436,20.4522,8.9046,cluster_2
cell_1437,20.9143,10.2944,cluster_2
cell_1438,8.1122,4.1497,cluster_1
cell_1439,6.3565,5.2476,cluster_4
cell_144,7.3258,4.1308,cluster_1
cell_1440,21.0978,7.3192,cluster_2
cell_1441,9.5171,3.3034,cluster_1
cell_1442,17.5804,8.1182,cluster_1
cell_1443,8.1177,7.8947,cluster_5
cell_1444,9.7674,2.8654,cluster_1
cell_1445,5.7283,5.4032,cluster_5
cell_1446,8.3345,8.5745,cluster_5
cell_1447,22.5048,6.4163,cluster_3
cell_1448,23.0449,5.8073,cluster_3
cell_1449,4.9351,9.7756,cluster_6
cell_145,8.5840,8.8501,cluster_5
cell_1450,18.4347,10.2671,cluster_2
cell_1451,22.7730,7.9863,cluster_2
cell_1452,20.0539,9.0712,cluster_2
cell_1453,19.6618,6.9911,cluster_2
cell_1454,18.9513,5.2606,cluster_3
cell_1455,20.4124,7.3109,cluster_2
cell_1456,7.6334,8.0782,cluster_5
cell_1457,20.0539,5.4078,cluster_3
cell_1458,8.4879,9.5957,cluster_5
cell_1459,22.2067,8.5097,cluster_2
cell_146,19.2550,7.9457,cluster_2
cell_1460,4.9985,6.7291,cluster_4
cell_1461,22.3938,8.3778,cluster_3
cell_1462,18.6954,4.9351,cluster_3
cell_1463,22.9013,6.9433,cluster_3
cell_1464,18.1491,6.4689,cluster_3
cell_1465,22.2478,6.5239,cluster_3
cell_1466,18.1893,5.7268,cluster_3
cell_1467,8.8260,3.1654,cluster_1
cell_1468,21.3635,6.4940,cluster_3
cell_1469,22.1810,7.2155,cluster_3
cell_147,17.9928,8.0094,cluster_2
cell_1470,18.6046,7.4684,cluster_2
cell_1471,9.0381,2.4150,cluster_1
cell_1472,5.6835,6.2880,cluster_4
cell_1473,4.4066,7.1848,cluster_4
cell_1474,7.0601,9.5767,cluster_5
cell_1475,5.6874,6.1561,cluster_4
cell_1476,7.1027,8.0951,cluster_5
cell_1477,5.7272,4.5820,cluster_4
cell_1478,10.2599,4.1632,cluster_1
cell_1479,6.1269,8.6514,cluster_6
cell_148,7.7506,6.1337,cluster_5
cell_1480,8.4139,3.9599,cluster_1
cell_1481,19.6918,6.1293,cluster_3
cell_1482,18.3108,8.2164,cluster_2
cell_1483,21.8555,8.0616,cluster_2
cell_1484,18.3367,6.7653,cluster_2
cell_1485,21.7747,5.4115,cluster_3
cell_1486,19.7504,7.2359,cluster_2
cell_1487,17.6031,7.5055,cluster_3
cell_1488,8.2477,8.1186,cluster_5
cell_1489,19.4961,5.2630,cluster_3
cell_149,20.0980,6.0145,cluster_3
cell_1490,5.1233,5.3469,cluster_4
cell_1491,10.7825,5.2360,cluster_7
cell_1492,7.7516,8.1532,cluster_5
cell_1493,19.2611,8.3919,cluster_2
cell_1494,19.3375,5.5414,cluster_2
cell_1495,21.8808,6.5368,cluster_3
cell_1496,5.6286,9.7187,cluster_6
cell_1497,19.0732,9.2139,cluster_2
cell_1498,4.2812,6.6408,cluster_4
cell_1499,8.4949,5.2908,cluster_1
cell_15,19.7626,7.1730,cluster_2
cell_150,7.3623,4.2706,cluster_1
cell_1500,7.3646,4.9431,cluster_1
cell_1501,19.9562,7.9044,cluster_2
cell_1502,18.8270,7.4338,cluster_3
cell_1503,10.8318,4.8977,cluster_7
cell_1504,11.0522,5.0638,cluster_7
cell_1505,20.7397,6.2705,cluster_2
cell_1506,7.8921,2.8995,cluster_4
cell_1507,19.6775,7.4612,cluster_3
cell_1508,18.4341,9.4672,cluster_2
cell_1509,19.3794,8.5460,cluster_3
cell_151,7.7642,6.0987,cluster_1
cell_1510,22.8730,7.1203,cluster_3
cell_1511,19.8753,6.7885,cluster_2
cell_1512,5.5258,9.9506,cluster_6
cell_1513,18.7749,9.1915,cluster_2
cell_1514,18.5419,9.1681,cluster_2
cell_1515,20.9929,5.7538,cluster_3
cell_1516,8.5750,8.9658,cluster_5
cell_1517,8.4298,2.6272,cluster_1
cell_1518,6.0216,5.8762,cluster_4
cell_1519,19.9603,8.4607,cluster_2
cell_152,6.1331,8.8509,cluster_5
cell_1520,21.6600,8.8408,cluster_2
cell_1521,8.7845,8.0291,cluster_5
cell_1522,19.6400,6.0146,cluster_3
cell_1523,21.0854,7.6442,cluster_3
cell_1524,6.6078,5.0008,cluster_4
cell_1525,7.1834,5.4966,cluster_4
cell_1526,3.7484,4.0929,cluster_4
cell_1527,21.9871,6.6541,cluster_3
cell_1528,19.7674,8.4536,cluster_2
cell_1529,19.5177,5.8717,cluster_2
cell_153,8.3753,9.8507,cluster_5
cell_1530,8.2915,4.7770,cluster_1
cell_1531,18.5031,5.3040,cluster_3
cell_1532,6.5359,7.7058,cluster_6
cell_1533,8.4707,3.9212,cluster_1
cell_1534,4.9075,9.2007,cluster_6
cell_1535,19.1480,6.7162,cluster_2
cell_1536,18.5571,8.0927,cluster_2
cell_1537,8.5511,3.5441,cluster_1
cell_1538,5.2086,4.6730,cluster_4
cell_1539,9.1777,5.5359,untyped
cell_154,18.4815,8.0770,cluster_2
cell_1540,7.2333,3.7958,cluster_1
cell_1541,21.0557,7.9107,cluster_2
cell_1542,18.4659,9.8881,cluster_2
cell_1543,20.4747,9.8079,cluster_2
cell_1544,18.4477,5.8791,cluster_3
cell_1545,20.7567,5.2730,cluster_2
cell_1546,19.0708,8.3651,cluster_2
cell_1547,6.2006,9.6304,cluster_6
cell_1548,8.8695,1.9224,cluster_1
cell_1549,8.3073,9.4601,cluster_5
cell_155,20.7648,5.5131,cluster_3
cell_1550,19.0775,6.9995,cluster_3
cell_1551,19.6776,8.9153,cluster_2
cell_1552,4.4902,6.0424,cluster_4
cell_1553,20.3877,10.7996,cluster_2
cell_1554,9.2270,3.6810,cluster_1
cell_1555,5.2215,6.1578,cluster_4
cell_1556,19.1204,5.8131,cluster_2
cell_1557,18.9503,8.1985,cluster_2
cell_1558,18.7117,8.0686,cluster_2
cell_1559,22.2609,7.9648,cluster_2
cell_156,19.5261,7.2277,cluster_3
cell_1560,20.3897,6.0143,cluster_3
cell_1561,20.7493,5.7899,cluster_3
cell_1562,22.2250,8.3365,cluster_2
cell_1563,17.9829,6.1643,cluster_3
cell_1564,18.6072,6.7631,cluster_2
cell_1565,4.3237,6.4416,cluster_4
cell_1566,7.0565,9.1206,cluster_6
cell_1567,18.1928,7.5677,cluster_2
cell_1568,9.3286,3.3109,cluster_1
cell_1569,7.1621,7.8995,cluster_5
cell_157,19.3570,7.8950,cluster_2
cell_1570,17.3836,8.1775,cluster_2
cell_1571,18.7064,5.0635,cluster_3
cell_1572,5.7435,8.4569,cluster_6
cell_1573,18.9071,6.0315,cluster_2
cell_1574,18.3618,6.3337,cluster_3
cell_1575,7.4678,8.5562,cluster_5
cell_1576,7.6866,9.6283,cluster_5
cell_1577,9.7840,4.3848,cluster_7
cell_1578,9.1876,3.5919,cluster_1
cell_1579,7.2293,6.2006,cluster_1
cell_158,19.4431,9.4999,cluster_2
cell_1580,21.5785,8.3087,cluster_2
cell_1581,19.8230,5.5424,cluster_3
cell_1582,18.6745,7.5673,cluster_2
cell_1583,16.7866,7.8638,cluster_1
cell_1584,21.3865,7.4286,cluster_3
cell_1585,9.4102,2.0750,cluster_1
cell_1586,5.9703,9.9173,cluster_6
cell_1587,19.5499,5.2485,cluster_3
cell_1588,18.1325,5.4080,cluster_3
cell_1589,5.5298,8.6285,cluster_6
cell_159,8.6202,7.8872,cluster_5
cell_1590,8.8898,1.7049,cluster_1
cell_1591,8.3357,3.7455,cluster_1
cell_1592,19.7554,7.9827,cluster_2
cell_1593,18.6979,7.5860,cluster_3
cell_1594,18.2895,6.4728,cluster_3
cell_1595,7.4618,7.7151,cluster_5
cell_1596,18.9130,7.4752,cluster_3
cell_1597,18.1497,6.8498,cluster_3
cell_1598,17.8385,7.0114,cluster_1
cell_1599,7.2434,9.1127,cluster_5
cell_16,22.6562,9.6034,cluster_2
cell_160,5.1728,5.5675,cluster_4
cell_1600,19.7343,4.8442,cluster_3
cell_1601,21.9677,7.1000,cluster_3
cell_1602,6.4046,9.6057,cluster_6
cell_1603,20.3741,9.1220,cluster_2
cell_1604,5.7888,8.6968,cluster_6
cell_1605,8.9674,3.2459,cluster_1
cell_1606,6.3991,6.5905,cluster_4
cell_1607,22.3952,9.0954,cluster_2
cell_1608,20.8751,9.2947,cluster_2
cell_1609,18.8787,5.7876,cluster_3
cell_161,7.9058,4.4244,cluster_1
cell_1610,5.6501,4.9343,cluster_4
cell_1611,21.8038,8.4472,cluster_3
cell_1612,19.8465,5.5993,cluster_2
cell_1613,19.2840,7.2575,cluster_2
cell_1614,18.3318,6.1736,cluster_2
cell_1615,20.1137,6.2157,cluster_3
cell_1616,17.2706,6.8175,cluster_3
cell_1617,18.3812,6.0070,cluster_3
cell_1618,19.8081,9.5001,cluster_2
cell_1619,19.2514,5.2550,cluster_3
cell_162,7.4805,4.6195,cluster_1
cell_1620,18.2728,7.9048,cluster_3
cell_1621,6.1222,7.9585,cluster_6
cell_1622,22.0164,9.9385,cluster_2
cell_1623,5.8945,4.9925,cluster_4
cell_1624,17.1494,6.5071,cluster_3
cell_1625,20.5479,9.6730,cluster_2
cell_1626,20.5865,6.8404,cluster_2
cell_1627,5.0243,9.1124,cluster_6
cell_1628,22.0178,6.7968,cluster_2
cell_1629,19.7776,5.8643,cluster_3
cell_163,18.2116,6.0689,cluster_3
cell_1630,7.5309,4.1337,cluster_6
cell_1631,18.6545,7.0769,cluster_3
cell_1632,8.0926,9.5773,cluster_5
cell_1633,18.6784,7.6927,cluster_2
cell_1634,17.3175,7.5039,cluster_1
cell_1635,20.0519,6.6702,cluster_2
cell_1636,21.9718,6.6009,cluster_3
cell_1637,5.5552,9.9887,cluster_6
cell_1638,20.6534,5.1210,cluster_3
cell_1639,18.5862,6.6182,cluster_3
cell_164,17.6747,7.7635,cluster_5
cell_1640,19.5720,7.3866,cluster_2
cell_1641,21.2752,10.6357,cluster_3
cell_1642,19.3371,6.9492,cluster_3
cell_1643,19.5009,6.1720,cluster_2
cell_1644,4.6625,7.1265,cluster_4
cell_1645,19.9579,6.8595,cluster_2
cell_1646,18.6451,7.7372,cluster_2
cell_1647,20.5307,6.4754,cluster_3
cell_1648,19.7844,6.9141,cluster_3
cell_1649,19.3809,4.8465,cluster_3
cell_165,18.7235,8.9038,cluster_2
cell_1650,5.3341,8.8362,cluster_6
cell_1651,4.6965,4.4082,cluster_4
cell_1652,5.2191,9.1910,cluster_6
cell_1653,17.9828,6.9977,cluster_2
cell_1654,4.7047,7.0790,cluster_4
cell_1655,8.1548,3.5410,cluster_1
cell_1656,9.1877,4.1575,cluster_1
cell_1657,18.9823,6.0047,cluster_2
cell_1658,23.0782,6.1909,cluster_3
cell_1659,21.4560,8.0430,cluster_2
cell_166,7.5852,4.1091,cluster_1
cell_1660,19.6455,6.4866,cluster_2
cell_1661,4.2299,3.8582,cluster_4
cell_1662,17.3332,8.5492,cluster_1
cell_1663,18.6963,8.6837,cluster_2
cell_1664,22.6670,8.4691,cluster_3
cell_1665,5.7513,5.7078,cluster_4
cell_1666,18.1240,9.3327,cluster_3
cell_1667,9.1843,4.2585,cluster_5
cell_1668,8.7889,5.5259,cluster_1
cell_1669,7.5128,6.5934,cluster_5
cell_167,18.9487,6.7032,cluster_3
cell_1670,21.4142,5.2853,cluster_3
cell_1671,21.0024,6.3345,cluster_2
cell_1672,21.3144,9.7533,cluster_2
cell_1673,19.3105,5.5809,cluster_3
cell_1674,9.1484,5.2262,cluster_1
cell_1675,19.9520,5.5027,cluster_3
cell_1676,18.4169,8.4789,cluster_2
cell_1677,18.8702,8.1393,cluster_2
cell_1678,18.5785,5.5027,cluster_3
cell_1679,19.0302,9.7660,cluster_2
cell_168,4.3644,6.1747,cluster_4
cell_1680,20.8728,8.8016,cluster_2
cell_1681,5.3496,6.4036,cluster_4
cell_1682,20.0837,8.8395,cluster_2
cell_1683,22.0715,7.3576,cluster_3
cell_1684,17.5524,7.4939,cluster_2
cell_1685,20.9926,6.6583,cluster_3
cell_1686,4.6980,5.0217,cluster_4
cell_1687,18.5462,7.0960,cluster_2
cell_1688,19.2912,6.2286,cluster_3
cell_1689,19.4576,10.3840,cluster_2
cell_169,10.5868,4.8080,cluster_7
cell_1690,20.3641,6.5369,cluster_3
cell_1691,4.5528,4.0549,cluster_4
cell_1692,5.0897,9.0946,cluster_6
cell_1693,18.9090,5.3219,cluster_3
cell_1694,18.4650,9.4643,cluster_2
cell_1695,19.4301,7.2325,cluster_2
cell_1696,9.2407,2.5818,cluster_1
cell_1697,21.5094,10.2529,cluster_2
cell_1698,17.8181,5.9225,cluster_3
cell_1699,7.7503,4.8729,cluster_1
cell_17,22.7051,6.7383,cluster_2
cell_170,17.4804,6.4648,cluster_3
cell_1700,18.8140,6.1914,cluster_3
cell_1701,21.3444,8.1517,cluster_2
cell_1702,19.6712,7.6381,cluster_3
cell_1703,8.4779,3.2343,cluster_1
cell_1704,6.2942,9.9122,cluster_6
cell_1705,20.6990,10.2374,cluster_2
cell_1706,18.4516,6.1175,cluster_3
cell_1707,19.8087,6.6645,cluster_3
cell_1708,8.9989,2.2824,cluster_1
cell_1709,21.4537,7.6265,cluster_3
cell_171,19.8998,6.2518,cluster_3
cell_1710,18.6987,9.8745,cluster_2
cell_1711,20.1687,7.0277,cluster_2
cell_1712,17.9887,6.2762,cluster_2
cell_1713,22.3170,5.2205,cluster_3
cell_1714,19.4398,6.8981,cluster_2
cell_1715,4.8649,5.5719,cluster_4
cell_1716,20.0277,10.6776,cluster_2
cell_1717,8.2517,4.8800,cluster_1
cell_1718,20.6489,5.6589,cluster_3
cell_1719,6.0555,5.5192,cluster_4
cell_172,8.1200,3.6366,cluster_1
cell_1720,19.0831,6.9420,cluster_2
cell_1721,21.5841,5.9989,cluster_3
cell_1722,19.5341,6.4753,cluster_3
cell_1723,19.9908,6.8925,cluster_2
cell_1724,19.6076,8.4439,cluster_2
cell_1725,18.8227,6.4230,cluster_3
cell_1726,4.1723,4.9791,cluster_4
cell_1727,8.1233,2.1979,cluster_1
cell_1728,20.7156,9.8046,cluster_2
cell_1729,20.9425,5.3463,cluster_3
cell_173,4.3334,5.5404,cluster_4
cell_1730,18.3760,7.6570,cluster_3
cell_1731,18.1571,5.4717,cluster_3
cell_1732,19.5645,7.4504,cluster_2
cell_1733,21.4408,8.3138,cluster_3
cell_1734,8.7993,1.6418,cluster_1
cell_1735,18.4391,6.1269,cluster_3
cell_1736,3.8314,3.9237,cluster_4
cell_1737,7.6644,2.2551,cluster_1
cell_1738,19.5004,5.5824,cluster_2
cell_1739,21.6101,10.4748,cluster_2
cell_174,6.6031,6.1710,cluster_4
cell_1740,22.6599,6.6502,cluster_3
cell_1741,18.8286,6.5865,cluster_3
cell_1742,21.4223,6.5870,cluster_2
cell_1743,19.4551,5.9797,cluster_3
cell_1744,19.1693,8.3555,cluster_2
cell_1745,19.0325,7.7932,cluster_2
cell_1746,19.3061,6.8303,cluster_2
cell_1747,21.1233,9.2529,cluster_2
cell_1748,7.9578,3.9293,cluster_1
cell_1749,21.8355,6.6190,cluster_3
cell_175,7.5870,2.6177,cluster_1
cell_1750,21.7941,9.7423,cluster_2
cell_1751,22.3453,7.2299,cluster_3
cell_1752,5.3219,6.7508,cluster_4
cell_1753,8.5709,3.1567,cluster_1
cell_1754,19.2696,5.2730,cluster_2
cell_1755,19.3710,5.5117,cluster_3
cell_1756,21.3433,9.4108,cluster_3
cell_1757,8.8450,3.6237,cluster_1
cell_1758,18.6164,8.4651,cluster_2
cell_1759,19.3600,8.7286,cluster_2
cell_176,8.2237,4.7732,cluster_1
cell_1760,9.0651,1.8783,cluster_1
cell_1761,19.9726,9.2519,cluster_2
cell_1762,7.4787,2.4460,cluster_1
cell_1763,9.0184,4.9195,cluster_1
cell_1764,19.4950,9.4727,cluster_2
cell_1765,5.4016,6.1066,cluster_4
cell_1766,18.6890,7.6294,cluster_2
cell_1767,9.2344,7.6661,cluster_5
cell_1768,20.3535,8.1738,cluster_2
cell_1769,19.7596,7.6427,cluster_2
cell_177,22.0875,6.2086,cluster_3
cell_1770,18.3678,9.5315,cluster_2
cell_1771,18.0336,6.7806,cluster_3
cell_1772,20.3533,9.3661,cluster_3
cell_1773,6.0413,6.1165,cluster_4
cell_1774,18.7997,7.7728,cluster_2
cell_1775,10.0749,3.3483,cluster_1
cell_1776,19.3073,6.5716,cluster_3
cell_1777,5.2167,8.9091,cluster_6
cell_1778,19.6827,4.6054,cluster_3
cell_1779,6.0309,9.6656,cluster_6
cell_178,8.5238,8.6972,cluster_5
cell_1780,5.6635,7.7052,cluster_6
cell_1781,19.2234,7.7590,cluster_2
cell_1782,20.9829,8.2816,cluster_2
cell_1783,8.7467,2.1812,cluster_1
cell_1784,19.6600,8.8306,cluster_2
cell_1785,19.8413,7.8878,cluster_2
cell_1786,18.3900,5.7942,cluster_3
cell_1787,19.0159,6.4253,cluster_2
cell_1788,20.2697,7.0040,cluster_3
cell_1789,21.6974,8.0073,cluster_2
cell_179,21.4133,8.4473,cluster_2
cell_1790,18.5533,7.5036,cluster_2
cell_1791,18.8280,7.9210,cluster_2
cell_1792,5.1195,5.0061,cluster_4
cell_1793,22.6222,5.8113,cluster_3
cell_1794,19.6070,5.4207,cluster_3
cell_1795,9.1152,5.7686,cluster_1
cell_1796,9.0620,1.8321,cluster_1
cell_1797,19.8523,6.6751,cluster_2
cell_1798,18.5745,5.9062,cluster_3
cell_1799,10.3997,3.3970,cluster_1
cell_18,19.5602,8.1926,cluster_2
cell_180,8.7188,8.8537,cluster_5
cell_1800,8.1078,7.5795,cluster_5
cell_1801,21.5848,7.1118,cluster_3
cell_1802,20.7156,5.6706,cluster_3
cell_1803,8.6713,4.0540,cluster_1
cell_1804,20.5643,10.2295,cluster_2
cell_1805,18.8504,8.4539,cluster_2
cell_1806,19.5914,7.3845,cluster_2
cell_1807,8.1907,8.3477,cluster_5
cell_1808,18.0194,9.6420,cluster_4
cell_1809,18.4822,6.9793,cluster_3
cell_181,22.2443,6.9043,cluster_3
cell_1810,19.7838,9.4401,cluster_2
cell_1811,5.5043,8.8098,cluster_6
cell_1812,7.8670,2.4541,cluster_1
cell_1813,8.7608,7.4807,cluster_2
cell_1814,10.6869,3.6589,cluster_1
cell_1815,21.8582,7.7982,cluster_3
cell_1816,17.8905,6.0503,cluster_3
cell_1817,8.5882,1.5670,cluster_1
cell_1818,19.0219,7.0132,cluster_3
cell_1819,17.8518,7.4181,cluster_2
cell_182,7.8183,9.5334,cluster_5
cell_1820,19.8993,5.7458,cluster_3
cell_1821,20.4205,7.4083,cluster_2
cell_1822,19.1083,5.9898,cluster_2
cell_1823,18.9752,7.5428,cluster_2
cell_1824,20.6502,7.7618,cluster_3
cell_1825,19.6524,8.3342,cluster_3
cell_1826,20.4814,8.5445,cluster_2
cell_1827,20.6021,7.0923,cluster_3
cell_1828,19.1859,7.0051,cluster_2
cell_1829,17.8104,7.6611,cluster_3
cell_183,8.3442,2.1227,cluster_1
cell_1830,17.4449,7.9421,cluster_3
cell_1831,20.3094,6.3538,cluster_2
cell_1832,21.3149,8.8776,cluster_2
cell_1833,6.4096,9.3427,cluster_6
cell_1834,18.9284,7.4085,cluster_2
cell_1835,5.0979,5.9371,cluster_4
cell_1836,20.8261,8.5290,cluster_2
cell_1837,18.1074,6.1331,cluster_3
cell_1838,7.4443,5.1710,cluster_4
cell_1839,10.8262,4.6088,cluster_7
cell_184,20.4440,5.1484,cluster_3
cell_1840,19.2292,7.2079,cluster_3
cell_1841,16.7059,6.6605,cluster_3
cell_1842,4.0468,4.0923,cluster_4
cell_1843,19.6289,9.6883,cluster_2
cell_1844,7.6491,5.7484,cluster_4
cell_1845,17.8542,8.1653,cluster_2
cell_1846,19.2272,5.2047,cluster_2
cell_1847,21.2598,6.6150,cluster_3
cell_1848,5.3285,8.9352,cluster_6
cell_1849,18.6411,7.1615,cluster_2
cell_185,7.8009,8.0768,cluster_5
cell_1850,18.6427,5.8277,cluster_3
cell_1851,18.2493,6.1785,cluster_3
cell_1852,19.5435,6.3031,cluster_2
cell_1853,18.5047,5.5822,cluster_3
cell_1854,19.9055,4.9328,cluster_3
cell_1855,19.1689,7.3481,cluster_2
cell_1856,18.2528,10.1317,cluster_3
cell_1857,6.2490,8.5981,cluster_6
cell_1858,4.1593,6.6909,cluster_4
cell_1859,20.6988,7.5616,cluster_2
cell_186,20.2690,8.2115,cluster_2
cell_1860,22.8993,6.0751,cluster_3
cell_1861,18.9375,7.1563,cluster_2
cell_1862,4.3130,4.5828,cluster_4
cell_1863,20.9460,10.6256,cluster_3
cell_1864,5.7138,9.6889,cluster_6
cell_1865,19.9272,6.6624,cluster_2
cell_1866,7.4229,4.6831,cluster_1
cell_1867,19.5062,5.5673,cluster_2
cell_1868,18.6025,8.1958,cluster_2
cell_1869,19.4290,8.7257,cluster_2
cell_187,7.5343,9.4982,cluster_5
cell_1870,5.6554,5.5609,cluster_4
cell_1871,18.4002,5.2276,cluster_3
cell_1872,20.0102,8.3864,cluster_2
cell_1873,18.4114,6.1409,cluster_2
cell_1874,19.4749,5.1768,cluster_3
cell_1875,20.5343,10.1503,cluster_2
cell_1876,20.0906,6.4246,cluster_2
cell_1877,19.1579,4.6455,cluster_3
cell_1878,21.8935,6.3549,cluster_3
cell_1879,21.6282,8.5699,cluster_3
cell_188,4.6794,6.8805,cluster_4
cell_1880,3.7342,4.1786,cluster_4
cell_1881,17.1753,7.9360,cluster_1
cell_1882,17.1893,7.8285,cluster_1
cell_1883,21.3539,5.6631,cluster_3
cell_1884,17.9717,7.5633,cluster_2
cell_1885,17.9388,7.3980,cluster_3
cell_1886,19.6819,4.9578,cluster_3
cell_1887,4.8959,5.0845,cluster_4
cell_1888,5.0195,9.4024,cluster_6
cell_1889,5.3189,9.6235,cluster_6
cell_189,8.5109,3.7759,cluster_1
cell_1890,5.3174,9.6032,cluster_6
cell_1891,21.4516,9.1740,cluster_2
cell_1892,5.9099,5.4479,cluster_4
cell_1893,5.0866,4.9297,cluster_4
cell_1894,8.3280,4.8107,cluster_1
cell_1895,19.2490,6.0735,cluster_3
cell_1896,19.2508,8.7052,cluster_2
cell_1897,22.2283,5.9892,cluster_3
cell_1898,20.9119,7.5559,cluster_3
cell_1899,20.7892,5.3475,cluster_3
cell_19,20.4656,9.0574,cluster_2
cell_190,8.9896,7.9310,cluster_5
cell_1900,16.8870,5.9875,cluster_3
cell_1901,18.1579,5.5417,cluster_3
cell_1902,17.6008,7.3247,cluster_5
cell_1903,19.1027,5.9468,cluster_2
cell_1904,20.8397,10.3117,cluster_3
cell_1905,21.3128,5.7304,cluster_3
cell_1906,7.3272,3.6842,cluster_1
cell_1907,20.1577,7.2708,cluster_2
cell_1908,19.5670,9.1499,cluster_2
cell_1909,20.7967,10.3271,cluster_2
cell_191,19.2737,7.5054,cluster_2
cell_1910,19.0079,6.1801,cluster_3
cell_1911,22.3294,9.0843,cluster_3
cell_1912,21.1322,8.8648,cluster_2
cell_1913,6.9021,8.8806,cluster_5
cell_1914,18.9172,6.2779,cluster_3
cell_1915,19.8822,5.7098,cluster_2
cell_1916,20.0185,6.9213,cluster_2
cell_1917,19.0762,9.7117,cluster_2
cell_1918,20.9021,5.9739,cluster_3
cell_1919,5.9124,6.9532,cluster_4
cell_192,10.9118,4.6583,cluster_7
cell_1920,20.1578,8.2501,cluster_2
cell_1921,19.1350,7.2074,cluster_3
cell_1922,19.9604,4.9336,cluster_3
cell_1923,17.9302,9.6391,cluster_2
cell_1924,5.4667,9.9230,cluster_6
cell_1925,8.9519,2.6212,cluster_1
cell_1926,18.8614,6.7332,cluster_2
cell_1927,19.3715,10.0172,cluster_2
cell_1928,22.4300,7.2295,cluster_3
cell_1929,6.7777,9.5086,cluster_5
cell_193,9.0212,3.6835,cluster_1
cell_1930,19.4697,7.9022,cluster_2
cell_1931,21.0188,10.0662,cluster_2
cell_1932,20.3253,8.7402,cluster_3
cell_1933,19.3658,5.2642,cluster_3
cell_1934,21.2199,10.4226,cluster_2
cell_1935,3.7538,4.1132,cluster_4
cell_1936,7.6664,4.9538,cluster_1
cell_1937,18.1181,6.3218,cluster_3
cell_1938,7.3227,9.1685,cluster_5
cell_1939,20.3226,9.1846,cluster_2
cell_194,21.1995,7.6921,cluster_2
cell_1940,16.8109,6.2453,cluster_3
cell_1941,19.3824,8.4635,cluster_2
cell_1942,18.3569,6.7322,cluster_3
cell_1943,4.8109,9.8978,cluster_6
cell_1944,17.6384,8.4142,cluster_2
cell_1945,20.3897,6.0469,cluster_3
cell_1946,16.5951,6.7963,cluster_3
cell_1947,7.9056,5.9431,cluster_6
cell_1948,10.0877,5.0451,cluster_7
cell_1949,22.0905,6.4298,cluster_3
cell_195,5.9003,5.7139,cluster_5
cell_1950,9.5398,3.0770,cluster_1
cell_1951,18.8706,5.2019,cluster_3
cell_1952,9.2086,1.9167,cluster_1
cell_1953,8.3430,4.9968,cluster_7
cell_1954,19.4998,7.6000,cluster_2
cell_1955,19.0815,10.3916,cluster_2
cell_1956,20.8898,6.6894,cluster_2
cell_1957,18.8663,4.8989,cluster_3
cell_1958,19.3765,7.0651,cluster_2
cell_1959,5.7802,8.3727,cluster_6
cell_196,6.3560,8.7158,cluster_6
cell_1960,18.7930,5.3112,cluster_3
cell_1961,8.6493,8.8417,cluster_5
cell_1962,5.2230,5.0923,cluster_4
cell_1963,20.5361,8.9088,cluster_2
cell_1964,18.4228,5.7943,cluster_2
cell_1965,20.1671,10.7472,cluster_2
cell_1966,18.7864,5.1902,cluster_3
cell_1967,19.8255,5.2282,cluster_2
cell_1968,19.0411,7.1888,cluster_3
cell_1969,6.4392,4.8119,cluster_4
cell_197,10.0213,3.3410,cluster_1
cell_1970,21.9766,9.8322,cluster_2
cell_1971,8.1418,5.3799,cluster_7
cell_1972,6.0084,6.1518,cluster_4
cell_1973,7.5098,7.9114,cluster_5
cell_1974,19.0304,5.2140,cluster_3
cell_1975,4.5655,4.7727,cluster_4
cell_1976,22.2123,5.7753,cluster_3
cell_1977,5.1698,9.3758,cluster_6
cell_1978,19.7770,5.9467,cluster_2
cell_1979,6.5349,6.0558,cluster_4
cell_198,7.7724,5.4357,cluster_1
cell_1980,8.9851,2.0706,cluster_1
cell_1981,18.6453,7.8924,cluster_2
cell_1982,5.3253,9.9382,cluster_6
cell_1983,19.2066,5.8777,cluster_3
cell_1984,8.1802,8.7664,cluster_5
cell_1985,19.3321,5.3963,cluster_3
cell_1986,20.7788,4.9321,cluster_3
cell_1987,11.0436,5.0199,cluster_7
cell_1988,20.7011,9.1829,cluster_2
cell_1989,22.6626,5.4591,cluster_3
cell_199,4.5704,5.6313,cluster_4
cell_1990,18.6399,6.5209,cluster_2
cell_1991,20.8593,7.9129,cluster_2
cell_1992,6.2665,6.1314,cluster_5
cell_1993,5.1301,9.3409,cluster_6
cell_1994,5.6795,4.4656,cluster_4
cell_1995,7.0112,7.0919,cluster_5
cell_1996,20.7924,7.0110,cluster_3
cell_1997,19.9285,8.1630,cluster_2
cell_1998,22.8638,5.5223,cluster_3
cell_1999,5.7040,4.8657,cluster_4
cell_2,20.6610,5.7367,cluster_3
cell_20,21.2758,7.4588,cluster_2
cell_200,21.4832,5.2474,cluster_3
cell_2000,21.4866,7.0403,cluster_3
cell_2001,19.4285,6.2221,cluster_2
cell_2002,8.2652,7.2876,cluster_5
cell_2003,17.6574,7.0188,cluster_2
cell_2004,3.9055,4.9715,cluster_4
cell_2005,7.3066,3.8063,cluster_1
cell_2006,20.2930,7.2136,cluster_3
cell_2007,19.7591,9.4540,cluster_2
cell_2008,20.3700,5.4787,cluster_3
cell_2009,5.4223,8.8481,cluster_6
cell_201,8.0972,9.4724,cluster_5
cell_2010,20.0285,6.9024,cluster_2
cell_2011,19.1789,8.4893,cluster_2
cell_2012,19.6337,10.9188,cluster_2
cell_2013,18.9493,10.5167,cluster_2
cell_2014,9.5836,2.3576,cluster_1
cell_2015,4.7882,9.8075,cluster_6
cell_2016,19.6280,7.1363,cluster_2
cell_2017,18.4546,5.7856,cluster_3
cell_2018,7.2011,7.1122,cluster_5
cell_2019,5.4413,9.9426,cluster_6
cell_202,20.4856,8.0933,cluster_3
cell_2020,6.8342,6.1001,cluster_4
cell_2021,20.2061,5.7404,cluster_3
cell_2022,18.4048,9.5423,cluster_2
cell_2023,11.0393,4.4268,cluster_7
cell_2024,7.8338,9.3631,cluster_5
cell_2025,5.1011,7.0647,cluster_4
cell_2026,9.3588,2.3910,cluster_1
cell_2027,20.1019,5.8678,cluster_3
cell_2028,16.0617,7.8345,cluster_2
cell_2029,5.1099,9.4197,cluster_6
cell_203,8.5320,9.6840,cluster_5
cell_2030,18.5985,5.5345,cluster_3
cell_2031,20.3147,5.1648,cluster_3
cell_2032,20.0026,8.8223,cluster_2
cell_2033,18.4194,7.4096,cluster_2
cell_2034,20.0689,9.6091,cluster_2
cell_2035,7.6857,6.3174,cluster_5
cell_2036,8.1713,3.3866,cluster_1
cell_2037,4.9741,4.7145,cluster_4
cell_2038,19.2842,7.1576,cluster_2
cell_2039,5.1908,4.7490,cluster_4
cell_204,8.5989,9.3633,cluster_5
cell_2040,9.0848,2.1973,cluster_1
cell_2041,17.9251,6.7743,cluster_3
cell_2042,19.5684,9.7148,cluster_2
cell_2043,21.6043,9.6663,cluster_2
cell_2044,7.2412,6.1454,cluster_7
cell_2045,18.9320,10.5089,cluster_2
cell_2046,18.3038,8.7909,cluster_2
cell_2047,18.2443,7.3738,cluster_2
cell_2048,8.5284,2.9852,cluster_1
cell_2049,8.4266,3.4966,cluster_1
cell_205,7.5504,8.2211,cluster_5
cell_2050,5.3757,7.1276,cluster_4
cell_2051,10.0043,5.5417,cluster_7
cell_2052,20.1484,5.5546,cluster_3
cell_2053,21.7158,8.2895,cluster_2
cell_2054,22.5583,6.2980,cluster_3
cell_2055,17.8522,8.4306,cluster_1
cell_2056,9.3810,3.6538,cluster_1
cell_2057,19.5282,6.8138,cluster_2
cell_2058,9.4727,3.1937,cluster_1
cell_2059,8.8564,2.4038,cluster_1
cell_206,7.8988,4.5301,cluster_5
cell_2060,19.3132,5.8203,cluster_3
cell_2061,18.1123,6.6956,cluster_6
cell_2062,19.2225,10.4827,cluster_2
cell_2063,5.5475,5.1876,cluster_4
cell_2064,7.0663,9.1188,cluster_6
cell_2065,21.9068,9.1630,cluster_2
cell_2066,5.8923,9.8167,cluster_6
cell_2067,7.5569,4.0811,cluster_1
cell_2068,5.0748,7.2431,cluster_4
cell_2069,21.3965,10.3141,cluster_2
cell_207,7.7069,8.5665,cluster_5
cell_2070,18.6533,5.0659,cluster_3
cell_2071,22.0755,9.9788,cluster_3
cell_2072,6.7950,5.2308,cluster_4
cell_2073,20.7545,6.8920,cluster_3
cell_2074,4.3134,5.3114,cluster_4
cell_2075,5.0627,5.3088,cluster_4
cell_2076,19.9718,10.2749,cluster_2
cell_2077,5.2752,5.3972,cluster_4
cell_2078,5.1527,9.6679,cluster_6
cell_2079,6.8750,8.5960,cluster_5
cell_208,8.1542,7.8882,cluster_5
cell_2080,8.9629,5.0265,cluster_1
cell_2081,19.4528,5.1267,cluster_3
cell_2082,19.5017,9.1124,cluster_2
cell_2083,22.2349,10.0580,cluster_2
cell_2084,10.7920,4.8253,cluster_7
cell_2085,20.7072,6.8524,cluster_3
cell_2086,18.6535,5.7677,cluster_3
cell_2087,5.6663,9.8396,cluster_6
cell_2088,22.0755,8.2401,cluster_2
cell_2089,20.0939,6.2851,cluster_3
cell_209,8.6806,9.1184,cluster_5
cell_2090,11.2370,4.9424,cluster_7
cell_2091,8.3956,2.3631,cluster_1
cell_2092,18.2680,7.0415,cluster_3
cell_2093,20.8369,10.3896,cluster_2
cell_2094,19.6498,8.7212,cluster_2
cell_2095,20.3983,7.0896,cluster_3
cell_2096,18.9913,6.2950,cluster_3
cell_2097,8.3788,5.6066,cluster_3
cell_2098,8.9877,8.4496,cluster_5
cell_2099,7.3191,9.3100,cluster_5
cell_21,19.7199,9.8042,cluster_2
cell_210,4.8833,6.1171,cluster_4
cell_2100,7.3435,3.8789,cluster_1
cell_2101,7.6616,6.8035,cluster_5
cell_2102,8.2690,9.1076,cluster_5
cell_2103,16.6437,7.2733,cluster_7
cell_2104,19.1693,5.4827,cluster_3
cell_2105,22.1116,4.8434,cluster_3
cell_2106,10.3946,5.3073,cluster_7
cell_2107,7.8285,9.9508,cluster_5
cell_2108,20.7536,4.6422,cluster_3
cell_2109,20.4579,9.9102,cluster_2
cell_211,19.8211,7.0121,cluster_2
cell_2110,18.6525,4.9090,cluster_3
cell_2111,19.6331,7.8046,cluster_2
cell_2112,5.7143,5.0913,cluster_4
cell_2113,18.5540,8.0669,cluster_2
cell_2114,17.6291,9.1382,cluster_2
cell_2115,7.4417,4.0052,cluster_1
cell_2116,9.5170,4.4558,cluster_1
cell_2117,20.9807,5.1255,cluster_3
cell_2118,21.8606,5.7647,cluster_3
cell_2119,18.5126,6.6189,cluster_3
cell_212,5.4323,5.3087,cluster_4
cell_2120,7.5888,6.1894,cluster_1
cell_2121,18.2369,10.0181,cluster_2
cell_2122,21.4926,8.8619,cluster_3
cell_2123,18.4840,7.7074,cluster_2
cell_2124,5.3033,4.4375,cluster_4
cell_2125,18.1948,7.4691,cluster_2
cell_2126,10.7429,3.9439,cluster_1
cell_2127,21.8749,8.3178,cluster_2
cell_2128,19.7257,7.8624,cluster_2
cell_2129,19.6561,7.1145,cluster_2
cell_213,19.2154,8.1726,cluster_3
cell_2130,10.8435,5.0235,cluster_7
cell_2131,8.7431,4.6873,cluster_1
cell_2132,6.7358,7.1896,cluster_6
cell_2133,7.9889,5.9795,cluster_4
cell_2134,4.7388,6.6942,cluster_4
cell_2135,7.8705,4.7201,cluster_1
cell_2136,21.3454,9.6682,cluster_2
cell_2137,17.6095,7.2415,cluster_1
cell_2138,11.2522,4.6964,cluster_7
cell_2139,10.0480,5.0432,cluster_7
cell_214,7.1963,3.8325,cluster_1
cell_2140,5.1247,6.8961,cluster_4
cell_2141,19.8985,8.9100,cluster_2
cell_2142,8.1999,6.0212,cluster_1
cell_2143,18.8465,4.5113,cluster_3
cell_2144,5.9387,9.6357,cluster_6
cell_2145,21.9838,5.3716,cluster_3
cell_2146,16.6425,6.8906,cluster_1
cell_2147,19.3029,7.9127,cluster_3
cell_2148,22.3309,7.5583,cluster_2
cell_2149,20.4108,7.9171,cluster_3
cell_215,21.6275,6.2808,cluster_3
cell_2150,4.5105,4.5333,cluster_4
cell_2151,19.5271,6.7583,cluster_2
cell_2152,8.3942,6.3953,cluster_5
cell_2153,20.7160,7.3962,cluster_2
cell_2154,18.6566,4.8992,cluster_3
cell_2155,20.0076,7.7487,cluster_2
cell_2156,18.5463,9.0492,cluster_2
cell_2157,19.6076,6.2404,cluster_2
cell_2158,18.9621,10.4517,cluster_2
cell_2159,7.4143,8.8283,cluster_5
cell_216,6.5810,8.9203,cluster_5
cell_2160,8.0178,5.3702,cluster_1
cell_2161,7.9113,7.9225,cluster_5
cell_2162,6.1696,5.3975,cluster_4
cell_2163,18.8980,5.5367,cluster_2
cell_2164,19.2089,6.6139,cluster_2
cell_2165,7.3419,9.6516,cluster_5
cell_2166,5.2934,6.2048,cluster_4
cell_2167,7.9376,9.3335,cluster_5
cell_2168,18.1755,5.8060,cluster_2
cell_2169,8.9695,2.1465,cluster_1
cell_217,4.5616,5.0880,cluster_4
cell_2170,4.8836,4.1597,cluster_4
cell_2171,4.3898,4.6997,cluster_4
cell_2172,18.7052,10.1799,cluster_2
cell_2173,18.7163,8.4145,cluster_2
cell_2174,7.8459,6.5288,cluster_5
cell_2175,21.3982,9.6428,cluster_2
cell_2176,6.5588,9.3407,cluster_5
cell_2177,5.2578,6.8912,cluster_4
cell_2178,6.1894,5.3761,cluster_4
cell_2179,21.2068,7.8082,cluster_3
cell_218,9.1780,8.2551,cluster_5
cell_2180,5.1901,5.0932,cluster_4
cell_2181,19.0554,5.9549,cluster_3
cell_2182,5.5717,9.6814,cluster_6
cell_2183,7.3073,8.9635,cluster_5
cell_2184,18.7405,6.0173,cluster_2
cell_2185,18.9103,6.0437,cluster_3
cell_2186,5.2717,9.5482,cluster_6
cell_2187,11.1788,5.2184,cluster_7
cell_2188,20.6048,10.2538,cluster_2
cell_2189,18.9093,6.7974,cluster_3
cell_219,5.3655,9.0029,cluster_6
cell_2190,9.0150,2.7712,cluster_1
cell_2191,21.2990,9.1810,cluster_3
cell_2192,18.5537,7.3868,cluster_1
cell_2193,9.0356,8.6926,cluster_5
cell_2194,5.8315,8.7651,cluster_6
cell_2195,8.2506,4.1683,cluster_1
cell_2196,20.2876,9.0393,cluster_2
cell_2197,19.8088,6.2600,cluster_3
cell_2198,22.8147,9.0550,cluster_3
cell_2199,21.0746,7.2795,cluster_3
cell_22,22.5408,5.7077,cluster_3
cell_220,8.2287,7.1418,cluster_5
cell_2200,8.8378,4.8065,cluster_1
cell_2201,7.3016,8.5789,cluster_5
cell_2202,7.9146,8.1836,cluster_5
cell_2203,18.9691,10.3116,cluster_2
cell_2204,19.0761,9.9842,cluster_2
cell_2205,9.0672,4.1521,cluster_1
cell_2206,9.1999,3.5236,cluster_1
cell_2207,19.1221,7.0010,cluster_2
cell_2208,18.5533,6.7682,cluster_3
cell_2209,7.4442,5.7791,cluster_5
cell_221,18.7303,5.3657,cluster_3
cell_2210,18.4177,8.4806,cluster_3
cell_2211,19.3620,7.8601,cluster_2
cell_2212,18.6766,4.6199,cluster_3
cell_2213,8.8528,4.1908,cluster_1
cell_2214,7.6696,5.7417,cluster_1
cell_2215,9.2276,2.3330,cluster_1
cell_2216,6.5004,9.5973,cluster_6
cell_2217,18.8587,8.6479,cluster_2
cell_2218,11.2977,4.5723,cluster_7
cell_2219,7.9292,3.7179,cluster_1
cell_222,6.8787,9.6812,cluster_5
cell_2220,7.5131,4.4100,cluster_1
cell_2221,18.7646,10.1004,cluster_2
cell_2222,18.0854,7.2195,cluster_3
cell_2223,17.5680,6.5285,cluster_3
cell_2224,5.9001,8.5360,cluster_6
cell_2225,19.9935,6.3259,cluster_2
cell_2226,4.8953,6.7259,cluster_4
cell_2227,18.1807,9.7884,cluster_2
cell_2228,21.4586,5.3498,cluster_3
cell_2229,8.0063,3.0129,cluster_1
cell_223,20.3421,6.7892,cluster_2
cell_2230,11.1931,5.1547,cluster_7
cell_2231,18.8309,6.7705,cluster_2
cell_2232,4.8919,6.5485,cluster_4
cell_2233,9.6102,2.7735,cluster_1
cell_2234,8.3455,5.5651,cluster_4
cell_2235,19.0412,10.4929,cluster_2
cell_2236,20.2202,7.7059,cluster_3
cell_2237,19.1472,5.6473,cluster_2
cell_2238,9.6137,2.5293,cluster_1
cell_2239,21.5505,10.2431,cluster_2
cell_224,20.8093,6.7707,cluster_2
cell_2240,5.8760,9.1948,cluster_6
cell_2241,19.9364,7.9567,cluster_3
cell_2242,20.5055,5.4417,cluster_3
cell_2243,9.5609,3.4646,cluster_1
cell_2244,3.8325,4.2745,cluster_4
cell_2245,8.3027,3.3206,cluster_1
cell_2246,4.9068,9.5264,cluster_6
cell_2247,8.2519,3.8157,cluster_1
cell_2248,8.2798,7.4430,cluster_5
cell_2249,19.4753,7.3661,cluster_3
cell_225,8.4447,9.1839,cluster_5
cell_2250,5.5656,9.5100,cluster_6
cell_2251,22.0716,7.9412,cluster_2
cell_2252,19.5442,10.5585,cluster_2
cell_2253,20.2950,8.3576,cluster_2
cell_2254,8.8548,4.3350,cluster_1
cell_2255,7.5634,3.1937,cluster_1
cell_2256,18.2118,6.5638,cluster_4
cell_2257,4.9412,9.8638,cluster_6
cell_2258,8.3724,6.5137,cluster_3
cell_2259,19.3209,6.2832,cluster_2
cell_226,16.9127,6.7744,cluster_1
cell_2260,8.2361,3.6211,cluster_1
cell_2261,9.5261,3.2220,cluster_1
cell_2262,5.5285,8.8930,cluster_6
cell_2263,21.0844,6.2695,cluster_3
cell_2264,5.1248,9.0772,cluster_6
cell_2265,20.7364,9.7428,cluster_2
cell_2266,10.2286,4.2883,cluster_7
cell_2267,20.2069,7.4091,cluster_2
cell_2268,21.5906,7.0379,cluster_2
cell_2269,8.6470,3.8293,cluster_1
cell_227,5.5671,8.9116,cluster_6
cell_2270,19.9455,4.7698,cluster_3
cell_2271,11.0629,4.8326,cluster_7
cell_2272,7.0612,9.3078,cluster_5
cell_2273,21.5408,4.9986,cluster_3
cell_2274,21.3020,8.6604,cluster_3
cell_2275,18.8619,6.1882,cluster_3
cell_2276,8.0373,3.9993,cluster_1
cell_2277,9.0306,2.5458,cluster_1
cell_2278,21.0182,9.8244,cluster_2
cell_2279,8.7861,1.5684,cluster_1
cell_228,8.9182,3.6172,cluster_1
cell_2280,9.1382,2.0532,cluster_1
cell_2281,6.5483,6.3279,cluster_4
cell_2282,20.7491,9.5523,cluster_2
cell_2283,17.9738,7.4542,cluster_3
cell_2284,18.5811,9.1385,cluster_2
cell_2285,19.7284,6.6453,cluster_2
cell_2286,20.1093,6.7351,cluster_2
cell_2287,19.8544,6.2761,cluster_2
cell_2288,7.8319,5.3119,cluster_1
cell_2289,20.8089,7.6021,cluster_2
cell_229,18.3146,6.0026,cluster_3
cell_2290,8.9005,1.4863,cluster_1
cell_2291,8.7731,2.5972,cluster_1
cell_2292,8.3537,7.6565,cluster_5
cell_2293,4.7345,5.5453,cluster_4
cell_2294,5.0504,9.9411,cluster_6
cell_2295,17.5185,6.7030,cluster_3
cell_2296,6.2784,5.5826,cluster_4
cell_2297,7.3457,8.7329,cluster_5
cell_2298,22.8425,8.0447,cluster_2
cell_2299,6.4236,8.6675,cluster_5
cell_23,4.6455,5.2034,cluster_4
cell_230,6.1444,5.0409,cluster_4
cell_2300,16.6303,7.0575,cluster_1
cell_2301,19.8729,6.5281,cluster_3
cell_2302,4.0135,3.8875,cluster_4
cell_2303,4.7691,9.1601,cluster_6
cell_2304,19.1756,8.5592,cluster_2
cell_2305,6.1457,9.0472,cluster_6
cell_2306,18.6448,9.8903,cluster_2
cell_2307,19.8408,9.8797,cluster_2
cell_2308,21.4136,5.6882,cluster_3
cell_2309,4.1535,6.5380,cluster_4
cell_231,9.1674,8.6245,cluster_5
cell_2310,5.1456,4.3076,cluster_4
cell_2311,9.9504,3.0240,cluster_1
cell_2312,7.3395,5.3092,cluster_4
cell_2313,18.9663,6.4801,cluster_2
cell_2314,5.1690,9.7505,cluster_6
cell_2315,23.0374,7.3587,cluster_2
cell_2316,18.8344,5.0221,cluster_3
cell_2317,21.7401,7.4310,cluster_2
cell_2318,18.9303,8.8267,cluster_2
cell_2319,5.0499,4.5581,cluster_4
cell_232,8.8052,2.5528,cluster_1
cell_2320,22.5786,7.2144,cluster_3
cell_2321,22.0657,5.2315,cluster_3
cell_2322,21.5778,9.5600,cluster_2
cell_2323,4.9297,9.6037,cluster_6
cell_2324,17.9686,8.5549,cluster_2
cell_2325,22.0991,8.1238,cluster_3
cell_2326,5.8810,8.4204,cluster_6
cell_2327,20.0049,9.6861,cluster_2
cell_2328,17.5132,7.4887,cluster_3
cell_2329,22.7058,6.4304,cluster_3
cell_233,8.3330,2.2037,cluster_1
cell_2330,8.9431,9.4005,cluster_5
cell_2331,22.3469,9.1016,cluster_3
cell_2332,19.6981,4.7928,cluster_3
cell_2333,17.2592,7.0745,cluster_2
cell_2334,8.7696,4.0486,cluster_1
cell_2335,21.8251,9.5064,cluster_2
cell_2336,4.7542,5.1419,cluster_4
cell_2337,8.8229,8.1421,cluster_5
cell_2338,20.5383,6.0307,cluster_3
cell_2339,7.1774,6.9819,cluster_6
cell_234,5.3822,5.5464,cluster_4
cell_2340,4.9495,6.7091,cluster_4
cell_2341,20.4728,8.8953,cluster_2
cell_2342,17.8148,6.1498,cluster_3
cell_2343,20.1950,8.3902,cluster_2
cell_2344,7.6256,7.0278,cluster_5
cell_2345,19.6930,8.8339,cluster_2
cell_2346,18.3879,8.2368,cluster_2
cell_2347,21.2547,6.2462,cluster_3
cell_2348,8.4298,8.3585,cluster_5
cell_2349,3.9066,4.6003,cluster_4
cell_235,7.5183,9.1160,cluster_5
cell_2350,18.7891,6.2623,cluster_2
cell_2351,20.6358,7.1403,cluster_2
cell_2352,19.5467,9.1372,cluster_2
cell_2353,4.5488,4.6899,cluster_4
cell_2354,19.3944,5.8312,cluster_2
cell_2355,19.5897,10.7299,cluster_2
cell_2356,6.1341,8.2269,cluster_6
cell_2357,6.1152,9.9642,cluster_6
cell_2358,20.3744,8.6374,cluster_2
cell_2359,8.6043,8.3469,cluster_5
cell_236,8.8376,4.1042,cluster_1
cell_2360,18.8152,10.1875,cluster_2
cell_2361,19.8080,6.2581,cluster_3
cell_2362,21.0129,8.7241,cluster_2
cell_2363,6.8284,9.0978,cluster_6
cell_2364,5.3828,9.2073,cluster_6
cell_2365,19.1265,9.8534,cluster_2
cell_2366,4.1675,4.5490,cluster_4
cell_2367,7.1737,5.1806,cluster_4
cell_2368,5.5135,8.8512,cluster_6
cell_2369,7.1692,8.7149,cluster_5
cell_237,7.6676,8.1318,cluster_5
cell_2370,4.7502,4.3858,cluster_4
cell_2371,18.6494,7.9552,cluster_2
cell_2372,18.4687,5.7228,cluster_3
cell_2373,10.0255,3.7137,cluster_1
cell_2374,7.0787,5.8803,cluster_4
cell_2375,8.0558,2.5465,cluster_1
cell_2376,19.2786,5.7048,cluster_3
cell_2377,5.9938,5.4472,cluster_4
cell_2378,19.7183,6.0586,cluster_2
cell_2379,8.9214,3.5577,cluster_1
cell_238,9.1177,8.4804,cluster_5
cell_2380,8.4729,9.1042,cluster_5
cell_2381,8.9300,3.2854,cluster_1
cell_2382,4.7533,5.0357,cluster_4
cell_2383,17.3176,7.6424,cluster_2
cell_2384,6.1379,9.9238,cluster_6
cell_2385,20.3205,5.7246,cluster_3
cell_2386,20.4464,5.3991,cluster_3
cell_2387,9.5821,2.5111,cluster_1
cell_2388,8.0175,6.7679,cluster_5
cell_2389,20.2238,8.6425,cluster_2
cell_239,16.9939,6.4595,cluster_1
cell_2390,8.5005,6.9957,cluster_5
cell_2391,5.4074,5.1325,cluster_4
cell_2392,5.3131,5.9742,cluster_4
cell_2393,19.8179,8.2982,cluster_2
cell_2394,8.1303,4.0243,cluster_1
cell_2395,8.9223,2.7295,cluster_1
cell_2396,6.6084,9.7531,cluster_6
cell_2397,9.4797,3.5287,cluster_1
cell_2398,22.3333,9.1016,cluster_3
cell_2399,7.6519,8.2412,cluster_5
cell_24,22.3699,9.1434,cluster_2
cell_240,9.0814,3.7024,cluster_1
cell_2400,8.9074,5.6993,cluster_3
cell_2401,21.9907,6.3323,cluster_3
cell_2402,18.0991,6.9881,cluster_3
cell_2403,19.0732,6.9755,cluster_2
cell_2404,9.2682,3.0229,cluster_1
cell_2405,4.5755,4.7604,cluster_4
cell_2406,4.6477,5.1043,cluster_4
cell_2407,7.8296,8.2587,cluster_5
cell_2408,21.3619,6.7591,cluster_3
cell_2409,22.7122,6.1160,cluster_3
cell_241,8.6453,9.3713,cluster_5
cell_2410,7.3860,3.5634,cluster_1
cell_2411,9.1719,3.0031,cluster_1
cell_2412,5.0454,9.8144,cluster_6
cell_2413,8.9097,2.2184,cluster_1
cell_2414,6.3981,7.9550,cluster_6
cell_2415,19.7814,6.6430,cluster_2
cell_2416,7.6720,3.4580,cluster_1
cell_2417,9.1047,2.3737,cluster_1
cell_2418,9.2290,2.4253,cluster_1
cell_2419,9.0254,1.8568,cluster_1
cell_242,21.1003,5.9758,cluster_3
cell_2420,5.1478,5.9092,cluster_4
cell_2421,20.0838,8.0344,cluster_2
cell_2422,6.7601,8.2116,cluster_6
cell_2423,19.2303,6.5737,cluster_3
cell_2424,18.1244,7.4355,cluster_2
cell_2425,9.3460,8.3848,cluster_5
cell_2426,22.3259,7.4762,cluster_2
cell_2427,21.3202,4.7095,cluster_3
cell_2428,8.9095,5.3531,cluster_3
cell_2429,9.1818,8.7554,cluster_5
cell_243,8.6295,4.6834,cluster_1
cell_2430,19.5108,6.1460,cluster_2
cell_2431,19.7946,9.3755,cluster_2
cell_2432,5.6723,8.9944,cluster_6
cell_2433,4.9227,9.5304,cluster_6
cell_2434,22.2580,7.5252,cluster_3
cell_2435,19.1815,7.1999,cluster_2
cell_2436,7.5402,5.5719,cluster_1
cell_2437,21.3498,5.2179,cluster_3
cell_2438,18.9703,7.4906,cluster_2
cell_2439,19.2310,5.5511,cluster_3
cell_244,6.8404,6.1705,cluster_3
cell_2440,21.1923,9.3179,cluster_2
cell_2441,8.1778,9.7251,cluster_5
cell_2442,8.1515,2.6498,cluster_1
cell_2443,18.0525,6.6943,cluster_3
cell_2444,6.3168,5.8713,cluster_4
cell_2445,5.6689,9.9445,cluster_6
cell_2446,8.5264,1.9865,cluster_1
cell_2447,8.1097,7.9368,cluster_5
cell_2448,9.1116,2.5013,cluster_1
cell_2449,19.1381,4.9756,cluster_3
cell_245,7.8934,7.8893,cluster_5
cell_2450,8.8929,6.8551,cluster_5
cell_2451,7.4408,8.5404,cluster_5
cell_2452,20.7208,4.8561,cluster_3
cell_2453,5.8361,5.7171,cluster_4
cell_2454,7.9983,5.2769,cluster_1
cell_2455,22.0631,4.8353,cluster_3
cell_2456,18.2723,6.6036,cluster_2
cell_2457,8.3289,9.2606,cluster_5
cell_2458,9.3043,2.7699,cluster_1
cell_2459,18.7321,5.0565,cluster_3
cell_246,17.6906,6.7840,cluster_3
cell_2460,8.2794,8.3064,cluster_5
cell_2461,6.0732,9.3979,cluster_6
cell_2462,7.3509,9.7199,cluster_5
cell_2463,16.6919,7.6374,cluster_2
cell_2464,8.0723,9.9096,cluster_5
cell_2465,8.8025,3.3356,cluster_1
cell_2466,19.9990,6.1796,cluster_3
cell_2467,19.8122,5.8058,cluster_3
cell_2468,21.6146,9.1767,cluster_2
cell_2469,22.4477,5.7449,cluster_3
cell_247,7.7986,3.8818,cluster_1
cell_2470,4.9599,4.6978,cluster_4
cell_2471,18.6712,6.2024,cluster_2
cell_2472,10.9798,5.0947,cluster_7
cell_2473,18.1335,5.7925,cluster_3
cell_2474,6.3062,5.7919,cluster_4
cell_2475,5.4710,5.7300,cluster_4
cell_2476,6.7631,8.3908,cluster_5
cell_2477,20.1329,8.5119,cluster_2
cell_2478,5.5732,6.1842,cluster_4
cell_2479,19.6279,7.6536,cluster_2
cell_248,8.0851,9.2368,cluster_5
cell_2480,9.4457,2.0104,cluster_1
cell_2481,19.1750,4.7032,cluster_3
cell_2482,10.8036,4.3759,cluster_7
cell_2483,7.1874,6.0392,cluster_1
cell_2484,20.1134,8.3231,cluster_2
cell_2485,19.8295,5.1548,cluster_3
cell_2486,8.5297,8.4666,cluster_5
cell_2487,4.0961,6.7782,cluster_4
cell_2488,21.0364,5.4155,cluster_3
cell_2489,22.8947,6.2014,cluster_3
cell_249,9.3621,4.4045,cluster_1
cell_2490,7.9576,8.3723,cluster_5
cell_2491,19.8111,4.6330,cluster_3
cell_2492,9.0252,2.3002,cluster_1
cell_2493,4.9981,4.3311,cluster_4
cell_2494,5.1870,5.1571,cluster_4
cell_2495,4.4953,5.6334,cluster_4
cell_2496,8.7701,4.8815,cluster_1
cell_2497,18.1811,8.8107,cluster_3
cell_2498,4.1341,4.9510,cluster_4
cell_2499,19.5446,6.4294,cluster_2
cell_25,22.3562,8.4298,cluster_2
cell_250,20.5741,9.6024,cluster_2
cell_2500,18.3834,5.7626,cluster_3
cell_2501,8.0444,9.9065,cluster_5
cell_2502,5.4956,5.8055,cluster_4
cell_2503,22.8305,7.8837,cluster_3
cell_2504,19.5209,7.2285,cluster_2
cell_2505,20.2092,5.5591,cluster_3
cell_2506,4.9143,9.1510,cluster_6
cell_2507,20.8532,8.2492,cluster_3
cell_2508,21.5151,9.6059,cluster_2
cell_2509,18.8192,7.3211,cluster_3
cell_251,6.3053,9.3866,cluster_6
cell_2510,22.6854,7.4805,cluster_3
cell_2511,7.2960,3.4289,cluster_1
cell_2512,6.3890,6.1706,cluster_4
cell_2513,18.7286,7.0829,cluster_2
cell_2514,8.4258,6.4912,cluster_1
cell_2515,9.6562,4.1689,cluster_1
cell_2516,19.8789,7.4988,cluster_2
cell_2517,6.1950,6.3764,cluster_4
cell_2518,20.4078,5.3551,cluster_3
cell_2519,8.0482,4.5814,cluster_1
cell_252,17.7711,8.9786,cluster_2
cell_2520,20.9579,7.9848,cluster_3
cell_2521,7.9857,7.7907,cluster_5
cell_2522,19.5504,5.6123,cluster_3
cell_2523,19.3641,6.7383,cluster_2
cell_2524,8.2684,7.4723,cluster_5
cell_2525,7.1899,9.5333,cluster_6
cell_2526,8.4471,4.1815,cluster_1
cell_2527,7.9983,4.9749,cluster_1
cell_2528,19.2889,9.7970,cluster_2
cell_2529,5.1219,5.6895,cluster_4
cell_253,20.4300,6.2735,cluster_2
cell_2530,19.7267,8.0320,cluster_2
cell_2531,7.4594,6.0438,cluster_4
cell_2532,8.6687,3.6216,cluster_1
cell_2533,5.6111,9.9465,cluster_6
cell_2534,22.2385,8.4011,cluster_3
cell_2535,21.6492,7.5692,cluster_3
cell_2536,8.3575,8.5141,cluster_5
cell_2537,20.0442,5.4951,cluster_3
cell_2538,6.8260,7.0880,cluster_6
cell_2539,22.1766,7.7098,cluster_3
cell_254,5.9622,6.9690,cluster_4
cell_2540,5.0886,4.7085,cluster_4
cell_2541,7.7377,3.1411,cluster_1
cell_2542,5.7111,9.8808,cluster_6
cell_2543,20.3241,6.5908,cluster_3
cell_2544,18.5302,9.8989,cluster_2
cell_2545,9.0408,1.8457,cluster_1
cell_2546,7.4597,3.5830,cluster_1
cell_2547,17.6291,9.6179,cluster_2
cell_2548,17.6142,6.4855,cluster_3
cell_2549,9.2779,8.8245,cluster_5
cell_255,8.2564,9.4695,cluster_5
cell_2550,19.2320,5.9880,cluster_2
cell_2551,8.7743,3.2957,cluster_1
cell_2552,5.7505,9.6198,cluster_6
cell_2553,16.7890,7.9888,cluster_3
cell_2554,5.7279,9.6595,cluster_6
cell_2555,20.7905,4.8689,cluster_3
cell_2556,22.0638,5.0813,cluster_3
cell_2557,4.3747,4.8740,cluster_4
cell_2558,8.6787,1.5092,cluster_1
cell_2559,22.9417,7.3194,cluster_2
cell_256,8.9207,7.9828,cluster_5
cell_2560,4.5533,6.3776,cluster_4
cell_2561,9.3798,3.1129,cluster_1
cell_2562,21.3984,7.2148,cluster_3
cell_2563,21.1144,8.6631,cluster_2
cell_2564,7.4015,3.7963,cluster_1
cell_2565,6.8497,8.3509,cluster_5
cell_2566,18.8696,6.0835,cluster_2
cell_2567,6.9366,7.7308,cluster_5
cell_2568,8.3465,3.6059,cluster_1
cell_2569,7.6972,3.2281,cluster_1
cell_257,21.7681,7.4996,cluster_3
cell_2570,7.6336,8.5192,cluster_5
cell_2571,18.5703,10.1157,cluster_2
cell_2572,20.9822,5.0298,cluster_3
cell_2573,18.6157,5.1717,cluster_3
cell_2574,22.1556,8.1911,cluster_2
cell_2575,19.5348,5.4845,cluster_3
cell_2576,20.6802,8.9273,cluster_3
cell_2577,17.0512,6.8000,cluster_2
cell_2578,19.8583,9.8877,cluster_2
cell_2579,21.2515,6.2780,cluster_3
cell_258,21.6907,5.8477,cluster_3
cell_2580,4.2726,5.3586,cluster_4
cell_2581,19.9595,8.4574,cluster_2
cell_2582,8.9089,1.4793,cluster_1
cell_2583,10.4843,4.2775,cluster_7
cell_2584,20.4982,5.9699,cluster_3
cell_2585,19.8121,8.7419,cluster_3
cell_2586,7.5244,7.2898,cluster_5
cell_2587,23.1467,7.9996,cluster_2
cell_2588,9.2585,2.1543,cluster_1
cell_2589,22.2176,4.8509,cluster_3
cell_259,7.6173,9.5242,cluster_5
cell_2590,7.2254,3.6458,cluster_1
cell_2591,20.2293,5.9916,cluster_3
cell_2592,18.1944,9.2864,cluster_2
cell_2593,22.0675,5.2478,cluster_3
cell_2594,20.6130,8.4041,cluster_2
cell_2595,19.0980,6.3756,cluster_3
cell_2596,7.9730,3.7468,cluster_1
cell_2597,21.4747,6.4276,cluster_3
cell_2598,16.5890,7.3126,cluster_3
cell_2599,8.6526,2.0469,cluster_1
cell_26,22.5438,7.4574,cluster_3
cell_260,18.2615,10.0246,cluster_2
cell_2600,8.4540,8.8277,cluster_5
cell_2601,18.8926,6.1656,cluster_3
cell_2602,16.9974,7.9091,cluster_3
cell_2603,17.8267,6.2860,cluster_3
cell_2604,22.8182,6.9228,cluster_2
cell_2605,20.0373,8.0128,cluster_2
cell_2606,5.9878,6.1904,cluster_4
cell_2607,9.1566,5.0095,cluster_1
cell_2608,17.6360,6.8639,cluster_3
cell_2609,6.0428,8.4328,cluster_6
cell_261,21.0573,4.9600,cluster_3
cell_2610,18.4568,5.4839,cluster_2
cell_2611,22.2741,6.0961,cluster_3
cell_2612,4.7997,6.2471,cluster_4
cell_2613,5.5186,9.5087,cluster_6
cell_2614,18.1590,7.6352,cluster_2
cell_2615,8.2937,8.2956,cluster_5
cell_2616,9.3767,2.5069,cluster_1
cell_2617,7.8137,2.9632,cluster_1
cell_2618,9.0699,2.1030,cluster_1
cell_2619,5.2235,6.4314,cluster_4
cell_262,5.7789,6.0494,cluster_4
cell_2620,18.8634,4.6806,cluster_3
cell_2621,6.4680,9.4421,cluster_5
cell_2622,20.4314,9.2940,cluster_2
cell_2623,17.9833,6.7337,cluster_3
cell_2624,22.8830,7.6299,cluster_2
cell_2625,4.8322,5.8644,cluster_4
cell_2626,20.1893,7.4820,cluster_3
cell_2627,8.4269,5.3891,cluster_1
cell_2628,17.3111,8.0703,cluster_3
cell_2629,21.1466,7.4082,cluster_2
cell_263,8.0189,9.3994,cluster_5
cell_2630,4.7623,5.7536,cluster_4
cell_2631,5.0965,7.0006,cluster_4
cell_2632,21.1117,6.8133,cluster_3
cell_2633,19.3856,10.0398,cluster_2
cell_2634,19.2054,9.5325,cluster_2
cell_2635,18.4579,8.0827,cluster_2
cell_2636,11.3193,4.8514,cluster_7
cell_2637,17.3376,8.4920,cluster_3
cell_2638,10.7968,4.8925,cluster_7
cell_2639,3.9825,5.8746,cluster_4
cell_264,5.1376,6.3500,cluster_4
cell_2640,22.4446,9.2940,cluster_2
cell_2641,20.7052,8.3505,cluster_2
cell_2642,7.8963,2.9483,cluster_1
cell_2643,19.0137,4.9495,cluster_3
cell_2644,10.1734,5.3028,cluster_7
cell_2645,19.7345,7.4192,cluster_2
cell_2646,9.0684,3.2178,cluster_1
cell_2647,11.2377,5.0639,cluster_7
cell_2648,19.6781,9.9506,cluster_2
cell_2649,4.6688,4.7796,cluster_4
cell_265,5.9136,5.2866,cluster_4
cell_2650,11.2636,5.0631,cluster_7
cell_2651,21.7406,7.8278,cluster_2
cell_2652,21.1253,4.9636,cluster_3
cell_2653,20.7458,6.4913,cluster_3
cell_2654,20.7758,5.9795,cluster_3
cell_2655,19.5720,5.4819,cluster_2
cell_2656,5.1122,6.6480,cluster_4
cell_2657,4.7908,5.8612,cluster_4
cell_2658,7.6426,3.5908,cluster_1
cell_2659,18.3686,7.1633,cluster_2
cell_266,7.5982,3.1258,cluster_1
cell_2660,18.8492,4.7144,cluster_3
cell_2661,18.7332,5.1334,cluster_3
cell_2662,18.9735,4.7190,cluster_3
cell_2663,8.7005,3.5042,cluster_1
cell_2664,22.4798,8.5135,cluster_3
cell_2665,21.9017,5.7532,cluster_3
cell_2666,7.5988,3.8236,cluster_1
cell_2667,22.0887,8.5427,cluster_3
cell_2668,20.9291,10.2233,cluster_3
cell_2669,19.8845,8.1473,cluster_2
cell_267,7.3260,3.9590,cluster_1
cell_2670,5.2275,4.1329,cluster_4
cell_2671,19.4487,10.4856,cluster_2
cell_2672,8.2099,7.7466,cluster_5
cell_2673,8.7424,7.7208,cluster_5
cell_2674,18.1686,5.9146,cluster_3
cell_2675,19.6772,6.7927,cluster_3
cell_2676,21.9786,6.0343,cluster_3
cell_2677,5.1233,9.7313,cluster_6
cell_2678,3.9665,4.8269,cluster_4
cell_2679,8.1270,4.4218,cluster_1
cell_268,21.4932,5.9744,cluster_3
cell_2680,22.0310,8.0835,cluster_2
cell_2681,20.6100,6.6583,cluster_2
cell_2682,18.8530,8.5787,cluster_2
cell_2683,18.1536,7.1582,cluster_3
cell_2684,20.2557,8.7206,cluster_2
cell_2685,20.1176,6.1723,cluster_3
cell_2686,5.0853,4.1900,cluster_4
cell_2687,19.4228,4.8712,cluster_3
cell_2688,16.9750,6.5198,cluster_1
cell_2689,6.4886,6.3897,cluster_1
cell_269,7.0889,7.1305,cluster_5
cell_2690,19.3014,5.0161,cluster_3
cell_2691,4.7467,5.5992,cluster_4
cell_2692,21.6494,8.9229,cluster_2
cell_2693,5.9735,5.6417,cluster_4
cell_2694,19.2142,8.0658,cluster_2
cell_2695,19.9950,4.5899,cluster_3
cell_2696,19.6985,8.7115,cluster_3
cell_2697,20.7996,7.0065,cluster_2
cell_2698,19.7336,8.5678,cluster_2
cell_2699,18.8175,6.0683,cluster_3
cell_27,22.4449,8.2349,cluster_3
cell_270,4.3591,4.4605,cluster_4
cell_2700,5.8452,4.7508,cluster_4
cell_2701,18.2812,7.4008,cluster_2
cell_2702,10.1794,5.1762,cluster_7
cell_2703,4.3643,5.1890,cluster_4
cell_2704,8.8161,9.1033,cluster_5
cell_2705,19.6332,9.4162,cluster_2
cell_2706,19.1538,6.3766,cluster_3
cell_2707,18.0944,5.3071,cluster_3
cell_2708,22.1190,6.5743,cluster_3
cell_2709,7.7296,3.6754,cluster_1
cell_271,7.0089,5.7325,cluster_1
cell_2710,6.0880,8.2478,cluster_6
cell_2711,21.4069,9.1459,cluster_2
cell_2712,18.9587,6.4810,cluster_2
cell_2713,22.1770,5.8758,cluster_3
cell_2714,7.1593,8.2350,cluster_5
cell_2715,21.7689,7.3229,cluster_3
cell_2716,7.8262,2.9313,cluster_1
cell_2717,23.1339,7.8481,cluster_2
cell_2718,22.8174,6.8247,cluster_2
cell_2719,5.0930,5.5655,cluster_4
cell_272,7.2034,8.9540,cluster_5
cell_2720,18.7171,5.8319,cluster_3
cell_2721,16.4763,7.1871,cluster_1
cell_2722,7.9719,9.0552,cluster_5
cell_2723,9.1523,5.5037,cluster_7
cell_2724,21.4022,8.9262,cluster_2
cell_2725,22.3398,6.7283,cluster_3
cell_2726,4.6503,5.8829,cluster_4
cell_2727,4.1159,4.2130,cluster_4
cell_2728,20.3454,10.4601,cluster_2
cell_2729,9.5961,3.6695,cluster_1
cell_273,20.3062,8.7944,cluster_2
cell_2730,22.0607,7.8080,cluster_1
cell_2731,21.7296,10.2543,cluster_2
cell_2732,8.1737,4.1087,cluster_1
cell_2733,20.2053,10.1415,cluster_2
cell_2734,20.4356,8.1210,cluster_3
cell_2735,8.7770,2.8700,cluster_1
cell_2736,21.9068,7.0825,cluster_3
cell_2737,7.9834,9.2041,cluster_5
cell_2738,20.2888,7.9065,cluster_3
cell_2739,9.1483,5.2254,cluster_1
cell_274,8.0069,9.7876,cluster_5
cell_2740,20.3100,8.9402,cluster_2
cell_2741,6.7591,6.6455,cluster_4
cell_2742,5.2810,8.9476,cluster_6
cell_2743,18.1304,6.7902,cluster_3
cell_2744,7.9513,4.2223,cluster_1
cell_2745,9.6377,5.4181,cluster_7
cell_2746,4.3845,6.1886,cluster_4
cell_2747,8.1167,4.1121,cluster_1
cell_2748,19.0741,5.7206,cluster_3
cell_2749,7.7712,8.9782,cluster_5
cell_275,9.2593,2.8641,cluster_1
cell_2750,8.5106,4.4978,cluster_1
cell_2751,7.4208,9.7376,cluster_5
cell_2752,18.7173,6.7774,cluster_3
cell_2753,21.3517,9.7479,cluster_2
cell_2754,21.2076,7.4675,cluster_3
cell_2755,7.0034,9.5366,cluster_5
cell_2756,19.3595,6.0576,cluster_2
cell_2757,18.0802,6.6291,cluster_3
cell_2758,4.3730,6.6523,cluster_4
cell_2759,19.1872,6.9202,cluster_2
cell_276,5.0305,5.6794,cluster_4
cell_2760,7.9937,2.5751,cluster_1
cell_2761,5.7392,8.5886,cluster_6
cell_2762,22.1721,5.7492,cluster_3
cell_2763,22.5298,5.1404,cluster_3
cell_2764,19.2307,6.3741,cluster_3
cell_2765,8.4131,2.9429,cluster_1
cell_2766,22.8155,8.0549,cluster_2
cell_2767,18.6224,6.7175,cluster_3
cell_2768,21.2114,10.2004,cluster_2
cell_2769,21.7994,9.4282,cluster_2
cell_277,9.9726,4.7398,cluster_7
cell_2770,18.6580,5.6299,cluster_2
cell_2771,20.3356,6.5262,cluster_3
cell_2772,20.5392,6.0123,cluster_3
cell_2773,22.7666,8.8885,cluster_3
cell_2774,21.6156,10.2495,cluster_2
cell_2775,5.7907,8.5094,cluster_6
cell_2776,21.8506,8.5820,cluster_2
cell_2777,18.4883,5.3229,cluster_3
cell_2778,18.2057,5.6109,cluster_3
cell_2779,22.5006,8.3412,cluster_3
cell_278,20.3061,6.1938,cluster_3
cell_2780,9.4146,4.1976,cluster_1
cell_2781,18.9845,5.8004,cluster_2
cell_2782,18.2847,6.5646,cluster_3
cell_2783,21.9789,7.8482,cluster_2
cell_2784,21.8590,9.5885,cluster_2
cell_2785,7.8810,2.9041,cluster_1
cell_2786,8.3998,5.9756,cluster_1
cell_2787,5.5497,9.2132,cluster_6
cell_2788,6.7601,7.0014,cluster_6
cell_2789,11.2727,4.9109,cluster_7
cell_279,21.7617,10.0878,cluster_2
cell_2790,17.6130,6.1763,cluster_3
cell_2791,6.9155,9.0623,cluster_5
cell_2792,4.7566,7.2593,cluster_4
cell_2793,19.5256,6.2275,cluster_3
cell_2794,5.2690,7.0005,cluster_4
cell_2795,21.4769,8.1171,cluster_2
cell_2796,4.6040,4.6482,cluster_4
cell_2797,19.9132,8.5912,cluster_3
cell_2798,6.6522,7.9706,cluster_4
cell_2799,10.7414,4.1554,cluster_7
cell_28,21.0434,8.7768,cluster_3
cell_280,5.8658,5.0577,cluster_4
cell_2800,22.9456,7.6604,cluster_3
cell_2801,20.8977,9.7878,cluster_2
cell_2802,7.6270,2.9521,cluster_1
cell_2803,19.6284,5.8423,cluster_3
cell_2804,20.1317,7.1871,cluster_2
cell_2805,19.8971,5.0592,cluster_3
cell_2806,22.3826,5.2177,cluster_3
cell_2807,5.1657,9.4232,cluster_6
cell_2808,18.8658,6.6692,cluster_2
cell_2809,8.0824,8.1460,cluster_5
cell_281,16.7333,6.9174,cluster_1
cell_2810,18.0552,9.9503,cluster_2
cell_2811,19.4037,7.0542,cluster_2
cell_2812,9.3671,9.0348,cluster_5
cell_2813,4.9373,6.3735,cluster_4
cell_2814,9.8984,4.6567,cluster_7
cell_2815,19.4537,7.1071,cluster_3
cell_2816,16.3166,7.1804,cluster_1
cell_2817,6.6103,6.2519,cluster_1
cell_2818,17.8915,8.5568,cluster_2
cell_2819,10.9190,5.1191,cluster_7
cell_282,19.3943,10.7140,cluster_3
cell_2820,21.1766,10.2173,cluster_2
cell_2821,19.5121,7.3046,cluster_3
cell_2822,19.3223,8.0118,cluster_2
cell_2823,8.1633,2.7169,cluster_1
cell_2824,9.3462,4.2909,cluster_1
cell_2825,3.9176,3.9861,cluster_4
cell_2826,8.5371,1.8110,cluster_1
cell_2827,21.9174,6.4263,cluster_3
cell_2828,8.7850,9.4917,cluster_5
cell_2829,18.9982,6.3868,cluster_2
cell_283,20.7966,8.2204,cluster_2
cell_2830,21.4164,7.6053,cluster_2
cell_2831,19.3000,7.5760,cluster_2
cell_2832,22.4309,9.6310,cluster_2
cell_2833,8.3005,2.7484,cluster_1
cell_2834,8.8184,3.0019,cluster_1
cell_2835,7.5622,5.0423,cluster_4
cell_2836,19.6112,10.5029,cluster_2
cell_2837,20.6846,7.4856,cluster_3
cell_2838,7.6030,3.5529,cluster_4
cell_2839,4.7266,5.3404,cluster_4
cell_284,19.5969,6.9071,cluster_3
cell_2840,20.1532,10.1782,cluster_2
cell_2841,20.6378,10.2503,cluster_3
cell_2842,20.1624,5.7742,cluster_1
cell_2843,6.1255,5.2913,cluster_4
cell_2844,19.2320,5.7177,cluster_3
cell_2845,7.5518,5.9375,cluster_4
cell_2846,17.5389,8.8830,cluster_3
cell_2847,6.8964,8.3162,cluster_5
cell_2848,5.8555,8.3882,cluster_5
cell_2849,6.6696,7.2472,cluster_5
cell_285,10.5465,4.9752,cluster_7
cell_2850,19.7657,8.6743,cluster_2
cell_2851,9.3313,3.7955,cluster_1
cell_2852,4.8469,4.8436,cluster_4
cell_2853,20.8378,9.3759,cluster_3
cell_2854,19.2714,4.7539,cluster_3
cell_2855,8.3843,3.1951,cluster_1
cell_2856,4.7716,9.7384,cluster_6
cell_2857,19.6624,9.2042,cluster_2
cell_2858,9.0485,4.8004,cluster_1
cell_2859,18.6109,4.8834,cluster_3
cell_286,3.7039,4.1631,cluster_4
cell_2860,6.2971,4.9110,cluster_4
cell_2861,21.3384,7.4693,cluster_2
cell_2862,20.0959,6.3585,cluster_2
cell_2863,8.1479,8.2485,cluster_5
cell_2864,5.2737,4.8240,cluster_4
cell_2865,20.5956,8.5017,cluster_3
cell_2866,7.4048,4.2343,cluster_1
cell_2867,19.1734,5.1974,cluster_3
cell_2868,7.3896,4.3451,cluster_1
cell_2869,22.8189,8.7567,cluster_3
cell_287,22.8946,9.0571,cluster_3
cell_2870,6.0766,5.8767,cluster_4
cell_2871,20.6537,4.7880,cluster_3
cell_2872,21.8987,8.3048,cluster_3
cell_2873,6.2940,5.0554,cluster_4
cell_2874,10.0619,3.2972,cluster_1
cell_2875,20.4140,6.9446,cluster_2
cell_2876,19.0052,8.4883,cluster_2
cell_2877,8.6396,8.7081,cluster_5
cell_2878,22.3726,8.3999,cluster_2
cell_2879,8.1889,9.7593,cluster_5
cell_288,5.6732,6.5496,cluster_4
cell_2880,22.0787,6.9630,cluster_3
cell_2881,22.6557,7.2103,cluster_3
cell_2882,20.7224,8.2150,cluster_2
cell_2883,8.0483,7.6541,cluster_5
cell_2884,18.4703,4.8530,cluster_3
cell_2885,18.8597,5.2691,cluster_3
cell_2886,11.3148,4.9193,cluster_7
cell_2887,7.5058,9.4492,cluster_5
cell_2888,7.1244,7.8984,cluster_5
cell_2889,7.0795,7.1853,cluster_5
cell_289,5.8303,5.6359,cluster_4
cell_2890,4.7070,5.1755,cluster_4
cell_2891,21.1890,8.2861,cluster_3
cell_2892,5.8678,5.2206,cluster_4
cell_2893,21.9879,9.2163,cluster_2
cell_2894,5.4382,9.4406,cluster_6
cell_2895,4.2845,5.4871,cluster_4
cell_2896,5.0959,5.8135,cluster_4
cell_2897,5.1996,5.7338,cluster_4
cell_2898,17.8189,8.5863,cluster_3
cell_2899,8.6501,2.8506,cluster_1
cell_29,21.8218,6.0346,cluster_3
cell_290,19.0287,5.8972,cluster_3
cell_2900,20.4710,8.3697,cluster_2
cell_2901,18.5798,5.1605,cluster_3
cell_2902,8.1742,8.7986,cluster_5
cell_2903,5.5065,4.4564,cluster_4
cell_2904,20.3935,6.0400,cluster_2
cell_2905,20.1427,7.2230,cluster_2
cell_2906,8.3528,9.5349,cluster_5
cell_2907,9.0276,4.6720,cluster_1
cell_2908,4.3476,7.0359,cluster_4
cell_2909,22.0853,7.9573,cluster_2
cell_291,6.4541,5.3831,cluster_4
cell_2910,19.3225,7.4757,cluster_3
cell_2911,5.1869,4.9337,cluster_4
cell_2912,21.0371,8.8545,cluster_2
cell_2913,4.2281,4.8977,cluster_4
cell_2914,6.2249,5.9223,cluster_4
cell_2915,8.3140,5.8232,cluster_1
cell_2916,7.3326,8.3838,cluster_5
cell_2917,23.1490,7.6651,cluster_3
cell_2918,18.3564,5.7395,cluster_3
cell_2919,22.1686,5.8142,cluster_3
cell_292,5.5547,9.2749,cluster_6
cell_2920,6.9109,5.6717,cluster_2
cell_2921,17.5865,8.3817,cluster_3
cell_2922,6.9319,9.5069,cluster_5
cell_2923,4.8210,5.0242,cluster_4
cell_2924,6.8381,9.5249,cluster_5
cell_2925,19.8267,6.6254,cluster_3
cell_2926,19.3373,6.5941,cluster_2
cell_2927,18.6317,5.9664,cluster_2
cell_2928,18.4180,5.4650,cluster_3
cell_2929,8.9013,8.7874,cluster_5
cell_293,16.5725,8.8273,cluster_1
cell_2930,22.4720,5.5214,cluster_3
cell_2931,18.0904,9.3150,cluster_2
cell_2932,7.3184,8.4464,cluster_5
cell_2933,8.4314,3.3830,cluster_1
cell_2934,20.6048,7.7328,cluster_2
cell_2935,6.0813,5.6394,cluster_1
cell_2936,18.8602,7.1448,cluster_2
cell_2937,20.3022,7.0309,cluster_2
cell_2938,22.8038,6.6411,cluster_3
cell_2939,5.3795,4.8639,cluster_4
cell_294,8.9847,9.1886,cluster_5
cell_2940,8.4508,4.5991,cluster_1
cell_2941,17.2278,6.6599,cluster_3
cell_2942,6.4062,4.9984,cluster_4
cell_2943,7.7064,8.9560,cluster_5
cell_2944,19.7919,4.6991,cluster_3
cell_2945,8.5108,4.5854,cluster_1
cell_2946,8.3408,2.0989,cluster_1
cell_2947,9.1507,1.4304,cluster_1
cell_2948,5.3819,9.8678,cluster_6
cell_2949,5.4755,9.9401,cluster_6
cell_295,20.8797,8.3310,cluster_2
cell_2950,5.1927,4.7816,cluster_4
cell_2951,8.0973,8.6284,cluster_5
cell_2952,7.4271,6.9337,cluster_5
cell_2953,6.8770,6.1762,cluster_2
cell_2954,22.3911,7.2241,cluster_3
cell_2955,7.7075,6.5999,cluster_5
cell_2956,6.4588,6.2126,cluster_4
cell_2957,18.6356,6.9827,cluster_2
cell_2958,19.1080,5.8961,cluster_2
cell_2959,9.4357,4.9678,cluster_5
cell_296,22.0753,6.9274,cluster_3
cell_2960,19.9126,8.1530,cluster_2
cell_2961,7.1845,8.1413,cluster_5
cell_2962,8.1161,9.4064,cluster_5
cell_2963,8.5151,8.8017,cluster_5
cell_2964,7.7748,3.6833,cluster_1
cell_2965,16.3417,7.6445,cluster_3
cell_2966,22.4692,8.1531,cluster_3
cell_2967,20.7447,9.7333,cluster_2
cell_2968,4.3704,5.2321,cluster_4
cell_2969,7.6148,8.4378,cluster_5
cell_297,19.6913,8.7758,cluster_3
cell_2970,4.7421,4.5646,cluster_4
cell_2971,17.1859,7.5216,cluster_1
cell_2972,8.1133,2.6562,cluster_1
cell_2973,4.9964,5.3673,cluster_4
cell_2974,22.1696,7.2117,cluster_3
cell_2975,7.6684,2.1655,cluster_1
cell_2976,8.6967,9.1829,cluster_5
cell_2977,21.0312,7.7987,cluster_3
cell_2978,20.2724,4.5906,cluster_3
cell_2979,20.3394,7.6808,cluster_3
cell_298,9.4407,2.0130,cluster_1
cell_2980,19.6086,4.8893,cluster_3
cell_2981,3.9427,4.7690,cluster_4
cell_2982,19.7130,7.6979,cluster_2
cell_2983,21.2463,5.9233,cluster_3
cell_2984,8.2171,8.6385,cluster_5
cell_2985,16.5928,7.9626,cluster_1
cell_2986,7.4790,8.9998,cluster_5
cell_2987,7.7627,9.3103,cluster_5
cell_2988,20.3463,6.6871,cluster_3
cell_2989,19.9814,9.8200,cluster_2
cell_299,17.1194,7.4965,cluster_4
cell_2990,22.3997,9.1968,cluster_2
cell_2991,8.6600,8.3872,cluster_5
cell_2992,7.5897,4.3695,cluster_2
cell_2993,21.9998,7.3888,cluster_2
cell_2994,8.2700,4.3269,cluster_1
cell_2995,18.9681,4.6560,cluster_3
cell_2996,21.6082,9.9911,cluster_2
cell_2997,20.5095,6.0951,cluster_3
cell_2998,5.0342,5.1635,cluster_4
cell_2999,19.8022,6.1255,cluster_3
cell_3,21.2108,8.6165,cluster_2
cell_30,22.1468,8.4189,cluster_2
cell_300,20.9852,6.5272,cluster_2
cell_3000,21.0722,5.0963,cluster_3
cell_3001,22.5945,9.4069,cluster_3
cell_3002,18.9267,5.9551,cluster_3
cell_3003,5.6338,5.4418,cluster_4
cell_3004,20.2674,4.9582,cluster_3
cell_3005,8.0087,9.7329,cluster_5
cell_3006,20.5934,9.7284,cluster_2
cell_3007,7.3289,4.6185,cluster_1
cell_3008,21.8246,9.4986,cluster_2
cell_3009,9.2922,4.6993,cluster_1
cell_301,7.9584,9.0352,cluster_5
cell_3010,19.2070,9.7457,cluster_2
cell_3011,8.2523,9.1324,cluster_5
cell_3012,6.7918,7.8559,cluster_5
cell_3013,22.5410,6.8664,cluster_3
cell_3014,9.0704,3.5515,cluster_5
cell_3015,7.5290,8.7861,cluster_5
cell_3016,9.7863,5.0476,cluster_7
cell_3017,8.9316,9.6421,cluster_5
cell_3018,5.5347,6.3489,cluster_4
cell_3019,22.6111,5.2935,cluster_3
cell_302,4.8918,6.7150,cluster_4
cell_3020,22.6554,6.1704,cluster_3
cell_3021,20.7628,7.6728,cluster_3
cell_3022,8.0078,8.1187,cluster_5
cell_3023,21.5613,9.0761,cluster_2
cell_3024,18.3807,8.4362,cluster_1
cell_3025,6.4114,5.9396,cluster_4
cell_3026,20.4076,9.7026,cluster_2
cell_3027,5.1189,9.7694,cluster_6
cell_3028,5.3232,9.6683,cluster_6
cell_3029,20.6177,10.5010,cluster_2
cell_303,5.5811,4.6608,cluster_4
cell_3030,4.9507,9.3402,cluster_6
cell_3031,5.3433,5.4032,cluster_4
cell_3032,20.4029,7.7199,cluster_2
cell_3033,20.3162,8.5370,cluster_2
cell_3034,22.0083,6.8306,cluster_3
cell_3035,5.1610,5.9016,cluster_4
cell_3036,6.7974,9.0995,cluster_6
cell_3037,19.7230,6.7904,cluster_2
cell_3038,17.1822,7.9123,cluster_1
cell_3039,5.3111,6.6466,cluster_4
cell_304,20.5406,7.4431,cluster_2
cell_3040,21.7947,6.2849,cluster_3
cell_3041,8.4701,3.4940,cluster_1
cell_3042,22.8017,8.6835,cluster_2
cell_3043,19.5157,8.3850,cluster_2
cell_3044,19.2301,5.3629,cluster_3
cell_3045,5.4634,8.5021,cluster_6
cell_3046,5.4564,9.9122,cluster_6
cell_3047,21.3862,4.7219,cluster_3
cell_3048,9.0235,8.7453,cluster_5
cell_3049,21.4333,7.9802,cluster_2
cell_305,5.0321,6.0670,cluster_4
cell_3050,8.2964,2.0022,cluster_1
cell_3051,5.1309,5.2867,cluster_4
cell_3052,7.9760,3.6780,cluster_1
cell_3053,22.9442,5.4308,cluster_3
cell_3054,9.3733,3.1807,cluster_1
cell_3055,8.8106,7.5564,cluster_5
cell_3056,18.1090,9.8838,cluster_2
cell_3057,17.8775,6.9282,cluster_3
cell_3058,4.9476,9.4293,cluster_6
cell_3059,21.3415,8.7003,cluster_2
cell_306,22.0556,5.1913,cluster_3
cell_3060,8.2722,8.3289,cluster_5
cell_3061,8.1781,9.0745,cluster_5
cell_3062,6.4185,9.2793,cluster_6
cell_3063,9.2101,8.4945,cluster_5
cell_3064,7.2210,9.2457,cluster_5
cell_3065,7.3389,7.7812,cluster_4
cell_3066,20.4342,10.6977,cluster_2
cell_3067,6.9946,5.9431,cluster_4
cell_3068,19.0867,6.0258,cluster_3
cell_3069,8.5774,7.5525,cluster_5
cell_307,9.0474,4.6115,cluster_1
cell_3070,21.9675,5.7443,cluster_3
cell_3071,18.9144,6.7401,cluster_3
cell_3072,19.1234,8.3234,cluster_2
cell_3073,5.4774,10.0330,cluster_6
cell_3074,7.3031,8.6854,cluster_5
cell_3075,19.7933,8.4410,cluster_2
cell_3076,5.4362,4.6854,cluster_4
cell_3077,17.1111,6.2387,cluster_3
cell_3078,8.4595,8.3343,cluster_5
cell_3079,7.3931,6.9753,cluster_5
cell_308,19.3339,6.7357,cluster_2
cell_3080,17.6541,7.6842,cluster_3
cell_3081,7.9406,8.6460,cluster_5
cell_3082,21.0465,8.5142,cluster_2
cell_3083,8.2400,8.7731,cluster_5
cell_3084,7.7973,2.6142,cluster_1
cell_3085,8.0799,8.6957,cluster_5
cell_3086,7.7437,8.4082,cluster_5
cell_3087,5.2408,9.8157,cluster_6
cell_3088,22.7343,6.5906,cluster_2
cell_3089,5.3021,8.6951,cluster_6
cell_309,8.3529,8.2810,cluster_5
cell_3090,4.8085,7.1535,cluster_4
cell_3091,20.6803,4.9276,cluster_3
cell_3092,20.1758,6.2436,cluster_2
cell_3093,18.3169,7.1662,cluster_3
cell_3094,17.9970,8.0889,cluster_2
cell_3095,5.8165,5.5051,cluster_4
cell_3096,21.4607,5.6371,cluster_3
cell_3097,4.9871,7.0531,cluster_4
cell_3098,7.7417,2.8002,cluster_1
cell_3099,6.9078,8.0008,cluster_5
cell_31,21.2689,6.8118,cluster_3
cell_310,18.4848,6.3625,cluster_3
cell_3100,10.1251,3.5856,cluster_7
cell_3101,19.0447,5.2983,cluster_3
cell_3102,18.3466,7.8496,cluster_2
cell_3103,20.5938,4.9387,cluster_3
cell_3104,8.0478,9.3503,cluster_5
cell_3105,7.5683,8.6251,cluster_5
cell_3106,5.2578,4.7678,cluster_4
cell_3107,5.0867,4.5764,cluster_4
cell_3108,8.8310,9.0508,cluster_5
cell_3109,7.7067,6.1195,cluster_1
cell_311,22.3469,8.1542,cluster_2
cell_3110,6.4028,5.6786,cluster_4
cell_3111,21.9519,8.2935,cluster_2
cell_3112,6.4921,9.2821,cluster_6
cell_3113,5.2511,4.3089,cluster_4
cell_3114,5.8575,6.5056,cluster_4
cell_3115,8.7712,1.3914,cluster_1
cell_3116,20.7611,6.2536,cluster_3
cell_3117,5.2438,5.1929,cluster_4
cell_3118,22.4273,7.5312,cluster_2
cell_3119,8.2538,3.1014,cluster_1
cell_312,7.8975,9.3726,cluster_5
cell_3120,8.7815,7.8291,cluster_5
cell_3121,19.6475,4.8816,cluster_3
cell_3122,23.1449,8.1715,cluster_3
cell_3123,22.9681,8.4261,cluster_2
cell_3124,20.7671,9.3381,cluster_2
cell_3125,18.7797,4.7534,cluster_3
cell_3126,3.9739,6.2426,cluster_4
cell_3127,19.2388,4.9600,cluster_3
cell_3128,19.2339,5.0654,cluster_3
cell_3129,20.8553,5.1056,cluster_3
cell_313,22.4908,8.9375,cluster_3
cell_3130,20.7789,10.6082,cluster_2
cell_3131,19.4216,6.0857,cluster_2
cell_3132,8.2828,8.3526,cluster_5
cell_3133,4.1443,6.4735,cluster_4
cell_3134,7.7432,9.9516,cluster_5
cell_3135,7.1083,9.3887,cluster_5
cell_3136,16.8645,6.9889,cluster_5
cell_3137,8.8051,8.6997,cluster_5
cell_3138,22.5268,6.5418,cluster_3
cell_3139,19.9709,6.1073,cluster_3
cell_314,21.3855,6.8650,cluster_3
cell_3140,8.2403,3.5830,cluster_1
cell_3141,5.2771,5.3547,cluster_4
cell_3142,18.8941,5.9542,cluster_3
cell_3143,20.7210,6.3977,cluster_3
cell_3144,7.8805,2.8612,cluster_1
cell_3145,5.0389,10.0124,cluster_6
cell_3146,7.3212,7.6947,cluster_5
cell_3147,8.5032,4.6579,cluster_1
cell_3148,8.0804,2.2615,cluster_1
cell_3149,20.7477,4.8716,cluster_3
cell_315,10.2670,4.0918,cluster_7
cell_3150,7.6020,7.4504,cluster_5
cell_3151,5.7342,9.1562,cluster_6
cell_3152,7.3820,5.1457,cluster_3
cell_3153,20.4967,7.0279,cluster_2
cell_3154,19.1232,9.6531,cluster_2
cell_3155,5.9191,9.3157,cluster_6
cell_3156,18.9603,7.3565,cluster_3
cell_3157,18.5767,6.4638,cluster_3
cell_3158,20.9079,5.4478,cluster_3
cell_3159,18.6226,9.5037,cluster_2
cell_316,5.5729,6.2022,cluster_4
cell_3160,21.6653,6.2126,cluster_3
cell_3161,8.9601,3.1153,cluster_1
cell_3162,11.3301,5.3619,cluster_7
cell_3163,9.3793,2.9501,cluster_1
cell_3164,8.0233,8.5519,cluster_5
cell_3165,7.6302,2.9164,cluster_1
cell_3166,16.6742,7.0562,cluster_1
cell_3167,18.7680,6.9704,cluster_3
cell_3168,18.5895,9.8081,cluster_2
cell_3169,8.4126,3.9849,cluster_1
cell_317,21.7005,9.1506,cluster_2
cell_3170,21.8214,7.1432,cluster_3
cell_3171,18.0301,8.3045,cluster_3
cell_3172,17.5980,7.0224,cluster_3
cell_3173,9.1654,3.7391,cluster_1
cell_3174,6.9535,6.0794,cluster_6
cell_3175,19.4669,7.7723,cluster_2
cell_3176,5.5548,5.5984,cluster_4
cell_3177,20.0193,6.8777,cluster_3
cell_3178,18.5652,8.9661,cluster_3
cell_3179,20.4840,8.5718,cluster_2
cell_318,21.8913,5.9531,cluster_3
cell_3180,18.8046,7.6709,cluster_3
cell_3181,5.0730,4.3570,cluster_4
cell_3182,5.3704,8.6668,cluster_6
cell_3183,22.4664,9.4215,cluster_2
cell_3184,20.0558,7.3928,cluster_2
cell_3185,8.1715,3.6857,cluster_1
cell_3186,4.7005,5.1522,cluster_4
cell_3187,16.9129,6.1753,cluster_3
cell_3188,21.8654,6.4476,cluster_3
cell_3189,16.9598,6.4148,cluster_3
cell_319,4.3457,4.0011,cluster_4
cell_3190,19.0745,6.1541,cluster_3
cell_3191,8.3200,8.1338,cluster_5
cell_3192,19.8174,7.6799,cluster_2
cell_3193,4.8768,4.6198,cluster_4
cell_3194,7.1090,6.3909,cluster_3
cell_3195,22.2169,8.3703,cluster_2
cell_3196,4.6755,6.4198,cluster_4
cell_3197,6.6725,8.7461,cluster_5
cell_3198,8.0626,5.8388,cluster_4
cell_3199,22.3401,6.6282,cluster_3
cell_32,22.4928,7.6903,cluster_3
cell_320,22.3880,9.2187,cluster_2
cell_3200,20.2983,5.8370,cluster_3
cell_3201,20.7242,5.5103,cluster_3
cell_3202,10.9186,5.0951,cluster_7
cell_3203,20.7654,6.8473,cluster_3
cell_3204,21.4756,7.9237,cluster_2
cell_3205,8.9085,9.1013,cluster_5
cell_3206,8.5164,2.5049,cluster_1
cell_3207,5.4394,9.7446,cluster_6
cell_3208,5.0903,9.1558,cluster_6
cell_3209,20.1201,5.1376,cluster_3
cell_321,4.0603,5.0133,cluster_4
cell_3210,8.3442,1.9695,cluster_1
cell_3211,4.9473,9.7099,cluster_6
cell_3212,4.5564,4.4796,cluster_4
cell_3213,17.4777,6.7813,cluster_3
cell_3214,17.6008,7.6152,cluster_3
cell_3215,22.6897,8.3026,cluster_2
cell_3216,4.1036,5.6190,cluster_4
cell_3217,19.2111,8.6338,cluster_2
cell_3218,8.2589,7.9169,cluster_5
cell_3219,21.3261,8.3453,cluster_2
cell_322,4.4170,6.0694,cluster_4
cell_3220,18.8398,10.3447,cluster_2
cell_3221,6.8356,8.8310,cluster_5
cell_3222,20.3202,9.8804,cluster_2
cell_3223,5.4422,8.7752,cluster_6
cell_3224,4.2647,5.1278,cluster_4
cell_3225,18.1902,6.5284,cluster_3
cell_3226,6.1594,9.6982,cluster_6
cell_3227,8.9720,1.4251,cluster_1
cell_3228,7.3665,9.4638,cluster_5
cell_3229,18.8052,5.1127,cluster_3
cell_323,8.0179,4.3544,cluster_1
cell_3230,22.3740,8.1806,cluster_3
cell_3231,9.5751,4.5014,cluster_1
cell_3232,19.9453,7.6943,cluster_2
cell_3233,8.3826,2.8731,cluster_1
cell_3234,7.0366,8.5934,cluster_5
cell_3235,5.3751,10.0860,cluster_6
cell_3236,20.2608,9.2865,cluster_2
cell_3237,20.1446,8.8665,cluster_2
cell_3238,18.4946,6.6621,cluster_3
cell_3239,8.0947,4.3351,cluster_1
cell_324,4.0111,4.5665,cluster_4
cell_3240,7.3209,8.2776,cluster_5
cell_3241,22.0653,6.8726,cluster_3
cell_3242,20.0047,5.6504,cluster_2
cell_3243,5.8438,5.7939,cluster_4
cell_3244,20.3622,5.3006,cluster_3
cell_3245,5.3102,4.8953,cluster_4
cell_3246,7.2618,7.8471,cluster_5
cell_3247,8.6771,8.9183,cluster_5
cell_3248,19.9212,8.7691,cluster_2
cell_3249,22.7274,7.3859,cluster_2
cell_325,8.3209,7.9091,cluster_4
cell_3250,8.7517,8.8442,cluster_5
cell_3251,20.8798,6.9599,cluster_2
cell_3252,18.9220,8.3708,cluster_2
cell_3253,11.3874,4.9224,cluster_7
cell_3254,8.3137,8.8196,cluster_5
cell_3255,10.8708,4.3835,cluster_7
cell_3256,21.9391,7.9997,cluster_2
cell_3257,17.2796,6.9876,cluster_3
cell_3258,6.8956,8.8668,cluster_5
cell_3259,6.4659,6.0685,cluster_4
cell_326,9.0012,8.1144,cluster_5
cell_3260,5.0083,9.4267,cluster_6
cell_3261,5.4548,9.9618,cluster_6
cell_3262,8.5802,7.7215,cluster_5
cell_3263,19.6289,6.8849,cluster_2
cell_3264,21.5357,7.0927,cluster_3
cell_3265,8.2610,8.8370,cluster_5
cell_3266,4.3988,6.9583,cluster_4
cell_3267,8.5384,7.3826,cluster_5
cell_3268,21.8809,7.0447,cluster_3
cell_3269,9.1905,3.0898,cluster_1
cell_327,19.0185,8.6537,cluster_2
cell_3270,6.0303,5.3093,cluster_4
cell_3271,9.4802,2.2756,cluster_1
cell_3272,7.4384,3.7984,cluster_1
cell_3273,22.1017,9.8808,cluster_2
cell_3274,9.7413,2.5358,cluster_1
cell_3275,22.0895,7.1682,cluster_3
cell_3276,10.2229,4.3767,cluster_1
cell_3277,7.6493,8.5614,cluster_5
cell_3278,5.2013,9.2065,cluster_6
cell_3279,18.7906,6.0499,cluster_2
cell_328,20.4205,7.6229,cluster_2
cell_3280,21.5174,4.9259,cluster_3
cell_3281,9.5115,2.5847,cluster_1
cell_3282,20.5916,8.8262,cluster_2
cell_3283,21.9824,8.4460,cluster_2
cell_3284,19.0039,10.5445,cluster_2
cell_3285,22.2117,8.0453,cluster_2
cell_3286,19.3851,7.8387,cluster_3
cell_3287,21.0126,4.6683,cluster_3
cell_3288,9.0006,1.3663,cluster_1
cell_3289,4.5059,5.7895,cluster_4
cell_329,7.6688,3.8891,cluster_1
cell_3290,22.4809,6.8589,cluster_3
cell_3291,8.7302,8.3092,cluster_5
cell_3292,21.5124,7.1914,cluster_3
cell_3293,21.1255,5.4667,cluster_3
cell_3294,19.2522,8.4271,cluster_2
cell_3295,11.0392,5.2734,cluster_7
cell_3296,16.2998,7.0998,cluster_3
cell_3297,21.8301,9.8012,cluster_2
cell_3298,22.3137,8.0903,cluster_3
cell_3299,20.6281,5.6299,cluster_3
cell_33,8.1393,2.3199,cluster_1
cell_330,16.6322,7.7666,cluster_5
cell_3300,7.4811,8.1531,cluster_5
cell_3301,22.3877,7.2799,cluster_3
cell_3302,5.2805,5.4448,cluster_4
cell_3303,19.3231,7.7723,cluster_2
cell_3304,8.2692,3.5650,cluster_1
cell_3305,10.1734,4.3782,cluster_7
cell_3306,8.6910,5.1529,cluster_1
cell_3307,18.2268,6.3290,cluster_3
cell_3308,22.6231,5.2691,cluster_3
cell_3309,8.6891,1.6633,cluster_1
cell_331,19.6960,8.1879,cluster_3
cell_3310,9.3608,1.6994,cluster_1
cell_3311,5.2105,9.5653,cluster_6
cell_3312,7.4549,4.3389,cluster_1
cell_3313,21.7651,5.3425,cluster_3
cell_3314,7.6025,3.4358,cluster_1
cell_3315,9.2556,2.5009,cluster_1
cell_3316,21.4177,4.8065,cluster_3
cell_3317,19.1504,9.1557,cluster_2
cell_3318,8.0321,7.5485,cluster_5
cell_3319,21.1773,5.9228,cluster_3
cell_332,5.0061,6.5978,cluster_4
cell_3320,7.3838,3.4660,cluster_1
cell_3321,4.1435,5.9093,cluster_4
cell_3322,9.3144,2.0516,cluster_1
cell_3323,20.3973,6.8708,cluster_3
cell_3324,18.3453,9.4721,cluster_2
cell_3325,22.7821,8.2375,cluster_2
cell_3326,21.7746,7.7472,cluster_2
cell_3327,7.6451,3.1258,cluster_1
cell_3328,6.0388,4.5590,cluster_1
cell_3329,8.9796,8.9629,cluster_5
cell_333,20.6231,6.4150,cluster_2
cell_3330,20.3304,9.4018,cluster_3
cell_3331,8.8455,2.8278,cluster_1
cell_3332,8.0461,8.8882,cluster_5
cell_3333,9.2057,3.2371,cluster_1
cell_3334,18.6537,10.2580,cluster_2
cell_3335,5.5633,9.4010,cluster_6
cell_3336,20.2747,9.2188,cluster_2
cell_3337,22.6339,8.7190,cluster_2
cell_3338,18.9070,5.9072,cluster_3
cell_3339,23.0182,6.6822,cluster_3
cell_334,21.1782,6.9688,cluster_3
cell_3340,5.2286,4.7722,cluster_4
cell_3341,4.2979,4.4967,cluster_4
cell_3342,8.7875,1.8906,cluster_1
cell_3343,19.1388,6.9447,cluster_2
cell_3344,5.4087,6.0755,cluster_4
cell_3345,19.9975,6.6262,cluster_3
cell_3346,5.8087,9.0603,cluster_6
cell_3347,20.0000,8.6102,cluster_2
cell_3348,7.8674,6.4451,cluster_5
cell_3349,7.3879,9.6812,cluster_5
cell_335,6.8337,6.7114,cluster_4
cell_3350,8.1116,9.0610,cluster_5
cell_3351,20.4728,5.2320,cluster_3
cell_3352,9.1322,2.4405,cluster_1
cell_3353,19.8251,10.3800,cluster_2
cell_3354,16.6580,6.9366,cluster_3
cell_3355,3.7747,4.0986,cluster_4
cell_3356,21.2240,7.6522,cluster_2
cell_3357,7.9830,5.0265,cluster_4
cell_3358,21.3757,5.1652,cluster_3
cell_3359,8.3232,7.4848,cluster_3
cell_336,5.0190,6.3920,cluster_4
cell_3360,6.0687,8.1164,cluster_6
cell_3361,21.6354,5.5668,cluster_3
cell_3362,17.0973,8.7786,cluster_4
cell_3363,7.7991,8.8465,cluster_5
cell_3364,21.9299,8.5025,cluster_2
cell_3365,18.5309,6.3971,cluster_3
cell_3366,19.7250,10.1610,cluster_2
cell_3367,16.6415,6.3880,cluster_3
cell_3368,19.3582,9.1588,cluster_2
cell_3369,19.7517,8.2561,cluster_3
cell_337,5.3434,5.0014,cluster_4
cell_3370,9.4610,4.7337,cluster_1
cell_3371,6.4374,5.4533,cluster_4
cell_3372,20.5720,9.2038,cluster_2
cell_3373,20.7470,6.6540,cluster_2
cell_3374,7.6206,7.4464,cluster_5
cell_3375,8.0882,2.9585,cluster_1
cell_3376,8.8502,9.3041,cluster_5
cell_3377,4.2823,4.8229,cluster_4
cell_3378,20.6573,6.4580,cluster_2
cell_3379,20.6041,7.1897,cluster_2
cell_338,4.7492,5.8137,cluster_4
cell_3380,5.1765,6.2450,cluster_4
cell_3381,5.3786,4.8611,cluster_4
cell_3382,17.9762,8.2315,cluster_2
cell_3383,22.6294,5.4033,cluster_3
cell_3384,21.7605,8.5126,cluster_2
cell_3385,20.4326,7.8248,cluster_3
cell_3386,8.7169,2.3551,cluster_1
cell_3387,6.7924,7.2803,cluster_6
cell_3388,8.0358,2.1794,cluster_1
cell_3389,20.9864,5.9833,cluster_3
cell_339,17.0013,7.7299,cluster_3
cell_3390,7.9948,2.9429,cluster_1
cell_3391,9.7440,4.1017,cluster_1
cell_3392,9.0764,4.4196,cluster_1
cell_3393,22.5064,9.7460,cluster_2
cell_3394,21.4220,9.3635,cluster_2
cell_3395,8.9808,4.7211,cluster_1
cell_3396,3.8753,3.9401,cluster_4
cell_3397,5.2776,4.6930,cluster_4
cell_3398,18.4434,9.2439,cluster_2
cell_3399,22.3249,8.7657,cluster_2
cell_34,7.7374,6.9085,cluster_5
cell_340,22.1226,8.6694,cluster_3
cell_3400,19.6066,7.0848,cluster_2
cell_3401,4.2698,4.8125,cluster_4
cell_3402,21.2140,5.9094,cluster_3
cell_3403,22.8903,6.3396,cluster_3
cell_3404,21.0852,7.7028,cluster_3
cell_3405,18.0157,6.8209,cluster_3
cell_3406,22.6917,5.5943,cluster_3
cell_3407,20.3470,5.7378,cluster_3
cell_3408,21.3158,7.1479,cluster_3
cell_3409,7.8781,3.7638,cluster_1
cell_341,21.0887,9.7558,cluster_2
cell_3410,5.8860,5.5298,cluster_4
cell_3411,21.6036,7.8864,cluster_2
cell_3412,11.1565,5.3497,cluster_7
cell_3413,8.8302,8.6214,cluster_5
cell_3414,19.5764,7.5089,cluster_2
cell_3415,22.8196,7.4450,cluster_2
cell_3416,20.0862,8.9996,cluster_2
cell_3417,21.8526,7.7614,cluster_2
cell_3418,20.0776,9.8391,cluster_2
cell_3419,21.5907,7.5000,cluster_3
cell_342,19.1754,7.6233,cluster_2
cell_3420,19.6298,8.4564,cluster_2
cell_3421,7.9222,7.5222,cluster_5
cell_3422,20.6367,6.4834,cluster_3
cell_3423,20.8519,5.9894,cluster_3
cell_3424,21.8231,5.1436,cluster_3
cell_3425,19.5911,6.9633,cluster_2
cell_3426,18.7874,7.1150,cluster_3
cell_3427,4.5137,6.9798,cluster_4
cell_3428,20.6276,6.9035,cluster_2
cell_3429,4.7061,5.5476,cluster_4
cell_343,8.1203,4.0222,cluster_1
cell_3430,8.9305,8.2712,cluster_5
cell_3431,18.3233,6.8625,cluster_4
cell_3432,4.0368,4.1229,cluster_4
cell_3433,21.2308,7.8346,cluster_3
cell_3434,20.8768,8.5387,cluster_2
cell_3435,20.5736,5.8797,cluster_3
cell_3436,19.3694,7.1909,cluster_2
cell_3437,7.4852,6.6882,cluster_5
cell_3438,20.9995,9.0766,cluster_3
cell_3439,7.0358,7.4906,cluster_5
cell_344,20.7816,5.6086,cluster_3
cell_3440,20.5552,10.4114,cluster_2
cell_3441,9.7872,2.8871,cluster_1
cell_3442,10.3532,4.4685,cluster_7
cell_3443,20.9160,5.3904,cluster_3
cell_3444,8.6291,2.9895,cluster_1
cell_3445,21.3188,8.4025,cluster_2
cell_3446,9.1486,2.7134,cluster_1
cell_3447,17.0108,6.3643,cluster_2
cell_3448,17.6865,6.1642,cluster_3
cell_3449,18.3791,6.2176,cluster_3
cell_345,8.3159,9.7184,cluster_5
cell_3450,18.3045,8.9602,cluster_2
cell_3451,19.5662,5.8811,cluster_2
cell_3452,5.5235,9.3199,cluster_6
cell_3453,22.1642,5.0950,cluster_3
cell_3454,19.4881,6.0856,cluster_3
cell_3455,19.0766,7.3377,cluster_3
cell_3456,22.5269,6.2703,cluster_5
cell_3457,3.7598,4.2743,cluster_4
cell_3458,4.4138,7.0556,cluster_4
cell_3459,9.2178,4.1279,cluster_1
cell_346,8.9093,9.1603,cluster_5
cell_3460,8.9508,2.4949,cluster_1
cell_3461,7.4266,7.6527,cluster_5
cell_3462,5.2763,5.6564,cluster_4
cell_3463,7.7556,2.5980,cluster_1
cell_3464,7.5424,3.6834,cluster_1
cell_3465,18.0705,8.2664,cluster_3
cell_3466,19.3708,7.3523,cluster_2
cell_3467,19.6139,9.5400,cluster_2
cell_3468,8.0319,3.7074,cluster_1
cell_3469,20.4224,9.8588,cluster_2
cell_347,17.8686,6.2951,cluster_3
cell_3470,22.3873,5.9087,cluster_3
cell_3471,9.5193,2.6007,cluster_1
cell_3472,8.4241,4.0189,cluster_1
cell_3473,20.2587,9.5842,cluster_2
cell_3474,8.3264,3.3818,cluster_1
cell_3475,20.0612,9.2196,cluster_2
cell_3476,5.6634,9.9629,cluster_6
cell_3477,23.2134,7.1413,cluster_3
cell_3478,3.9163,3.9408,cluster_4
cell_3479,19.8471,5.9776,cluster_2
cell_348,19.8141,6.1914,cluster_2
cell_3480,21.9022,4.9775,cluster_3
cell_3481,19.7844,8.8460,cluster_3
cell_3482,22.2861,8.0313,cluster_3
cell_3483,19.7789,7.1567,cluster_3
cell_3484,23.1039,8.1128,cluster_2
cell_3485,16.8182,6.9338,cluster_3
cell_3486,21.0561,5.2334,cluster_3
cell_3487,19.9542,8.0476,cluster_3
cell_3488,8.9137,5.7196,cluster_4
cell_3489,20.0273,8.3515,cluster_2
cell_349,8.1157,3.0168,cluster_1
cell_3490,19.8855,8.7516,cluster_3
cell_3491,21.7622,8.7083,cluster_3
cell_3492,20.9394,7.4250,cluster_3
cell_3493,6.2908,5.5798,cluster_4
cell_3494,16.2002,8.1376,cluster_2
cell_3495,16.9687,6.7355,cluster_1
cell_3496,21.9333,8.7361,cluster_2
cell_3497,18.6075,9.3272,cluster_2
cell_3498,20.8846,7.1621,cluster_3
cell_3499,8.2212,2.7169,cluster_1
cell_35,8.1302,3.1398,cluster_1
cell_350,20.2857,6.4739,cluster_3
cell_3500,18.9890,10.1139,cluster_2
cell_3501,4.1081,6.5980,cluster_4
cell_3502,22.8664,7.5789,cluster_2
cell_3503,20.4076,8.3171,cluster_3
cell_3504,19.9459,8.9748,cluster_3
cell_3505,20.8262,8.3668,cluster_2
cell_3506,18.8025,7.3159,cluster_2
cell_3507,22.3018,6.7428,cluster_3
cell_3508,8.2945,8.9222,cluster_5
cell_3509,9.9284,5.2112,cluster_7
cell_351,21.2499,7.2733,cluster_2
cell_3510,19.2945,9.2472,cluster_2
cell_3511,6.5594,8.7695,cluster_6
cell_3512,20.6553,7.7743,cluster_2
cell_3513,21.5779,9.1547,cluster_2
cell_3514,8.6318,7.5681,cluster_5
cell_3515,19.2175,9.3004,cluster_2
cell_3516,21.6200,9.0436,cluster_3
cell_3517,4.4825,4.2190,cluster_4
cell_3518,20.3129,5.0600,cluster_3
cell_3519,8.2180,7.5853,cluster_5
cell_352,21.3756,9.5244,cluster_2
cell_3520,20.6605,7.0857,cluster_2
cell_3521,22.1687,5.5887,cluster_2
cell_3522,8.6047,8.3705,cluster_5
cell_3523,22.0494,6.2394,cluster_2
cell_3524,19.0371,9.2657,cluster_2
cell_3525,21.4053,6.1247,cluster_3
cell_3526,6.0057,9.2853,cluster_6
cell_3527,5.8021,9.0379,cluster_6
cell_3528,20.1698,8.0735,cluster_2
cell_3529,19.5797,8.6524,cluster_2
cell_353,20.1580,5.0429,cluster_3
cell_3530,21.7209,5.0754,cluster_3
cell_3531,20.1763,7.5994,cluster_2
cell_3532,3.8129,4.1227,cluster_4
cell_3533,20.0762,8.1342,cluster_2
cell_3534,7.9387,3.1560,cluster_6
cell_3535,20.6759,7.2636,cluster_3
cell_3536,9.2142,3.8505,cluster_1
cell_3537,19.9974,8.9165,cluster_2
cell_3538,23.0842,6.5709,cluster_3
cell_3539,22.0408,8.9220,cluster_2
cell_354,19.1348,8.2930,cluster_2
cell_3540,9.2455,3.2540,cluster_1
cell_3541,19.0545,8.8554,cluster_2
cell_3542,18.5669,8.8831,cluster_2
cell_3543,21.1576,10.7375,cluster_2
cell_3544,8.0905,8.1715,cluster_5
cell_3545,20.1978,8.2324,cluster_2
cell_3546,20.6193,9.1118,cluster_3
cell_3547,7.4305,8.3175,cluster_5
cell_3548,8.0944,2.3736,cluster_1
cell_3549,5.2463,5.7277,cluster_4
cell_355,21.9579,7.6313,cluster_2
cell_3550,19.1944,5.3745,cluster_3
cell_3551,9.1047,9.3067,cluster_5
cell_3552,19.5940,7.1554,cluster_2
cell_3553,6.2562,6.8612,cluster_4
cell_3554,9.2232,8.4501,cluster_5
cell_3555,18.6889,6.8615,cluster_2
cell_3556,20.6606,7.7764,cluster_3
cell_3557,20.5265,10.3703,cluster_2
cell_3558,5.5427,4.4834,cluster_4
cell_3559,19.4401,6.5302,cluster_2
cell_356,21.2362,7.7774,cluster_2
cell_3560,18.2182,7.3574,cluster_3
cell_3561,4.4486,4.2739,cluster_4
cell_3562,6.8498,5.9521,cluster_4
cell_3563,18.9409,8.5969,cluster_2
cell_3564,19.8425,9.6334,cluster_2
cell_3565,21.5959,7.0274,cluster_3
cell_3566,20.7721,9.5715,cluster_2
cell_3567,20.5969,5.7048,cluster_3
cell_3568,19.9136,7.0004,cluster_2
cell_3569,8.1460,9.8061,cluster_5
cell_357,7.5932,6.4173,cluster_5
cell_3570,8.0303,8.1370,cluster_5
cell_3571,7.1545,5.5756,cluster_4
cell_3572,8.5530,9.6202,cluster_4
cell_3573,16.8165,8.8425,cluster_2
cell_3574,21.8864,6.2070,cluster_3
cell_3575,7.5374,4.5305,cluster_1
cell_3576,21.7451,6.2726,cluster_3
cell_3577,21.6296,9.9844,cluster_2
cell_3578,17.3727,7.3548,cluster_3
cell_3579,19.0422,7.6268,cluster_2
cell_358,7.7229,3.4093,cluster_1
cell_3580,20.6010,6.7374,cluster_2
cell_3581,20.6118,6.5907,cluster_3
cell_3582,18.1811,8.4880,cluster_2
cell_3583,19.7535,7.8305,cluster_2
cell_3584,20.6428,8.4189,cluster_3
cell_3585,17.8839,6.3790,cluster_3
cell_3586,22.6614,5.8213,cluster_3
cell_3587,21.8155,8.5465,cluster_2
cell_3588,21.0341,5.6899,cluster_3
cell_3589,19.2624,6.9579,cluster_3
cell_359,5.5062,6.1589,cluster_4
cell_3590,8.8609,5.3870,cluster_1
cell_3591,9.1483,8.3845,cluster_5
cell_3592,21.1054,7.2189,cluster_3
cell_3593,19.3995,6.7922,cluster_3
cell_3594,9.0390,3.3963,cluster_1
cell_3595,19.5464,7.1639,cluster_2
cell_3596,8.1117,9.0138,cluster_5
cell_3597,8.0534,8.4347,cluster_5
cell_3598,20.3569,7.1918,cluster_2
cell_3599,18.5733,7.9299,cluster_2
cell_36,21.6028,6.6837,cluster_3
cell_360,16.8996,7.3821,cluster_1
cell_3600,4.0276,3.8940,cluster_4
cell_3601,8.3705,7.8548,cluster_5
cell_3602,20.2103,7.2367,cluster_2
cell_3603,8.9859,9.0141,cluster_5
cell_3604,19.1704,9.2956,cluster_2
cell_3605,18.1030,7.7685,cluster_2
cell_3606,22.1295,7.0636,cluster_3
cell_3607,21.1455,8.5170,cluster_3
cell_3608,20.5554,8.9600,cluster_2
cell_3609,20.0065,9.1425,cluster_2
cell_361,20.7104,8.3481,cluster_2
cell_3610,20.8460,8.1502,cluster_2
cell_3611,5.2166,4.4582,cluster_4
cell_3612,21.1148,9.0065,cluster_2
cell_3613,22.6017,6.0938,cluster_3
cell_3614,8.5824,2.7416,cluster_1
cell_3615,21.2377,9.3363,cluster_2
cell_3616,20.6433,9.8236,cluster_2
cell_3617,4.4535,6.7615,cluster_4
cell_3618,8.7954,8.0673,cluster_5
cell_3619,22.7157,7.0068,cluster_3
cell_362,18.1341,8.1246,cluster_3
cell_3620,21.8741,6.8337,cluster_3
cell_3621,21.0500,8.4155,cluster_2
cell_3622,19.9125,8.8829,cluster_2
cell_3623,18.8980,8.5280,cluster_2
cell_3624,19.3600,8.3610,cluster_2
cell_3625,17.7374,9.0941,cluster_2
cell_3626,21.3873,5.6277,cluster_3
cell_3627,22.6299,8.2825,cluster_2
cell_3628,8.4510,8.9297,cluster_5
cell_3629,21.1210,5.8073,cluster_3
cell_363,21.9054,6.7415,cluster_3
cell_3630,3.6506,4.1600,cluster_4
cell_3631,4.9596,5.9603,cluster_4
cell_3632,21.9608,7.9676,cluster_3
cell_3633,8.7275,2.6814,cluster_1
cell_3634,20.8102,8.8517,cluster_2
cell_3635,21.6304,6.5940,cluster_3
cell_3636,17.8460,7.0874,cluster_3
cell_3637,21.5101,7.6359,cluster_2
cell_3638,22.5784,6.6000,cluster_3
cell_3639,20.5557,9.2567,cluster_2
cell_364,7.4539,6.9032,cluster_5
cell_3640,21.4385,7.3407,cluster_3
cell_3641,21.1779,6.6647,cluster_3
cell_3642,19.2842,8.6116,cluster_2
cell_3643,6.8273,6.1543,cluster_3
cell_3644,21.1712,8.0548,cluster_2
cell_3645,20.0915,9.6002,cluster_2
cell_3646,19.8398,8.5082,cluster_2
cell_3647,21.8589,7.1741,cluster_3
cell_3648,21.9698,9.4046,cluster_2
cell_3649,22.2455,9.6000,cluster_2
cell_365,19.7718,5.6961,cluster_3
cell_3650,8.5241,7.6608,cluster_5
cell_3651,19.2922,5.9969,cluster_3
cell_3652,19.6633,6.7041,cluster_2
cell_3653,20.3435,6.7452,cluster_3
cell_3654,16.9136,7.8999,cluster_3
cell_3655,9.2417,3.7315,cluster_1
cell_3656,4.4741,4.2089,cluster_4
cell_3657,20.8285,8.2722,cluster_2
cell_3658,20.1648,7.1717,cluster_3
cell_3659,20.2481,9.5640,cluster_2
cell_366,19.3912,6.4336,cluster_2
cell_3660,20.7733,9.3233,cluster_2
cell_3661,21.0074,8.9143,cluster_2
cell_3662,21.2950,5.5625,cluster_3
cell_3663,7.7942,3.1950,cluster_1
cell_3664,7.4757,9.6717,cluster_5
cell_3665,7.7095,3.0318,cluster_1
cell_3666,19.7531,4.6073,cluster_3
cell_3667,8.8879,1.4053,cluster_1
cell_3668,20.3141,5.7613,cluster_3
cell_3669,22.1640,5.7495,cluster_3
cell_367,4.8043,6.6239,cluster_4
cell_3670,8.0564,9.6402,cluster_5
cell_3671,19.9048,7.9756,cluster_2
cell_3672,19.8199,8.8435,cluster_3
cell_3673,22.5830,7.7427,cluster_2
cell_3674,18.6042,5.9030,cluster_2
cell_3675,18.7069,8.8571,cluster_2
cell_3676,18.5738,7.7947,cluster_2
cell_3677,20.1065,6.2297,cluster_2
cell_3678,21.6468,7.9901,cluster_2
cell_3679,22.9508,8.2348,cluster_3
cell_368,18.9710,9.1931,cluster_2
cell_3680,5.0438,5.0390,cluster_4
cell_3681,7.5789,9.8447,cluster_5
cell_3682,21.4386,7.9793,cluster_2
cell_3683,20.2536,5.7918,cluster_3
cell_3684,21.7610,8.0456,cluster_3
cell_3685,22.0434,9.2841,cluster_2
cell_3686,8.8103,7.7150,cluster_5
cell_3687,8.9473,7.1665,cluster_1
cell_3688,19.5364,7.8537,cluster_2
cell_3689,16.8148,6.0757,cluster_3
cell_369,9.4910,2.0031,cluster_1
cell_3690,20.6667,10.2070,cluster_2
cell_3691,19.3997,8.7892,cluster_2
cell_3692,17.6350,9.0192,cluster_2
cell_3693,18.8547,6.5610,cluster_2
cell_3694,21.7309,9.3734,cluster_3
cell_3695,8.0863,7.8098,cluster_5
cell_3696,22.1621,8.5731,cluster_3
cell_3697,8.4244,9.3496,cluster_5
cell_3698,21.7598,7.5328,cluster_2
cell_3699,21.6257,6.0839,cluster_3
cell_37,7.8692,3.4216,cluster_1
cell_370,19.6775,7.4634,cluster_3
cell_3700,22.7065,7.7669,cluster_3
cell_3701,3.8948,4.0985,cluster_4
cell_3702,22.6718,7.9396,cluster_3
cell_3703,22.4982,8.8010,cluster_3
cell_3704,22.4026,7.4981,cluster_3
cell_3705,18.8732,9.5127,cluster_2
cell_3706,8.0284,7.3366,cluster_5
cell_3707,21.8783,7.9151,cluster_2
cell_3708,18.9872,8.1891,cluster_2
cell_3709,21.1934,5.2654,cluster_3
cell_371,21.8681,8.1353,cluster_3
cell_3710,22.4560,7.1865,cluster_3
cell_3711,19.0281,6.5972,cluster_2
cell_3712,22.9123,8.4516,cluster_3
cell_3713,19.0221,7.1263,cluster_2
cell_3714,5.9469,6.5093,cluster_4
cell_3715,17.2372,8.2452,cluster_3
cell_3716,19.3578,7.5578,cluster_3
cell_3717,19.3662,7.3286,cluster_2
cell_3718,8.9282,2.4784,cluster_1
cell_3719,21.2254,8.6177,cluster_2
cell_372,8.8214,9.2494,cluster_5
cell_3720,19.1899,7.9344,cluster_2
cell_3721,20.3868,7.0981,cluster_2
cell_3722,8.2316,6.4086,cluster_5
cell_3723,21.4682,7.5217,cluster_3
cell_3724,20.9853,10.3245,cluster_2
cell_3725,21.6728,5.9777,cluster_3
cell_3726,5.7189,5.2235,cluster_4
cell_3727,20.1773,6.0315,cluster_2
cell_3728,20.2099,5.1534,cluster_3
cell_3729,20.0713,8.3669,cluster_2
cell_373,7.4955,8.2297,cluster_5
cell_3730,18.4855,8.4121,cluster_3
cell_3731,8.5011,7.4294,cluster_5
cell_3732,20.4361,6.2154,cluster_3
cell_3733,6.6215,7.3924,cluster_4
cell_3734,7.3487,5.2669,cluster_1
cell_3735,7.4643,4.0890,cluster_1
cell_3736,17.9982,5.9051,cluster_3
cell_3737,4.1016,5.6250,cluster_4
cell_3738,20.3128,7.9051,cluster_2
cell_3739,9.1945,8.6846,cluster_5
cell_374,17.9669,10.1226,cluster_3
cell_3740,9.1020,3.6885,cluster_1
cell_3741,20.2509,8.7066,cluster_2
cell_3742,6.1407,5.6388,cluster_4
cell_3743,20.8131,10.5229,cluster_2
cell_3744,8.2771,8.6686,cluster_5
cell_3745,22.6085,5.7664,cluster_3
cell_3746,22.4137,6.5211,cluster_3
cell_3747,18.7165,6.4638,cluster_3
cell_3748,21.5376,7.3225,cluster_2
cell_3749,19.6529,6.2938,cluster_2
cell_375,18.6626,6.2428,cluster_3
cell_3750,19.4602,9.8788,cluster_2
cell_3751,21.3274,9.6733,cluster_3
cell_3752,8.8030,5.1215,cluster_1
cell_3753,20.9574,7.0300,cluster_3
cell_3754,18.9566,10.2633,cluster_2
cell_3755,6.9291,5.5460,cluster_4
cell_3756,21.1594,4.7498,cluster_3
cell_3757,22.1140,9.6535,cluster_2
cell_3758,17.6011,8.0076,cluster_1
cell_3759,21.3830,8.6422,cluster_2
cell_376,18.0656,6.0541,cluster_3
cell_3760,18.5278,7.1398,cluster_2
cell_3761,21.1753,5.9437,cluster_2
cell_3762,22.7492,7.6323,cluster_2
cell_3763,19.7084,8.8901,cluster_2
cell_3764,21.4930,9.1582,cluster_2
cell_3765,8.0837,8.7363,cluster_5
cell_3766,21.4323,10.1164,cluster_2
cell_3767,18.8553,8.7219,cluster_2
cell_3768,20.7955,5.9576,cluster_3
cell_3769,8.6737,7.6996,cluster_5
cell_377,21.5478,7.8867,cluster_3
cell_3770,5.6203,5.3797,cluster_4
cell_3771,22.5548,6.1424,cluster_2
cell_3772,21.8786,6.8232,cluster_2
cell_3773,5.1367,5.7180,cluster_4
cell_3774,21.0784,7.6359,cluster_3
cell_3775,22.0477,9.0409,cluster_2
cell_3776,19.3760,9.2540,cluster_2
cell_3777,22.1423,6.7865,cluster_3
cell_3778,10.3928,4.0957,cluster_1
cell_3779,22.0360,5.7746,cluster_3
cell_378,19.5778,6.0529,cluster_2
cell_3780,8.7112,9.0858,cluster_5
cell_3781,20.5007,6.1356,cluster_3
cell_3782,20.0294,10.3985,cluster_3
cell_3783,22.0710,6.6515,cluster_3
cell_3784,20.0493,7.5039,cluster_2
cell_3785,5.0640,4.2683,cluster_4
cell_3786,7.8745,8.9129,cluster_5
cell_3787,20.3289,8.3166,cluster_2
cell_3788,20.5234,8.5926,cluster_2
cell_3789,7.9573,7.0954,cluster_5
cell_379,20.2486,7.2400,cluster_3
cell_3790,3.9996,4.1102,cluster_4
cell_3791,21.1508,6.6966,cluster_2
cell_3792,23.1824,6.1246,cluster_3
cell_3793,22.8272,6.8718,cluster_3
cell_3794,17.6999,6.3456,cluster_3
cell_3795,7.3176,7.4290,cluster_5
cell_3796,21.3682,9.4979,cluster_2
cell_3797,8.7799,7.9121,cluster_5
cell_3798,5.1529,5.0430,cluster_4
cell_3799,22.6811,6.6088,cluster_3
cell_38,22.2001,8.2991,cluster_2
cell_380,8.9170,4.3057,cluster_1
cell_3800,7.7769,8.1059,cluster_5
cell_3801,21.7161,9.3184,cluster_2
cell_3802,9.5135,2.5141,cluster_1
cell_3803,20.8975,6.5844,cluster_3
cell_3804,18.9987,7.8143,cluster_2
cell_3805,18.8446,7.9422,cluster_2
cell_3806,23.1568,6.5994,cluster_3
cell_3807,21.1911,8.7923,cluster_2
cell_3808,7.0679,8.3923,cluster_5
cell_3809,21.9651,6.8998,cluster_2
cell_381,18.9678,8.8313,cluster_2
cell_3810,10.9444,5.0806,cluster_7
cell_3811,4.9631,9.4255,cluster_6
cell_3812,9.0838,3.2651,cluster_1
cell_3813,20.7749,5.2818,cluster_3
cell_3814,20.8046,9.6250,cluster_2
cell_3815,23.2535,5.8056,cluster_3
cell_3816,22.7013,6.6466,cluster_3
cell_3817,7.9885,9.4657,cluster_5
cell_3818,20.6526,8.1753,cluster_2
cell_3819,22.6851,6.7884,cluster_3
cell_382,18.7257,5.6663,cluster_3
cell_3820,8.2363,2.2669,cluster_1
cell_3821,19.8590,8.4956,cluster_2
cell_3822,8.7544,1.7882,cluster_1
cell_3823,20.1420,10.1408,cluster_2
cell_3824,20.4466,6.2648,cluster_3
cell_3825,19.6215,6.3631,cluster_3
cell_3826,19.2212,6.0914,cluster_2
cell_3827,21.7781,5.5119,cluster_2
cell_3828,7.3119,8.3450,cluster_5
cell_3829,19.3472,9.4167,cluster_2
cell_383,19.6796,8.8863,cluster_2
cell_3830,19.8953,8.4273,cluster_2
cell_3831,10.7317,4.8557,cluster_7
cell_3832,11.4826,4.8317,cluster_7
cell_3833,19.4123,7.0237,cluster_3
cell_3834,9.1188,4.3730,cluster_1
cell_3835,21.9660,7.5281,cluster_2
cell_3836,18.7878,5.3462,cluster_2
cell_3837,22.0672,7.5185,cluster_3
cell_3838,7.8020,8.8441,cluster_5
cell_3839,19.6702,8.7650,cluster_2
cell_384,8.9092,1.4503,cluster_1
cell_3840,7.8003,8.3552,cluster_5
cell_3841,22.6826,8.2618,cluster_3
cell_3842,20.9852,7.5100,cluster_2
cell_3843,22.2992,8.2893,cluster_2
cell_3844,4.9682,6.0644,cluster_4
cell_3845,8.0822,9.6054,cluster_5
cell_3846,5.5720,4.8180,cluster_4
cell_3847,18.8214,9.4611,cluster_2
cell_3848,17.7490,7.2113,cluster_3
cell_3849,19.5895,8.1248,cluster_2
cell_385,20.2696,7.2722,cluster_2
cell_3850,20.9593,8.0554,cluster_2
cell_3851,18.2700,6.3115,cluster_3
cell_3852,9.0496,2.1514,cluster_1
cell_3853,5.3290,4.7441,cluster_4
cell_3854,20.0784,9.8893,cluster_3
cell_3855,21.4636,8.5733,cluster_2
cell_3856,20.2346,6.6911,cluster_2
cell_3857,18.8748,10.1664,cluster_2
cell_3858,20.3833,6.4855,cluster_2
cell_3859,20.5535,9.0007,cluster_2
cell_386,19.4540,6.0324,cluster_2
cell_3860,21.3717,8.9454,cluster_2
cell_3861,20.4943,7.1646,cluster_2
cell_3862,20.3527,6.5846,cluster_2
cell_3863,22.3970,8.0557,cluster_2
cell_3864,21.6996,8.0476,cluster_2
cell_3865,19.2843,5.1126,cluster_3
cell_3866,22.5041,8.1223,cluster_2
cell_3867,22.4506,4.9952,cluster_3
cell_3868,21.2740,9.3970,cluster_2
cell_3869,8.7376,9.2922,cluster_5
cell_387,20.4176,7.6657,cluster_2
cell_3870,21.1404,5.6482,cluster_3
cell_3871,9.1805,2.5594,cluster_1
cell_3872,17.0950,6.5573,cluster_3
cell_3873,23.1253,5.2782,cluster_3
cell_3874,18.3466,10.4607,cluster_2
cell_3875,20.6446,10.8249,cluster_2
cell_3876,8.9011,9.5356,cluster_5
cell_3877,18.3245,7.0598,cluster_3
cell_3878,22.6578,6.4732,cluster_3
cell_3879,20.7968,7.6612,cluster_2
cell_388,16.2249,7.6402,cluster_2
cell_3880,9.0415,4.6790,cluster_5
cell_3881,7.2090,9.0597,cluster_5
cell_3882,8.9186,1.9458,cluster_1
cell_3883,20.3184,9.6201,cluster_3
cell_3884,22.5549,8.2212,cluster_2
cell_3885,7.3121,8.2424,cluster_5
cell_3886,22.7457,7.8947,cluster_2
cell_3887,18.8843,5.9291,cluster_2
cell_3888,7.9916,9.5828,cluster_5
cell_3889,20.9615,7.1624,cluster_3
cell_389,8.8125,9.4688,cluster_5
cell_3890,9.6559,3.6285,cluster_1
cell_3891,18.0049,9.6897,cluster_2
cell_3892,21.7486,9.9770,cluster_2
cell_3893,22.4920,6.6469,cluster_3
cell_3894,8.6126,9.8242,cluster_5
cell_3895,21.0229,5.2774,cluster_3
cell_3896,19.6910,10.3336,cluster_2
cell_3897,4.2410,6.3693,cluster_4
cell_3898,18.9996,7.9903,cluster_2
cell_3899,18.7264,9.2455,cluster_2
cell_39,22.9191,6.1280,cluster_3
cell_390,17.1430,6.5155,cluster_3
cell_3900,22.9144,7.9440,cluster_3
cell_3901,8.3821,9.7155,cluster_5
cell_3902,22.2486,7.3405,cluster_2
cell_3903,21.3814,7.0715,cluster_3
cell_3904,20.6170,6.0872,cluster_3
cell_3905,19.5871,10.0796,cluster_2
cell_3906,19.0030,10.7583,cluster_2
cell_3907,19.0442,7.5934,cluster_3
cell_3908,7.9367,8.9394,cluster_5
cell_3909,8.9582,3.8924,cluster_1
cell_391,8.3351,9.2160,cluster_5
cell_3910,19.0208,8.8844,cluster_2
cell_3911,17.9442,6.2243,cluster_3
cell_3912,19.6046,5.8122,cluster_3
cell_3913,17.9514,6.8510,cluster_2
cell_3914,20.9887,8.8707,cluster_3
cell_3915,21.3310,5.2155,cluster_3
cell_3916,7.2477,9.6321,cluster_5
cell_3917,19.1606,7.2333,cluster_2
cell_3918,4.6643,5.5644,cluster_4
cell_3919,19.2162,8.8334,cluster_3
cell_392,20.8077,8.0362,cluster_2
cell_3920,20.6191,9.2738,cluster_2
cell_3921,22.7302,7.1126,cluster_3
cell_3922,22.4312,7.7331,cluster_2
cell_3923,22.6634,5.4988,cluster_3
cell_3924,10.0259,3.7863,cluster_1
cell_3925,20.0765,7.0266,cluster_2
cell_3926,16.6785,6.4025,cluster_3
cell_3927,7.1895,7.3898,cluster_5
cell_3928,7.3857,9.2069,cluster_5
cell_3929,7.1214,9.7555,cluster_5
cell_393,11.2732,4.3362,cluster_7
cell_3930,8.0245,8.7412,cluster_5
cell_3931,5.3500,8.9436,cluster_6
cell_3932,20.6597,6.8530,cluster_3
cell_3933,21.4186,10.1067,cluster_2
cell_3934,8.1197,4.0754,cluster_1
cell_3935,4.5593,6.7408,cluster_4
cell_3936,7.5017,9.1377,cluster_4
cell_3937,22.9097,8.5699,cluster_2
cell_3938,10.2433,4.3338,cluster_7
cell_3939,8.9714,1.5550,cluster_1
cell_394,19.8605,6.1058,cluster_2
cell_3940,21.6982,9.1178,cluster_2
cell_3941,20.0927,6.7600,cluster_3
cell_3942,20.7554,8.5659,cluster_2
cell_3943,20.2565,9.0593,cluster_2
cell_3944,18.7387,6.5827,cluster_2
cell_3945,20.8332,9.4958,cluster_2
cell_3946,18.9018,6.8111,cluster_1
cell_3947,21.1788,8.6930,cluster_2
cell_3948,19.5365,6.5027,cluster_3
cell_3949,7.6891,7.7586,cluster_5
cell_395,22.2760,5.5272,cluster_3
cell_3950,18.1703,8.0922,cluster_2
cell_3951,6.4911,9.2980,cluster_6
cell_3952,22.3636,8.6805,cluster_2
cell_3953,22.5385,8.2858,cluster_2
cell_3954,22.1344,5.4355,cluster_3
cell_3955,20.0582,10.0513,cluster_2
cell_3956,23.0330,7.8664,cluster_2
cell_3957,20.4050,6.9255,cluster_2
cell_3958,21.0537,6.7276,cluster_3
cell_3959,8.9116,5.0276,cluster_1
cell_396,9.7933,5.7524,cluster_1
cell_3960,9.2592,4.2931,cluster_1
cell_3961,18.8870,9.6467,cluster_3
cell_3962,17.5973,6.6750,cluster_3
cell_3963,17.5186,6.0347,cluster_1
cell_3964,8.0605,8.9345,cluster_5
cell_3965,22.2414,9.0540,cluster_2
cell_3966,21.5736,9.3130,cluster_2
cell_3967,7.5871,7.7456,cluster_5
cell_3968,8.8747,8.5889,cluster_5
cell_3969,20.6905,10.5799,cluster_2
cell_397,17.5997,9.0737,cluster_3
cell_3970,20.8828,7.0248,cluster_2
cell_3971,8.0533,8.3796,cluster_5
cell_3972,5.6050,5.6465,cluster_4
cell_3973,8.2412,8.0162,cluster_5
cell_3974,21.3880,8.8644,cluster_2
cell_3975,21.9082,5.3834,cluster_3
cell_3976,8.5040,7.9776,cluster_5
cell_3977,18.9338,9.9124,cluster_2
cell_3978,20.4702,7.5395,cluster_2
cell_3979,20.7592,8.6373,cluster_3
cell_398,7.7120,3.7557,cluster_1
cell_3980,20.7430,6.6143,cluster_2
cell_3981,7.3301,9.0587,cluster_5
cell_3982,21.4770,10.0090,cluster_2
cell_3983,4.4929,5.9143,cluster_4
cell_3984,9.4548,3.5926,cluster_1
cell_3985,5.1494,6.0455,cluster_4
cell_3986,20.3257,7.8340,cluster_2
cell_3987,7.7745,4.0662,cluster_5
cell_3988,20.9906,9.3692,cluster_2
cell_3989,21.7608,4.6840,cluster_3
cell_399,9.3103,7.7237,cluster_5
cell_3990,7.7843,7.5232,cluster_5
cell_3991,19.3909,7.4952,cluster_2
cell_3992,7.8179,2.5801,cluster_1
cell_3993,20.4268,7.7116,cluster_2
cell_3994,21.4362,9.2693,cluster_2
cell_3995,7.8605,2.3224,cluster_1
cell_3996,19.5179,10.5389,cluster_2
cell_3997,22.4329,8.1356,cluster_2
cell_3998,23.1268,7.0584,cluster_3
cell_3999,7.8868,9.2268,cluster_5
cell_4,19.9713,6.8230,cluster_2
cell_40,8.0521,4.3886,cluster_1
cell_400,19.6243,6.6792,cluster_3
cell_4000,18.4854,6.4604,cluster_3
cell_4001,19.9559,9.0540,cluster_2
cell_4002,20.3762,8.5452,cluster_3
cell_4003,9.3612,2.2045,cluster_1
cell_4004,21.5652,4.7120,cluster_3
cell_4005,9.0207,3.8606,cluster_1
cell_4006,7.0263,6.4527,cluster_4
cell_4007,22.0884,5.3801,cluster_3
cell_4008,5.6287,6.9155,cluster_3
cell_4009,3.7150,4.0590,cluster_4
cell_401,9.1315,3.0930,cluster_1
cell_4010,8.7300,7.6841,cluster_5
cell_4011,22.6966,8.8083,cluster_2
cell_4012,18.6688,6.3776,cluster_3
cell_4013,22.2225,7.6665,cluster_2
cell_4014,20.9063,6.9351,cluster_3
cell_4015,23.1383,6.4699,cluster_3
cell_4016,6.1148,5.6001,cluster_4
cell_4017,7.1410,7.6126,cluster_5
cell_4018,21.3783,8.3464,cluster_2
cell_4019,8.2515,8.7665,cluster_5
cell_402,21.2762,8.0203,cluster_2
cell_4020,4.0529,4.1889,cluster_4
cell_4021,9.4085,5.4000,cluster_1
cell_4022,11.2686,4.7262,cluster_7
cell_4023,19.1927,6.5599,cluster_2
cell_4024,8.0118,7.2538,cluster_5
cell_4025,21.2967,4.7641,cluster_3
cell_4026,22.3126,5.5338,cluster_3
cell_4027,4.8748,4.3855,cluster_4
cell_4028,8.6857,8.6714,cluster_5
cell_4029,7.8454,4.1911,cluster_5
cell_403,19.3816,9.1554,cluster_2
cell_4030,18.1227,9.4011,cluster_2
cell_4031,20.8639,8.8911,cluster_2
cell_4032,21.0817,7.6742,cluster_2
cell_4033,20.6291,5.5653,cluster_3
cell_4034,20.9516,6.9103,cluster_3
cell_4035,18.5414,8.9662,cluster_2
cell_4036,8.2728,4.0247,cluster_1
cell_4037,6.1975,5.9680,cluster_4
cell_4038,4.0338,5.5393,cluster_4
cell_4039,19.7033,4.8085,cluster_3
cell_404,19.5608,6.2863,cluster_2
cell_4040,22.1112,5.1461,cluster_3
cell_4041,21.0145,8.4936,cluster_3
cell_4042,21.3753,9.0073,cluster_2
cell_4043,19.9299,7.8840,cluster_2
cell_4044,7.9917,8.6633,cluster_5
cell_4045,20.0128,6.4435,cluster_2
cell_4046,22.3001,8.3994,cluster_2
cell_4047,20.2163,8.4833,cluster_2
cell_4048,22.4950,8.8687,cluster_2
cell_4049,18.2815,8.9824,cluster_2
cell_405,20.0964,5.2232,cluster_3
cell_4050,9.0761,8.3427,cluster_5
cell_4051,6.3445,6.2591,cluster_4
cell_4052,7.8608,9.6127,cluster_5
cell_4053,20.5903,6.0497,cluster_2
cell_4054,17.5186,6.8698,cluster_3
cell_4055,21.1680,6.6276,cluster_3
cell_4056,4.8968,9.4868,cluster_6
cell_4057,7.8312,9.2055,cluster_5
cell_4058,5.7452,8.8610,cluster_6
cell_4059,8.4781,8.4737,cluster_5
cell_406,5.8034,4.5019,cluster_4
cell_4060,19.0492,8.3192,cluster_2
cell_4061,18.2372,5.9539,cluster_3
cell_4062,8.5652,3.8119,cluster_1
cell_4063,22.1735,5.0581,cluster_3
cell_4064,7.2499,8.1407,cluster_5
cell_4065,21.8120,9.1190,cluster_3
cell_4066,17.2533,6.1637,cluster_3
cell_4067,8.1445,3.9729,cluster_1
cell_4068,9.2435,4.1355,cluster_1
cell_4069,18.8708,6.6820,cluster_2
cell_407,19.5042,8.3444,cluster_2
cell_4070,18.7347,10.4982,cluster_2
cell_4071,9.3043,3.5206,cluster_1
cell_4072,9.7169,2.0816,cluster_1
cell_4073,8.5290,7.1289,cluster_5
cell_4074,20.1763,8.1017,cluster_2
cell_4075,18.5970,5.5807,cluster_3
cell_4076,21.1987,6.2089,cluster_3
cell_4077,7.9435,4.5693,cluster_1
cell_4078,22.8290,7.3890,cluster_2
cell_4079,19.7260,6.3202,cluster_2
cell_408,7.8694,5.1504,cluster_1
cell_4080,10.6434,3.9786,cluster_7
cell_4081,20.8494,4.6638,cluster_3
cell_4082,21.0868,4.7638,cluster_3
cell_4083,21.3852,7.1845,cluster_3
cell_4084,8.5087,8.8603,cluster_5
cell_4085,22.1061,7.6321,cluster_2
cell_4086,8.6019,8.6806,cluster_5
cell_4087,17.6381,8.1470,cluster_2
cell_4088,8.7789,4.0031,cluster_1
cell_4089,18.0023,5.7981,cluster_3
cell_409,20.5991,6.1647,cluster_3
cell_4090,20.6986,8.5743,cluster_2
cell_4091,9.0919,3.3210,cluster_1
cell_4092,20.0201,8.3765,cluster_2
cell_4093,5.6180,4.2565,cluster_4
cell_4094,8.8695,7.8111,cluster_5
cell_4095,19.9545,6.6306,cluster_3
cell_4096,18.5329,9.7066,cluster_2
cell_4097,5.3306,6.9669,cluster_4
cell_4098,4.5058,5.6525,cluster_4
cell_4099,22.5722,7.1248,cluster_3
cell_41,7.7296,8.5642,cluster_5
cell_410,7.4340,6.6051,cluster_5
cell_4100,21.0777,7.6009,cluster_2
cell_4101,22.3686,8.4829,cluster_2
cell_4102,20.0580,7.5206,cluster_3
cell_4103,20.7972,9.1218,cluster_3
cell_4104,5.6133,5.5289,cluster_4
cell_4105,9.6700,2.9858,cluster_1
cell_4106,20.7399,7.4361,cluster_2
cell_4107,8.4147,3.2410,cluster_1
cell_4108,6.1489,9.6419,cluster_6
cell_4109,18.2273,5.6165,cluster_3
cell_411,20.7360,5.7987,cluster_3
cell_4110,18.8719,9.4585,cluster_3
cell_4111,20.9505,4.7641,cluster_3
cell_4112,21.2682,7.0655,cluster_2
cell_4113,9.0342,1.3853,cluster_1
cell_4114,22.4900,8.0374,cluster_2
cell_4115,7.5934,9.6753,cluster_5
cell_4116,20.2383,9.5614,cluster_2
cell_4117,16.4589,7.2111,cluster_1
cell_4118,7.9871,8.2795,cluster_5
cell_4119,8.0900,8.5454,cluster_5
cell_412,20.5170,10.6651,cluster_2
cell_4120,8.9842,8.8529,cluster_5
cell_4121,5.6885,9.8055,cluster_6
cell_4122,22.7453,5.3237,cluster_3
cell_4123,22.5332,9.3806,cluster_2
cell_4124,20.3293,5.6825,cluster_3
cell_4125,19.9954,9.2492,cluster_2
cell_4126,7.8383,9.0783,cluster_5
cell_4127,22.8885,8.0368,cluster_3
cell_4128,20.7005,9.9589,cluster_2
cell_4129,21.6916,5.8991,cluster_3
cell_413,5.7256,9.0720,cluster_6
cell_4130,9.2597,1.6978,cluster_1
cell_4131,18.8368,7.3975,cluster_3
cell_4132,21.3247,7.8742,cluster_2
cell_4133,6.9443,5.6118,cluster_4
cell_4134,8.3022,2.5410,cluster_1
cell_4135,8.1918,8.7745,cluster_5
cell_4136,20.8235,5.6821,cluster_3
cell_4137,18.8548,8.8212,cluster_2
cell_4138,19.5063,10.3206,cluster_2
cell_4139,8.3304,2.3109,cluster_1
cell_414,8.3804,4.9045,cluster_1
cell_4140,10.5161,5.2201,cluster_7
cell_4141,7.6511,9.3598,cluster_5
cell_4142,18.6938,5.0845,cluster_3
cell_4143,18.2282,7.0772,cluster_3
cell_4144,20.8893,7.9940,cluster_3
cell_4145,18.9655,10.5688,cluster_2
cell_4146,8.7351,7.2565,cluster_5
cell_4147,20.5922,9.6497,cluster_2
cell_4148,19.4944,7.0721,cluster_3
cell_4149,7.6120,2.4852,cluster_1
cell_415,9.1839,8.6037,cluster_5
cell_4150,9.1414,3.2429,cluster_1
cell_4151,18.8249,5.5951,cluster_3
cell_4152,20.6417,5.3238,cluster_3
cell_4153,21.9311,5.2669,cluster_3
cell_4154,8.1718,4.4878,cluster_1
cell_4155,19.0880,9.1376,cluster_2
cell_4156,7.3916,7.6214,cluster_5
cell_4157,18.6826,8.0380,cluster_2
cell_4158,19.9485,6.0726,cluster_3
cell_4159,17.7159,6.6380,cluster_3
cell_416,22.8476,5.9697,cluster_3
cell_4160,19.1513,8.5464,cluster_2
cell_4161,19.2288,6.4896,cluster_2
cell_4162,8.7546,8.3477,cluster_5
cell_4163,22.5459,7.5530,cluster_2
cell_4164,7.7808,6.6072,cluster_5
cell_4165,21.0427,9.3938,cluster_2
cell_4166,7.7196,9.7451,cluster_5
cell_4167,7.0274,9.7462,cluster_5
cell_4168,5.4280,9.8326,cluster_6
cell_4169,21.8997,6.2749,cluster_3
cell_417,22.5224,6.1999,cluster_3
cell_4170,10.1056,3.7037,cluster_1
cell_4171,21.5152,8.0836,cluster_2
cell_4172,9.1219,2.5537,cluster_1
cell_4173,21.6108,7.3293,cluster_3
cell_4174,7.5356,7.4662,cluster_5
cell_4175,19.1090,6.7837,cluster_3
cell_4176,9.1303,4.3925,cluster_1
cell_4177,17.9956,10.1515,cluster_2
cell_4178,20.2686,7.0569,cluster_2
cell_4179,5.0789,6.5087,cluster_4
cell_418,4.7710,4.4155,cluster_4
cell_4180,19.0351,9.3530,cluster_2
cell_4181,20.3716,6.3109,cluster_3
cell_4182,6.6708,7.7018,cluster_5
cell_4183,21.3006,7.5603,cluster_2
cell_4184,22.4884,7.9525,cluster_3
cell_4185,8.6062,1.7312,cluster_1
cell_4186,22.1241,8.1389,cluster_2
cell_4187,20.8291,7.7442,cluster_3
cell_4188,21.6081,6.1802,cluster_3
cell_4189,19.0898,4.5726,cluster_3
cell_419,18.1212,5.6767,cluster_3
cell_4190,7.7670,8.9627,cluster_5
cell_4191,21.2690,7.5577,cluster_2
cell_4192,8.7596,1.6424,cluster_1
cell_4193,20.0252,10.4910,cluster_2
cell_4194,20.1314,7.5550,cluster_2
cell_4195,8.2415,8.3417,cluster_5
cell_4196,7.4655,5.6508,cluster_1
cell_4197,22.0743,7.2585,cluster_3
cell_4198,19.1156,7.0212,cluster_2
cell_4199,21.2012,8.6798,cluster_2
cell_42,5.6988,9.4743,cluster_6
cell_420,5.1639,5.0927,cluster_4
cell_4200,20.4861,5.2056,cluster_3
cell_4201,6.5642,5.3377,cluster_4
cell_4202,19.7746,8.1697,cluster_2
cell_4203,7.7342,8.1106,cluster_5
cell_4204,20.0530,8.2091,cluster_2
cell_4205,20.7947,6.5860,cluster_3
cell_4206,8.1418,3.0609,cluster_1
cell_4207,7.9971,8.1057,cluster_5
cell_4208,20.0211,8.1361,cluster_2
cell_4209,22.0301,7.2736,cluster_3
cell_421,7.0311,8.0383,cluster_5
cell_4210,8.3549,5.9677,cluster_1
cell_4211,19.4160,10.6347,cluster_2
cell_4212,11.1182,4.9639,cluster_7
cell_4213,20.1376,7.4316,cluster_3
cell_4214,17.7492,6.9703,cluster_3
cell_4215,8.6758,8.2660,cluster_5
cell_4216,20.1393,10.0719,cluster_2
cell_4217,19.4465,10.3821,cluster_2
cell_4218,18.5713,4.5941,cluster_3
cell_4219,22.5250,7.7702,cluster_2
cell_422,7.3796,8.6460,cluster_5
cell_4220,8.3938,7.0117,cluster_5
cell_4221,20.7069,7.1621,cluster_3
cell_4222,7.3385,4.1620,cluster_1
cell_4223,20.5155,9.4278,cluster_2
cell_4224,20.8933,7.0294,cluster_3
cell_4225,20.2342,8.2832,cluster_2
cell_4226,7.3414,7.8346,cluster_1
cell_4227,21.1631,7.5385,cluster_2
cell_4228,19.6576,7.3471,cluster_2
cell_4229,19.8141,6.7055,cluster_3
cell_423,18.6874,8.2496,cluster_2
cell_4230,8.8862,9.2391,cluster_5
cell_4231,20.3636,6.0796,cluster_2
cell_4232,22.0287,8.2817,cluster_2
cell_4233,7.8684,7.9194,cluster_5
cell_4234,22.2040,9.6680,cluster_2
cell_4235,7.8042,9.3505,cluster_5
cell_4236,20.5657,9.8788,cluster_2
cell_4237,19.6360,8.0185,cluster_2
cell_4238,19.6462,9.6173,cluster_2
cell_4239,9.0048,6.8168,cluster_5
cell_424,9.2671,4.5151,cluster_1
cell_4240,22.6464,5.2941,cluster_3
cell_4241,11.0558,4.7917,cluster_7
cell_4242,17.0992,6.7375,cluster_3
cell_4243,7.4221,7.0907,cluster_5
cell_4244,18.3205,10.1314,cluster_2
cell_4245,10.4512,5.4371,cluster_1
cell_4246,19.1090,8.9653,cluster_2
cell_4247,22.5685,8.5625,cluster_3
cell_4248,17.8958,7.4205,cluster_2
cell_4249,21.1565,7.3900,cluster_3
cell_425,8.2253,4.7263,cluster_1
cell_4250,7.8018,9.2568,cluster_5
cell_4251,19.7752,6.7774,cluster_3
cell_4252,18.0627,5.8855,cluster_3
cell_4253,10.9848,4.3951,cluster_7
cell_4254,21.6414,7.5386,cluster_3
cell_4255,5.2914,4.7753,cluster_4
cell_4256,20.6330,10.6321,cluster_2
cell_4257,20.5967,10.1443,cluster_2
cell_4258,7.3641,8.1095,cluster_5
cell_4259,19.6929,4.7704,cluster_3
cell_426,19.0483,6.5390,cluster_2
cell_4260,17.4585,8.9733,cluster_4
cell_4261,20.0645,9.0738,cluster_2
cell_4262,21.9244,9.7572,cluster_2
cell_4263,5.4504,8.9639,cluster_6
cell_4264,21.8488,7.7657,cluster_2
cell_4265,19.5911,7.4158,cluster_3
cell_4266,9.1850,2.1539,cluster_1
cell_4267,19.0736,6.7434,cluster_3
cell_4268,17.7422,6.7550,cluster_3
cell_4269,18.6428,7.3060,cluster_3
cell_427,4.6034,6.8193,cluster_4
cell_4270,8.7908,3.1573,cluster_1
cell_4271,23.1240,7.4548,cluster_2
cell_4272,17.0294,7.2546,cluster_3
cell_4273,7.4809,6.6323,cluster_5
cell_4274,8.6203,9.4928,cluster_5
cell_4275,21.4466,6.2348,cluster_3
cell_4276,21.6253,9.4213,cluster_2
cell_4277,22.4078,7.6752,cluster_2
cell_4278,22.4443,9.0061,cluster_3
cell_4279,21.3834,8.4155,cluster_2
cell_428,8.9963,2.1870,cluster_1
cell_4280,20.3262,6.8661,cluster_3
cell_4281,20.9548,7.3812,cluster_2
cell_4282,10.1137,5.0285,cluster_7
cell_4283,20.6198,8.8640,cluster_2
cell_4284,7.3732,9.1852,cluster_5
cell_4285,7.8404,9.2059,cluster_5
cell_4286,9.7547,4.9989,cluster_2
cell_4287,21.4914,8.7398,cluster_2
cell_4288,9.5005,4.0541,cluster_1
cell_4289,11.0630,5.2168,cluster_7
cell_429,21.5283,8.2300,cluster_3
cell_4290,9.2037,2.5262,cluster_1
cell_4291,19.1246,9.5787,cluster_2
cell_4292,4.3717,4.6607,cluster_4
cell_4293,18.6188,4.7782,cluster_2
cell_4294,19.3735,8.0058,cluster_2
cell_4295,9.7158,4.5578,cluster_1
cell_4296,20.7478,8.9614,cluster_3
cell_4297,8.9686,8.5351,cluster_5
cell_4298,20.4799,6.5149,cluster_3
cell_4299,22.2375,9.5641,cluster_3
cell_43,7.2282,8.7521,cluster_5
cell_430,8.3866,7.3958,cluster_1
cell_4300,21.3662,6.3883,cluster_3
cell_4301,8.6978,2.2431,cluster_1
cell_4302,22.2336,7.5321,cluster_2
cell_4303,21.5081,8.7375,cluster_3
cell_4304,10.6965,5.0198,cluster_7
cell_4305,22.9072,8.1168,cluster_3
cell_4306,4.8712,4.1341,cluster_4
cell_4307,20.1385,4.7126,cluster_3
cell_4308,21.2802,9.6595,cluster_2
cell_4309,17.7943,5.7831,cluster_3
cell_431,6.4527,5.2523,cluster_4
cell_4310,22.1159,9.0742,cluster_3
cell_4311,19.5135,7.4442,cluster_3
cell_4312,22.7466,5.2716,cluster_3
cell_4313,8.2600,2.8967,cluster_1
cell_4314,20.9482,5.4807,cluster_3
cell_4315,19.9623,7.4428,cluster_3
cell_4316,6.8336,5.4522,cluster_4
cell_4317,18.2857,9.0409,cluster_2
cell_4318,9.0294,8.2537,cluster_5
cell_4319,20.5649,5.9180,cluster_3
cell_432,19.3695,8.5828,cluster_3
cell_4320,21.1839,8.8774,cluster_3
cell_4321,18.3976,7.6172,cluster_3
cell_4322,17.6045,8.5929,cluster_1
cell_4323,20.1614,4.6834,cluster_3
cell_4324,9.2946,2.8389,cluster_1
cell_4325,17.6753,7.1303,cluster_2
cell_4326,7.7098,3.5908,cluster_1
cell_4327,20.6470,7.0928,cluster_2
cell_4328,20.8697,8.1698,cluster_3
cell_4329,6.7560,5.7874,cluster_6
cell_433,8.0237,8.5534,cluster_5
cell_4330,19.2961,9.8182,cluster_2
cell_4331,6.0157,6.6813,cluster_4
cell_4332,11.4304,4.9234,cluster_7
cell_4333,5.5878,9.2647,cluster_6
cell_4334,8.2479,3.7515,cluster_1
cell_4335,18.0654,6.1058,cluster_3
cell_4336,7.4291,6.0608,cluster_7
cell_4337,8.1937,9.1133,cluster_5
cell_4338,22.2844,9.6767,cluster_2
cell_4339,17.4337,6.5424,cluster_3
cell_434,5.0722,6.1283,cluster_4
cell_4340,20.1537,6.3962,cluster_3
cell_4341,18.4597,8.6535,cluster_2
cell_4342,9.6963,3.9682,cluster_1
cell_4343,20.5859,9.2092,cluster_2
cell_4344,19.7250,9.8687,cluster_3
cell_4345,8.6367,8.7434,cluster_5
cell_4346,21.4546,9.8969,cluster_2
cell_4347,8.1504,8.3328,cluster_5
cell_4348,19.8544,10.6096,cluster_2
cell_4349,5.0163,9.9328,cluster_6
cell_435,9.3102,1.9007,cluster_1
cell_4350,22.3783,9.0961,cluster_2
cell_4351,22.2486,8.8489,cluster_2
cell_4352,5.9659,9.9162,cluster_6
cell_4353,19.2871,10.4034,cluster_2
cell_4354,23.0667,7.2551,cluster_3
cell_4355,21.4832,8.7191,cluster_2
cell_4356,8.4453,9.7058,cluster_5
cell_4357,20.2107,7.3784,cluster_2
cell_4358,20.9439,5.6425,cluster_3
cell_4359,18.8244,6.1511,cluster_3
cell_436,9.3276,3.5964,cluster_1
cell_4360,21.3311,7.2992,cluster_3
cell_4361,18.4342,9.4186,cluster_2
cell_4362,19.8312,10.0279,cluster_2
cell_4363,20.3000,4.9815,cluster_3
cell_4364,20.1893,5.1852,cluster_3
cell_4365,20.7910,7.4021,cluster_2
cell_4366,9.4832,2.9345,cluster_1
cell_4367,7.4128,9.0783,cluster_5
cell_4368,21.9158,5.8892,cluster_3
cell_4369,21.7877,6.3907,cluster_3
cell_437,21.7617,6.8993,cluster_2
cell_4370,21.9692,9.4326,cluster_2
cell_4371,20.6274,5.8638,cluster_2
cell_4372,20.1017,9.2312,cluster_2
cell_4373,8.0610,8.5869,cluster_5
cell_4374,20.5295,6.8920,cluster_2
cell_4375,20.2603,8.1361,cluster_2
cell_4376,7.7053,8.6411,cluster_5
cell_4377,7.5830,3.6358,cluster_1
cell_4378,21.7183,5.8755,cluster_3
cell_4379,21.3129,8.6498,cluster_3
cell_438,18.8801,5.7293,cluster_2
cell_4380,6.3547,9.2765,cluster_5
cell_4381,21.2220,7.0693,cluster_3
cell_4382,21.9572,7.6580,cluster_3
cell_4383,9.4396,3.1783,cluster_1
cell_4384,17.6320,9.2495,cluster_1
cell_4385,4.7720,6.9638,cluster_4
cell_4386,17.4388,6.1427,cluster_7
cell_4387,8.5152,2.2399,cluster_1
cell_4388,7.9499,2.3602,cluster_1
cell_4389,19.6834,10.6090,cluster_2
cell_439,4.9734,4.3356,cluster_4
cell_4390,18.9057,7.6196,cluster_3
cell_4391,20.9199,6.0334,cluster_2
cell_4392,19.9245,9.3688,cluster_2
cell_4393,8.6648,2.8483,cluster_1
cell_4394,20.4946,7.8915,cluster_2
cell_4395,8.5847,7.7747,cluster_5
cell_4396,8.9753,8.5462,cluster_5
cell_4397,15.8000,7.3142,cluster_1
cell_4398,21.6980,8.4225,cluster_3
cell_4399,21.9995,9.0295,cluster_3
cell_44,4.6202,6.6992,cluster_4
cell_440,5.8280,5.5961,cluster_4
cell_4400,20.3851,10.2425,cluster_2
cell_4401,22.1574,8.9975,cluster_2
cell_4402,7.5692,3.1560,cluster_1
cell_4403,21.2434,6.7534,cluster_3
cell_4404,20.5101,9.5679,cluster_2
cell_4405,8.6121,2.4128,cluster_1
cell_4406,9.4804,1.8340,cluster_1
cell_4407,22.2292,6.8378,cluster_3
cell_4408,9.0710,9.2841,cluster_5
cell_4409,18.7569,7.4487,cluster_2
cell_441,18.5914,7.3898,cluster_2
cell_4410,19.2996,8.8388,cluster_2
cell_4411,7.8046,7.6317,cluster_5
cell_4412,22.0636,7.0217,cluster_2
cell_4413,11.1450,5.0037,cluster_7
cell_4414,6.2539,9.8122,cluster_6
cell_4415,18.7685,7.8760,cluster_2
cell_4416,19.4153,6.7463,cluster_2
cell_4417,21.0747,7.3305,cluster_3
cell_4418,20.5516,8.1782,cluster_2
cell_4419,20.2374,5.8445,cluster_3
cell_442,5.5366,4.9876,cluster_4
cell_4420,7.0783,8.5674,cluster_5
cell_4421,20.2949,8.2253,cluster_2
cell_4422,9.8405,3.2392,cluster_1
cell_4423,20.0802,7.3297,cluster_2
cell_4424,19.4551,6.3627,cluster_3
cell_4425,22.2478,7.4580,cluster_3
cell_4426,20.4389,8.3463,cluster_2
cell_4427,8.2025,4.0101,cluster_1
cell_4428,8.6768,5.1367,cluster_4
cell_4429,21.9515,5.7235,cluster_3
cell_443,18.5027,5.7834,cluster_2
cell_4430,8.2045,7.3639,cluster_5
cell_4431,19.7025,9.3984,cluster_2
cell_4432,20.5426,9.2927,cluster_2
cell_4433,7.7599,4.9797,cluster_1
cell_4434,5.0457,9.8502,cluster_6
cell_4435,5.4353,4.9121,cluster_4
cell_4436,21.8225,9.1282,cluster_2
cell_4437,19.7786,10.7018,cluster_2
cell_4438,21.4638,8.1524,cluster_2
cell_4439,5.2873,5.5536,cluster_4
cell_444,9.4775,2.5476,cluster_1
cell_4440,19.2494,6.9040,cluster_3
cell_4441,20.5531,6.2292,cluster_3
cell_4442,21.7734,6.8255,cluster_2
cell_4443,6.9805,5.8212,cluster_4
cell_4444,18.1187,7.0456,cluster_3
cell_4445,8.7147,8.1033,cluster_3
cell_4446,20.6344,5.3820,cluster_3
cell_4447,7.4534,8.5646,cluster_5
cell_4448,19.1415,5.8308,cluster_3
cell_4449,20.3733,10.3334,cluster_2
cell_445,7.8214,3.7140,cluster_1
cell_4450,20.5371,8.0934,cluster_2
cell_4451,19.7567,8.4440,cluster_2
cell_4452,8.2858,2.8634,cluster_1
cell_4453,7.0093,8.1103,cluster_5
cell_4454,9.4538,4.3684,cluster_1
cell_4455,9.8691,2.8517,cluster_1
cell_4456,16.7334,7.9860,cluster_3
cell_4457,6.8881,5.7744,cluster_4
cell_4458,7.8933,3.5849,cluster_1
cell_4459,7.1150,9.7236,cluster_6
cell_446,7.4234,8.9489,cluster_5
cell_4460,22.4026,8.8499,cluster_2
cell_4461,8.6549,5.0370,cluster_1
cell_4462,9.0738,2.2774,cluster_1
cell_4463,7.6292,5.9450,cluster_1
cell_4464,20.9450,7.0117,cluster_3
cell_4465,8.0372,7.4357,cluster_5
cell_4466,21.2861,9.0862,cluster_2
cell_4467,17.7744,8.7712,cluster_2
cell_4468,21.6259,7.6521,cluster_3
cell_4469,8.7470,8.1872,cluster_5
cell_447,8.5971,6.5828,cluster_5
cell_4470,18.5343,8.5072,cluster_2
cell_4471,7.9732,4.4831,cluster_1
cell_4472,10.2657,3.7382,cluster_1
cell_4473,19.0896,10.4063,cluster_2
cell_4474,20.1606,8.4624,cluster_2
cell_4475,19.8226,10.5256,cluster_2
cell_4476,5.1379,4.8376,cluster_4
cell_4477,8.4326,1.6937,cluster_1
cell_4478,6.8068,7.3695,cluster_5
cell_4479,21.1231,5.5538,cluster_3
cell_448,8.0193,9.2800,cluster_5
cell_4480,5.5669,9.1462,cluster_6
cell_4481,8.2418,7.7637,cluster_5
cell_4482,22.2204,7.7870,cluster_3
cell_4483,20.1417,5.8549,cluster_2
cell_4484,9.1550,1.5692,cluster_1
cell_4485,8.1983,6.1779,cluster_1
cell_4486,4.9075,9.0613,cluster_6
cell_4487,18.7540,5.3038,cluster_3
cell_4488,19.5875,6.2881,cluster_3
cell_4489,21.8215,9.3323,cluster_2
cell_449,19.4751,6.4476,cluster_3
cell_4490,20.1454,5.7707,cluster_3
cell_4491,9.1004,8.6014,cluster_5
cell_4492,20.8610,6.0629,cluster_3
cell_4493,21.3572,5.4892,cluster_3
cell_4494,17.7511,8.8305,cluster_2
cell_4495,20.1940,6.5628,cluster_3
cell_4496,22.9737,6.4251,cluster_3
cell_4497,20.1254,8.1760,cluster_3
cell_4498,18.0246,7.9355,cluster_2
cell_4499,9.9918,4.3753,cluster_7
cell_45,4.7757,6.0886,cluster_4
cell_450,22.0165,9.5009,cluster_2
cell_4500,8.6734,3.3886,cluster_1
cell_4501,21.3500,8.4665,cluster_2
cell_4502,21.2022,7.5287,cluster_3
cell_4503,20.6483,4.8539,cluster_4
cell_4504,20.5736,10.1245,cluster_2
cell_4505,7.9337,2.7017,cluster_1
cell_4506,22.6559,5.4173,cluster_3
cell_4507,4.8348,4.3200,cluster_4
cell_4508,21.4722,10.4823,cluster_2
cell_4509,17.6621,8.7897,cluster_2
cell_451,17.5977,9.3886,cluster_3
cell_4510,22.1705,7.6436,cluster_2
cell_4511,22.4712,5.6564,cluster_3
cell_4512,7.7883,2.2344,cluster_1
cell_4513,20.5194,7.9743,cluster_3
cell_4514,21.0478,5.6270,cluster_3
cell_4515,22.4551,4.9933,cluster_3
cell_4516,7.5262,8.4517,cluster_5
cell_4517,21.8756,4.7032,cluster_3
cell_4518,21.8326,5.3555,cluster_3
cell_4519,5.4123,8.1398,cluster_6
cell_452,19.6998,6.8567,cluster_2
cell_4520,20.4607,7.3053,cluster_3
cell_4521,21.4326,8.4573,cluster_3
cell_4522,19.3920,8.8146,cluster_3
cell_4523,19.6133,9.0550,cluster_2
cell_4524,19.1769,8.1758,cluster_2
cell_4525,8.4130,8.2454,cluster_5
cell_4526,8.1810,9.6255,cluster_5
cell_4527,22.1153,9.7294,cluster_2
cell_4528,19.8145,8.3990,cluster_2
cell_4529,16.9669,7.0220,cluster_1
cell_453,21.0690,10.5880,cluster_2
cell_4530,8.1834,3.5768,cluster_1
cell_4531,21.1679,7.2916,cluster_3
cell_4532,18.2589,8.5458,cluster_2
cell_4533,22.4567,9.2878,cluster_2
cell_4534,7.4148,3.8165,cluster_1
cell_4535,19.3740,9.1984,cluster_3
cell_4536,18.8096,8.9446,cluster_2
cell_4537,17.0759,8.6562,cluster_1
cell_4538,19.9767,5.4109,cluster_3
cell_4539,21.3991,6.4304,cluster_3
cell_454,9.2928,3.7319,cluster_1
cell_4540,20.3298,5.2320,cluster_3
cell_4541,22.3414,5.2597,cluster_3
cell_4542,7.5923,9.3423,cluster_5
cell_4543,17.5135,6.9353,cluster_3
cell_4544,17.5652,9.3596,cluster_2
cell_4545,18.4880,6.3636,cluster_3
cell_4546,4.6574,4.8899,cluster_4
cell_4547,18.7950,5.7483,cluster_3
cell_4548,7.8884,9.0649,cluster_5
cell_4549,5.3120,9.6508,cluster_6
cell_455,21.6062,9.1670,cluster_2
cell_4550,8.3706,6.6478,cluster_5
cell_4551,20.8097,8.3268,cluster_2
cell_4552,17.8435,5.8417,cluster_3
cell_4553,7.4326,4.5199,cluster_1
cell_4554,19.4246,10.1530,cluster_2
cell_4555,18.0350,7.1209,cluster_3
cell_4556,22.0444,5.4043,cluster_3
cell_4557,22.4111,9.0865,cluster_3
cell_4558,9.3279,5.8542,cluster_3
cell_4559,19.1205,7.8014,cluster_2
cell_456,21.3115,8.5078,cluster_3
cell_4560,21.1621,8.0301,cluster_2
cell_4561,18.4048,8.9072,cluster_2
cell_4562,20.6495,7.2275,cluster_3
cell_4563,21.7827,7.2936,cluster_3
cell_4564,8.8938,3.8304,cluster_1
cell_4565,21.5721,8.9017,cluster_2
cell_4566,8.3109,3.1541,cluster_1
cell_4567,4.0432,4.6411,cluster_4
cell_4568,17.6836,6.6839,cluster_3
cell_4569,19.1732,8.9985,cluster_2
cell_457,7.2157,8.4381,cluster_5
cell_4570,20.3199,10.3726,cluster_2
cell_4571,21.4891,7.3440,cluster_2
cell_4572,22.4110,7.2898,cluster_3
cell_4573,19.3349,6.8424,cluster_2
cell_4574,4.5306,7.1336,cluster_4
cell_4575,4.2006,5.6946,cluster_4
cell_4576,9.0099,7.5192,cluster_5
cell_4577,5.4205,6.9790,cluster_4
cell_4578,6.4084,5.5296,cluster_4
cell_4579,21.4959,5.0857,cluster_3
cell_458,7.1739,4.8979,cluster_1
cell_4580,7.4805,9.6067,cluster_5
cell_4581,19.9273,8.3609,cluster_2
cell_4582,10.8206,3.8585,cluster_1
cell_4583,5.3138,6.5180,cluster_4
cell_4584,22.6054,6.5938,cluster_3
cell_4585,6.0662,6.7354,cluster_4
cell_4586,7.6846,4.5372,cluster_1
cell_4587,17.2543,7.9915,cluster_2
cell_4588,22.4501,5.5914,cluster_3
cell_4589,22.0956,8.4755,cluster_2
cell_459,18.7984,10.4459,cluster_2
cell_4590,10.2868,5.1661,cluster_7
cell_4591,19.4929,9.5746,cluster_2
cell_4592,18.7990,9.3680,cluster_2
cell_4593,19.0483,9.2162,cluster_2
cell_4594,5.9024,6.8562,cluster_4
cell_4595,20.0824,6.7636,cluster_3
cell_4596,8.3399,4.9034,cluster_1
cell_4597,17.4028,6.1548,cluster_3
cell_4598,22.9170,5.8807,cluster_3
cell_4599,18.1903,9.3458,cluster_2
cell_46,22.6827,7.7983,cluster_3
cell_460,5.9236,6.4211,cluster_4
cell_4600,18.3640,9.2996,cluster_1
cell_4601,8.7802,8.3077,cluster_5
cell_4602,20.1725,5.8689,cluster_3
cell_4603,6.5208,5.2663,cluster_4
cell_4604,17.7638,6.7904,cluster_2
cell_4605,4.7224,3.9332,cluster_4
cell_4606,21.8297,9.0662,cluster_2
cell_4607,19.6854,4.6165,cluster_3
cell_4608,22.3915,7.2164,cluster_3
cell_4609,5.6081,6.5386,cluster_4
cell_461,20.3269,9.1356,cluster_3
cell_4610,19.3877,9.0834,cluster_2
cell_4611,22.3155,5.4578,cluster_3
cell_4612,20.6742,8.1050,cluster_2
cell_4613,20.8939,9.6582,cluster_2
cell_4614,18.6106,5.9757,cluster_2
cell_4615,20.6684,8.4044,cluster_3
cell_4616,21.3956,7.7873,cluster_2
cell_4617,7.8451,4.7271,cluster_1
cell_4618,8.6772,1.7139,cluster_1
cell_4619,8.2323,3.3549,cluster_1
cell_462,20.8907,9.1461,cluster_2
cell_4620,20.3407,9.2535,cluster_2
cell_4621,21.8427,7.9691,cluster_2
cell_4622,4.7913,5.1952,cluster_4
cell_4623,21.2211,9.9588,cluster_2
cell_4624,4.4135,5.1819,cluster_4
cell_4625,7.2045,8.3011,cluster_5
cell_4626,21.3194,4.7523,cluster_3
cell_4627,19.0147,8.5412,cluster_2
cell_4628,7.8664,8.7079,cluster_5
cell_4629,19.4479,7.4913,cluster_3
cell_463,8.1101,8.6565,cluster_5
cell_4630,20.8508,7.8972,cluster_2
cell_4631,8.9305,1.5637,cluster_1
cell_4632,8.0745,9.0319,cluster_5
cell_4633,8.1885,7.4736,cluster_5
cell_4634,8.9873,1.9178,cluster_1
cell_4635,5.4936,6.1671,cluster_4
cell_4636,6.1367,5.0665,cluster_4
cell_4637,9.1733,1.5531,cluster_1
cell_4638,7.4629,3.1864,cluster_1
cell_4639,21.8675,4.8930,cluster_3
cell_464,19.0258,9.1670,cluster_2
cell_4640,20.7463,6.6392,cluster_2
cell_4641,10.7847,4.5743,cluster_7
cell_4642,19.7228,8.2999,cluster_2
cell_4643,21.9645,6.9446,cluster_3
cell_4644,20.6503,5.5084,cluster_3
cell_4645,21.6476,9.9876,cluster_3
cell_4646,21.7141,6.3919,cluster_3
cell_4647,18.3582,7.6601,cluster_3
cell_4648,22.7970,8.8499,cluster_2
cell_4649,20.5786,9.4855,cluster_2
cell_465,19.2018,4.9853,cluster_3
cell_4650,22.5567,7.3925,cluster_3
cell_4651,20.8789,7.5096,cluster_3
cell_4652,20.2186,8.7667,cluster_2
cell_4653,7.7635,2.4318,cluster_1
cell_4654,7.6605,3.7517,cluster_1
cell_4655,8.5138,7.3791,cluster_5
cell_4656,18.8642,7.4704,cluster_2
cell_4657,21.1274,7.8412,cluster_2
cell_4658,22.7822,7.7953,cluster_3
cell_4659,11.3360,5.1719,cluster_7
cell_466,4.4420,5.2357,cluster_4
cell_4660,20.5220,10.6999,cluster_2
cell_4661,19.3915,8.1394,cluster_2
cell_4662,8.9236,2.5011,cluster_1
cell_4663,8.2996,6.6991,cluster_5
cell_4664,21.1071,7.4448,cluster_2
cell_4665,16.6622,6.5364,cluster_3
cell_4666,17.8908,6.5419,cluster_3
cell_4667,18.7136,8.8957,cluster_2
cell_4668,17.3956,6.0008,cluster_3
cell_4669,8.8934,3.4980,cluster_1
cell_467,8.6151,2.5999,cluster_1
cell_4670,8.3120,6.4621,cluster_5
cell_4671,19.1952,7.4882,cluster_2
cell_4672,3.8995,4.9338,cluster_4
cell_4673,21.0424,7.6298,cluster_4
cell_4674,6.7291,5.9603,cluster_4
cell_4675,20.8485,7.7879,cluster_3
cell_4676,7.6774,5.7777,cluster_1
cell_4677,4.4656,6.7378,cluster_4
cell_4678,22.9089,6.2794,cluster_3
cell_4679,22.2259,9.0383,cluster_2
cell_468,5.7789,8.7569,cluster_6
cell_4680,8.7216,5.9395,cluster_4
cell_4681,8.8284,3.3223,cluster_1
cell_4682,22.6028,5.2672,cluster_3
cell_4683,19.7448,6.7340,cluster_2
cell_4684,21.8214,7.9665,cluster_2
cell_4685,3.8218,4.6460,cluster_4
cell_4686,16.0186,8.0019,cluster_2
cell_4687,20.6524,7.7857,cluster_2
cell_4688,20.3227,7.0092,cluster_2
cell_4689,4.6548,5.8046,cluster_4
cell_469,6.8417,7.1417,cluster_5
cell_4690,17.4497,8.6427,cluster_2
cell_4691,18.9732,8.3159,cluster_2
cell_4692,21.6165,8.5675,cluster_3
cell_4693,18.6817,10.0224,cluster_2
cell_4694,7.8919,10.0573,cluster_5
cell_4695,17.8461,6.4553,cluster_3
cell_4696,20.3739,9.2741,cluster_2
cell_4697,10.6283,4.2309,cluster_7
cell_4698,5.8249,6.4673,cluster_3
cell_4699,19.8200,8.2689,cluster_2
cell_47,6.0037,5.6636,cluster_4
cell_470,6.4494,9.3984,cluster_5
cell_4700,3.8414,4.4382,cluster_4
cell_4701,17.8679,6.9404,cluster_3
cell_4702,8.6835,3.3499,cluster_1
cell_4703,22.6551,6.1694,cluster_3
cell_4704,8.8522,4.6998,cluster_1
cell_4705,19.9570,8.8135,cluster_2
cell_4706,20.3713,4.9163,cluster_3
cell_4707,7.5095,4.3107,cluster_1
cell_4708,17.7131,9.1064,cluster_2
cell_4709,19.7604,7.4538,cluster_3
cell_471,9.6727,1.9682,cluster_1
cell_4710,11.1987,5.1752,cluster_7
cell_4711,20.5350,5.5684,cluster_3
cell_4712,22.9955,5.7810,cluster_3
cell_4713,7.9352,2.3689,cluster_1
cell_4714,20.7297,10.2890,cluster_2
cell_4715,19.2685,10.4928,cluster_2
cell_4716,19.3711,9.6670,cluster_2
cell_4717,7.6510,3.2995,cluster_1
cell_4718,19.8770,7.1261,cluster_2
cell_4719,22.3377,5.0706,cluster_3
cell_472,20.3578,6.4721,cluster_3
cell_4720,7.8055,2.4034,cluster_1
cell_4721,9.0167,3.9556,cluster_1
cell_4722,21.8346,5.2160,cluster_3
cell_4723,19.6890,6.4966,cluster_2
cell_4724,22.8486,8.6085,cluster_3
cell_4725,5.9209,6.2820,cluster_4
cell_4726,8.6915,1.9710,cluster_1
cell_4727,18.9243,4.8983,cluster_3
cell_4728,19.1794,9.9753,cluster_2
cell_4729,21.4936,9.3093,cluster_3
cell_473,22.6799,7.6024,cluster_3
cell_4730,21.1189,7.8205,cluster_3
cell_4731,5.5416,6.9873,cluster_4
cell_4732,19.1399,9.5089,cluster_2
cell_4733,21.0521,9.4906,cluster_2
cell_4734,21.9431,7.7058,cluster_2
cell_4735,11.1810,4.6750,cluster_7
cell_4736,7.7384,2.6481,cluster_1
cell_4737,18.6358,9.6378,cluster_3
cell_4738,20.2087,9.6621,cluster_2
cell_4739,8.4302,4.6902,cluster_2
cell_474,20.2790,7.1598,cluster_2
cell_4740,22.6017,8.0450,cluster_2
cell_4741,5.3112,8.9494,cluster_6
cell_4742,5.0124,5.8959,cluster_4
cell_4743,8.7744,1.3135,cluster_1
cell_4744,18.8889,8.4776,cluster_2
cell_4745,19.3955,7.9854,cluster_2
cell_4746,6.4579,5.9955,cluster_4
cell_4747,19.9484,10.2683,cluster_2
cell_4748,21.8234,4.7887,cluster_3
cell_4749,20.2565,10.0930,cluster_2
cell_475,8.2667,9.5324,cluster_5
cell_4750,8.5818,2.9152,cluster_1
cell_4751,7.9325,2.2413,cluster_1
cell_4752,18.7247,8.9969,cluster_3
cell_4753,8.0502,2.4625,cluster_1
cell_4754,17.3127,8.1955,cluster_3
cell_4755,20.7046,9.0849,cluster_2
cell_4756,17.8477,9.1886,cluster_2
cell_4757,22.2769,5.0799,cluster_3
cell_4758,6.3792,6.5172,cluster_4
cell_4759,21.5786,5.5757,cluster_3
cell_476,20.1601,6.3448,cluster_3
cell_4760,21.5653,8.2564,cluster_3
cell_4761,20.5196,5.5320,cluster_3
cell_4762,18.1734,9.2234,cluster_3
cell_4763,10.4341,4.8854,cluster_7
cell_4764,19.4605,8.2184,cluster_2
cell_4765,18.6387,5.7804,cluster_3
cell_4766,22.0308,7.3358,cluster_3
cell_4767,19.4204,8.9416,cluster_2
cell_4768,10.3264,3.5386,cluster_1
cell_4769,21.7087,8.6109,cluster_2
cell_477,4.2210,5.5027,cluster_4
cell_4770,20.7965,9.4324,cluster_3
cell_4771,20.8266,6.7085,cluster_3
cell_4772,4.5199,4.2845,cluster_4
cell_4773,18.8638,9.8341,cluster_2
cell_4774,5.4871,8.6317,cluster_6
cell_4775,21.1483,8.6937,cluster_3
cell_4776,5.3129,5.2537,cluster_4
cell_4777,6.4693,6.5573,cluster_4
cell_4778,17.8664,9.5865,cluster_2
cell_4779,8.5973,8.9846,cluster_5
cell_478,8.8738,2.3264,cluster_1
cell_4780,20.6677,7.0524,cluster_2
cell_4781,7.4522,7.1227,cluster_5
cell_4782,5.1003,5.7621,cluster_4
cell_4783,21.7048,5.0675,cluster_3
cell_4784,19.4803,9.0492,cluster_2
cell_4785,10.4139,3.5614,cluster_1
cell_4786,7.6601,5.1042,cluster_5
cell_4787,18.1946,9.0410,cluster_3
cell_4788,6.9336,7.7870,cluster_5
cell_4789,8.7152,5.9551,cluster_3
cell_479,9.0918,2.4530,cluster_1
cell_4790,20.1696,9.9823,cluster_2
cell_4791,21.1908,6.1996,cluster_3
cell_4792,20.1259,7.9010,cluster_3
cell_4793,6.7650,7.3489,cluster_4
cell_4794,4.1754,4.6243,cluster_4
cell_4795,19.0640,7.5965,cluster_2
cell_4796,20.5744,6.7776,cluster_3
cell_4797,22.1639,7.5385,cluster_2
cell_4798,6.7069,9.7060,cluster_6
cell_4799,20.7782,5.9139,cluster_3
cell_48,7.7407,4.0614,cluster_1
cell_480,19.2236,6.6155,cluster_3
cell_4800,19.2877,8.2387,cluster_2
cell_4801,8.8269,7.3940,cluster_5
cell_4802,7.9028,7.2800,cluster_5
cell_4803,5.8030,5.2237,cluster_4
cell_4804,8.7862,8.2608,cluster_5
cell_4805,20.2217,10.9332,cluster_2
cell_4806,19.1959,9.4467,cluster_2
cell_4807,21.4779,7.9745,cluster_3
cell_4808,8.4677,8.3980,cluster_5
cell_4809,19.0495,9.2861,cluster_2
cell_481,9.1665,5.6946,cluster_1
cell_4810,4.1564,4.8012,cluster_4
cell_4811,19.7923,5.9989,cluster_3
cell_4812,4.4783,7.0227,cluster_4
cell_4813,17.8399,8.9500,cluster_3
cell_4814,20.7408,10.5719,cluster_2
cell_4815,21.1159,9.7567,cluster_2
cell_4816,20.6627,10.4367,cluster_2
cell_4817,9.4115,3.3354,cluster_1
cell_4818,18.9337,9.9916,cluster_2
cell_4819,21.6931,8.4000,cluster_2
cell_482,18.4213,7.7786,cluster_2
cell_4820,4.3951,6.2393,cluster_4
cell_4821,22.6732,8.5909,cluster_2
cell_4822,10.3931,4.7758,cluster_7
cell_4823,20.4663,5.9082,cluster_3
cell_4824,9.2147,8.0075,cluster_5
cell_4825,4.5605,5.2059,cluster_4
cell_4826,8.4462,1.8335,cluster_1
cell_4827,21.1766,7.6689,cluster_2
cell_4828,19.1829,6.7829,cluster_2
cell_4829,6.3270,5.8336,cluster_4
cell_483,19.4432,7.8483,cluster_2
cell_4830,5.8962,5.3573,cluster_4
cell_4831,17.6773,9.9032,cluster_1
cell_4832,8.2438,2.3336,cluster_1
cell_4833,22.7955,8.5115,cluster_2
cell_4834,17.6945,7.8481,cluster_3
cell_4835,19.8468,9.0850,cluster_2
cell_4836,8.6535,9.3429,cluster_5
cell_4837,21.3184,4.7736,cluster_3
cell_4838,5.5803,9.1057,cluster_6
cell_4839,18.8263,8.3438,cluster_2
cell_484,21.0062,8.7649,cluster_3
cell_4840,4.1143,5.8784,cluster_4
cell_4841,21.2060,7.0441,cluster_3
cell_4842,18.9611,7.0824,cluster_3
cell_4843,21.6283,6.5042,cluster_3
cell_4844,21.3101,5.0670,cluster_3
cell_4845,18.6268,6.3571,cluster_3
cell_4846,17.3727,8.7058,cluster_2
cell_4847,9.2526,3.9975,cluster_1
cell_4848,4.6963,6.9018,cluster_4
cell_4849,8.9020,2.8152,cluster_1
cell_485,21.0389,9.6956,cluster_2
cell_4850,21.2105,8.1243,cluster_2
cell_4851,8.4003,7.4265,cluster_5
cell_4852,20.8384,6.1335,cluster_3
cell_4853,6.1720,5.8559,cluster_4
cell_4854,21.4761,9.3750,cluster_3
cell_4855,19.2040,9.6200,cluster_2
cell_4856,16.9591,6.3587,cluster_3
cell_4857,19.8116,5.0140,cluster_3
cell_4858,19.3250,8.2368,cluster_3
cell_4859,10.5031,4.8048,cluster_7
cell_486,9.7595,4.7937,cluster_1
cell_4860,6.8981,7.3424,cluster_4
cell_4861,11.3854,4.9764,cluster_7
cell_4862,5.4432,5.5681,cluster_4
cell_4863,16.6832,7.2085,cluster_3
cell_4864,19.9674,10.2603,cluster_2
cell_4865,8.2697,8.8272,cluster_5
cell_4866,9.4168,3.9080,cluster_1
cell_4867,19.9456,9.0223,cluster_3
cell_4868,20.3275,6.7800,cluster_2
cell_4869,22.6633,9.1725,cluster_2
cell_487,5.7060,5.9947,cluster_4
cell_4870,8.1851,2.6049,cluster_1
cell_4871,19.1343,7.9536,cluster_2
cell_4872,8.6249,4.6651,cluster_1
cell_4873,20.7513,9.9510,cluster_2
cell_4874,9.4983,1.9373,cluster_1
cell_4875,9.0212,2.6670,cluster_1
cell_4876,9.0275,1.6825,cluster_1
cell_4877,4.4939,5.4388,cluster_4
cell_4878,19.1717,7.3082,cluster_3
cell_4879,20.2930,7.6040,cluster_2
cell_488,5.5661,5.6064,cluster_4
cell_4880,17.6193,8.3999,cluster_3
cell_4881,21.5227,9.1091,cluster_2
cell_4882,23.1352,6.9035,cluster_3
cell_4883,6.0160,6.5108,cluster_4
cell_4884,4.2179,5.5451,cluster_4
cell_4885,21.7467,6.7139,cluster_3
cell_4886,20.9150,9.0401,cluster_2
cell_4887,10.4356,4.3579,cluster_7
cell_4888,21.3778,6.7031,cluster_3
cell_4889,20.4226,10.5382,cluster_2
cell_489,19.4488,4.8781,cluster_3
cell_4890,9.4963,2.2489,cluster_1
cell_4891,4.2638,6.5972,cluster_4
cell_4892,9.1749,5.2057,cluster_1
cell_4893,4.8890,7.2940,cluster_4
cell_4894,19.0167,6.1167,cluster_3
cell_4895,8.6789,4.5800,cluster_1
cell_4896,10.2769,3.2718,cluster_1
cell_4897,8.0872,8.0350,cluster_5
cell_4898,7.9797,4.6351,cluster_1
cell_4899,17.3515,7.0374,cluster_3
cell_49,5.3857,9.8218,cluster_6
cell_490,20.4699,10.5001,cluster_2
cell_4900,19.8828,7.7948,cluster_2
cell_4901,21.8484,4.7958,cluster_3
cell_4902,19.7711,8.4649,cluster_2
cell_4903,9.1506,8.5141,cluster_5
cell_4904,20.3542,7.4844,cluster_2
cell_4905,18.7529,8.8275,cluster_2
cell_4906,20.8699,9.1643,cluster_3
cell_4907,20.6556,10.2763,cluster_2
cell_4908,4.9863,6.7241,cluster_4
cell_4909,16.9993,7.5181,cluster_1
cell_491,8.2182,2.5632,cluster_1
cell_4910,22.8637,5.8208,cluster_3
cell_4911,4.8741,4.5072,cluster_4
cell_4912,18.6899,8.2228,cluster_2
cell_4913,19.0563,9.0927,cluster_2
cell_4914,5.7019,8.5621,cluster_4
cell_4915,16.6314,7.9320,cluster_3
cell_4916,4.7659,6.0229,cluster_4
cell_4917,22.9694,5.7795,cluster_3
cell_4918,21.7238,8.8822,cluster_2
cell_4919,5.6396,6.4824,cluster_4
cell_492,7.6465,9.5752,cluster_5
cell_4920,4.0378,4.6819,cluster_4
cell_4921,5.8039,8.6235,cluster_6
cell_4922,4.9296,7.1273,cluster_4
cell_4923,8.5263,3.4467,cluster_1
cell_4924,8.1072,8.5098,cluster_5
cell_4925,22.8382,7.7767,cluster_3
cell_4926,19.9395,6.7064,cluster_2
cell_4927,8.0168,3.7232,cluster_1
cell_4928,7.2158,5.2223,cluster_1
cell_4929,16.6890,8.3206,cluster_3
cell_493,8.8372,1.9317,cluster_1
cell_4930,21.1842,7.9214,cluster_2
cell_4931,21.5608,9.3668,cluster_2
cell_4932,19.1040,10.2562,cluster_2
cell_4933,10.2146,4.8932,cluster_7
cell_4934,20.4088,8.4956,cluster_2
cell_4935,8.8443,8.1566,cluster_5
cell_4936,22.1906,6.0113,cluster_2
cell_4937,8.8967,7.8256,cluster_5
cell_4938,10.9312,4.6362,cluster_7
cell_4939,21.0509,9.8692,cluster_2
cell_494,5.1094,5.8747,cluster_4
cell_4940,8.7330,2.7372,cluster_1
cell_4941,4.7534,6.4558,cluster_4
cell_4942,21.2297,4.8028,cluster_3
cell_4943,7.7796,2.7942,cluster_1
cell_4944,4.3214,5.9881,cluster_4
cell_4945,17.8314,5.6420,cluster_3
cell_4946,5.3040,6.5546,cluster_4
cell_4947,20.2299,6.7213,cluster_2
cell_4948,22.8986,5.4086,cluster_3
cell_4949,4.0848,6.3935,cluster_4
cell_495,23.0452,5.7605,cluster_3
cell_4950,21.3509,6.8114,cluster_3
cell_4951,8.4935,9.3214,cluster_5
cell_4952,22.2414,9.5056,cluster_2
cell_4953,22.7794,6.0538,cluster_3
cell_4954,16.8689,8.7255,cluster_1
cell_4955,20.5337,5.1310,cluster_3
cell_4956,19.8284,8.4671,cluster_2
cell_4957,22.4820,6.5885,cluster_3
cell_4958,7.9910,4.4024,cluster_4
cell_4959,18.9372,8.4027,cluster_3
cell_496,4.4049,5.8875,cluster_4
cell_4960,6.9292,5.5037,cluster_1
cell_4961,20.0669,9.1218,cluster_2
cell_4962,16.8743,7.4707,cluster_3
cell_4963,22.4013,8.4410,cluster_2
cell_4964,16.9434,7.5942,cluster_3
cell_4965,19.8352,7.7056,cluster_2
cell_4966,7.6314,4.4586,cluster_1
cell_4967,4.0330,5.0339,cluster_4
cell_4968,20.8190,7.7326,cluster_2
cell_4969,23.0172,7.9281,cluster_3
cell_497,20.9390,8.9990,cluster_3
cell_4970,20.6364,10.1981,cluster_2
cell_4971,19.3865,10.0769,cluster_2
cell_4972,21.0117,6.5485,cluster_2
cell_4973,20.9217,8.9041,cluster_2
cell_4974,22.1063,7.5169,cluster_2
cell_4975,17.4026,8.0691,cluster_3
cell_4976,21.1065,5.2091,cluster_3
cell_4977,8.2637,4.6102,cluster_1
cell_4978,19.1123,10.0488,cluster_2
cell_4979,3.8224,4.5663,cluster_4
cell_498,8.9265,8.8131,cluster_5
cell_4980,20.6784,9.2938,cluster_2
cell_4981,18.6724,8.8573,cluster_2
cell_4982,19.3789,10.8437,cluster_2
cell_4983,8.2762,9.1767,cluster_5
cell_4984,19.8613,7.0180,cluster_3
cell_4985,22.4627,9.0285,cluster_2
cell_4986,5.8464,5.8460,cluster_4
cell_4987,17.0950,6.2939,cluster_3
cell_4988,20.5867,7.7607,cluster_3
cell_4989,4.3799,5.2103,cluster_4
cell_499,18.7214,5.6411,cluster_3
cell_4990,20.0832,8.6414,cluster_2
cell_4991,17.1008,7.2778,cluster_1
cell_4992,21.9393,5.5201,cluster_3
cell_4993,8.9993,3.0312,cluster_1
cell_4994,10.2606,3.6314,cluster_1
cell_4995,19.1571,4.7347,cluster_3
cell_4996,18.0826,5.8293,cluster_3
cell_4997,8.4164,6.3321,cluster_5
cell_4998,9.1593,5.0213,cluster_1
cell_4999,21.4414,5.5735,cluster_3
cell_5,21.8563,9.0231,cluster_2
cell_50,22.5045,9.6376,cluster_2
cell_500,5.9277,5.5871,cluster_4
cell_5000,20.6606,10.3194,cluster_2
cell_5001,21.7584,7.2133,cluster_3
cell_5002,20.8702,9.9681,cluster_2
cell_5003,3.8372,3.9407,cluster_4
cell_5004,6.7113,6.5018,cluster_4
cell_5005,7.3909,2.8952,cluster_1
cell_5006,22.4739,6.2466,cluster_3
cell_5007,17.5070,7.8382,cluster_3
cell_5008,21.4895,6.6253,cluster_3
cell_5009,19.4797,7.6475,cluster_2
cell_501,7.4332,3.9395,cluster_1
cell_5010,7.6927,2.2780,cluster_5
cell_5011,20.2614,6.8458,cluster_3
cell_5012,20.4908,10.2411,cluster_2
cell_5013,7.5231,6.7496,cluster_6
cell_5014,22.3320,8.3481,cluster_3
cell_5015,20.9717,9.2047,cluster_2
cell_5016,20.9995,10.5694,cluster_2
cell_5017,3.8672,4.5858,cluster_4
cell_5018,21.7827,9.7712,cluster_3
cell_5019,18.1995,9.7803,cluster_2
cell_502,18.8374,8.9731,cluster_2
cell_5020,19.4195,8.1817,cluster_2
cell_5021,17.9587,8.8051,cluster_2
cell_5022,21.9033,7.2437,cluster_2
cell_5023,20.1936,7.4827,cluster_3
cell_5024,18.5491,8.3713,cluster_2
cell_5025,20.6162,9.2651,cluster_2
cell_5026,22.7890,9.0901,cluster_2
cell_5027,20.8622,5.1763,cluster_3
cell_5028,8.6952,9.6613,cluster_5
cell_5029,21.1950,7.9337,cluster_3
cell_503,8.5289,5.6068,cluster_1
cell_5030,19.7382,6.3320,cluster_3
cell_5031,21.9471,7.4631,cluster_3
cell_5032,6.1916,4.9068,cluster_4
cell_5033,20.7682,7.5767,cluster_2
cell_5034,5.6445,8.5184,cluster_5
cell_5035,8.9313,2.4472,cluster_1
cell_5036,9.5556,3.8441,cluster_1
cell_5037,20.7196,6.7334,cluster_3
cell_5038,19.7979,9.5584,cluster_2
cell_5039,18.3496,8.2705,cluster_2
cell_504,9.2117,7.5663,cluster_5
cell_5040,18.0108,8.3887,cluster_3
cell_5041,21.6132,8.8185,cluster_2
cell_5042,5.9584,5.1583,cluster_4
cell_5043,21.5428,6.5597,cluster_3
cell_5044,23.0056,7.2275,cluster_2
cell_5045,21.8153,6.0867,cluster_3
cell_5046,6.0518,8.6553,cluster_6
cell_5047,20.3913,10.5926,cluster_2
cell_5048,9.5984,1.8481,cluster_1
cell_5049,21.9228,9.0102,cluster_3
cell_505,3.7596,4.4164,cluster_4
cell_5050,19.4915,8.5299,cluster_2
cell_5051,8.0741,6.9437,cluster_1
cell_5052,20.4522,9.0068,cluster_3
cell_5053,6.2844,5.6076,cluster_4
cell_5054,18.6930,7.9468,cluster_2
cell_5055,17.0992,5.9306,cluster_3
cell_5056,21.2731,5.7921,cluster_3
cell_5057,19.7015,9.6333,cluster_2
cell_5058,19.2975,7.2794,cluster_2
cell_5059,20.2954,8.6782,cluster_2
cell_506,4.4127,5.6713,cluster_4
cell_5060,18.6943,7.5899,cluster_2
cell_5061,20.8540,8.9244,cluster_2
cell_5062,17.7121,8.9212,cluster_2
cell_5063,20.2027,8.5218,cluster_2
cell_5064,5.3974,6.7792,cluster_4
cell_5065,19.4859,9.1552,cluster_2
cell_5066,17.6331,9.7353,cluster_1
cell_5067,22.9824,5.6307,cluster_3
cell_5068,9.5070,3.6170,cluster_1
cell_5069,19.4690,8.8817,cluster_2
cell_507,9.5816,1.8662,cluster_1
cell_5070,7.5411,8.2168,cluster_5
cell_5071,18.2221,5.7744,cluster_3
cell_5072,18.8344,5.7123,cluster_2
cell_5073,7.7637,3.4529,cluster_1
cell_5074,10.6901,4.1027,cluster_1
cell_5075,21.3540,5.7132,cluster_3
cell_5076,18.1856,8.5959,cluster_2
cell_5077,21.3198,4.8672,cluster_3
cell_5078,20.0599,7.4406,cluster_3
cell_5079,20.9274,7.0141,cluster_3
cell_508,21.5967,5.6225,cluster_3
cell_5080,19.7807,5.3407,cluster_3
cell_5081,21.1017,8.6680,cluster_2
cell_5082,17.7821,7.9558,cluster_3
cell_5083,10.5651,5.2959,cluster_7
cell_5084,21.2301,5.2272,cluster_3
cell_5085,17.0722,7.5234,cluster_3
cell_5086,17.8299,10.1323,cluster_1
cell_5087,19.6046,7.7230,cluster_2
cell_5088,19.6436,7.7180,cluster_2
cell_5089,7.9285,9.1011,cluster_5
cell_509,8.2056,3.3267,cluster_1
cell_5090,21.5873,7.2703,cluster_3
cell_5091,5.9218,5.5207,cluster_4
cell_5092,8.4328,4.5647,cluster_1
cell_5093,21.0373,8.3444,cluster_2
cell_5094,21.5916,7.0181,cluster_3
cell_5095,20.6226,10.2310,cluster_2
cell_5096,8.9667,3.5623,cluster_1
cell_5097,16.8903,7.7340,cluster_1
cell_5098,17.8379,5.9260,cluster_3
cell_5099,21.8327,9.2485,cluster_3
cell_51,5.8362,9.7199,cluster_6
cell_510,19.6517,8.5031,cluster_2
cell_5100,18.1580,6.8593,cluster_3
cell_5101,19.5250,6.4388,cluster_2
cell_5102,16.0319,7.1539,cluster_4
cell_5103,8.6920,2.7977,cluster_1
cell_5104,21.5086,10.1869,cluster_3
cell_5105,21.0164,8.2453,cluster_2
cell_5106,17.2695,5.8285,cluster_3
cell_5107,18.6855,5.2022,cluster_3
cell_5108,21.4674,7.4954,cluster_2
cell_5109,4.7327,6.9231,cluster_4
cell_511,8.3568,7.3393,cluster_5
cell_5110,4.7303,5.2397,cluster_4
cell_5111,19.3444,9.4150,cluster_2
cell_5112,22.9490,6.0151,cluster_3
cell_5113,21.3617,7.1527,cluster_3
cell_5114,9.2221,1.6931,cluster_1
cell_5115,19.4883,8.6214,cluster_2
cell_5116,8.8347,1.9267,cluster_1
cell_5117,19.5467,7.3443,cluster_2
cell_5118,21.0631,8.2334,cluster_2
cell_5119,19.4206,6.8841,cluster_3
cell_512,5.0026,6.4125,cluster_4
cell_5120,20.2617,10.0527,cluster_3
cell_5121,23.1917,5.8641,cluster_3
cell_5122,18.7854,8.3945,cluster_2
cell_5123,8.2878,2.6685,cluster_1
cell_5124,19.6056,9.9212,cluster_2
cell_5125,18.5161,9.2132,cluster_2
cell_5126,22.8698,6.4533,cluster_3
cell_5127,18.1324,9.7390,cluster_3
cell_5128,21.4496,10.2750,cluster_2
cell_5129,7.6475,3.1373,cluster_1
cell_513,6.4294,5.3361,cluster_7
cell_5130,18.7409,9.5160,cluster_2
cell_5131,21.1700,9.6969,cluster_2
cell_5132,19.0471,9.0484,cluster_2
cell_5133,23.2230,6.5029,cluster_3
cell_5134,18.9285,7.8226,cluster_2
cell_5135,16.9743,7.5914,cluster_1
cell_5136,19.2135,6.3196,cluster_3
cell_5137,19.4843,6.2014,cluster_3
cell_5138,19.4314,7.2373,cluster_2
cell_5139,8.4314,3.1308,cluster_1
cell_514,18.9093,9.7483,cluster_2
cell_5140,18.4626,6.2272,cluster_2
cell_5141,20.5909,7.8417,cluster_2
cell_5142,7.5456,4.3019,cluster_1
cell_5143,21.1995,6.8957,cluster_3
cell_5144,7.9921,2.4134,cluster_1
cell_5145,8.7985,7.0261,cluster_5
cell_5146,7.8747,8.9646,cluster_5
cell_5147,20.3625,8.9213,cluster_2
cell_5148,8.3321,8.3074,cluster_5
cell_5149,7.5039,5.6569,cluster_1
cell_515,8.3702,2.0556,cluster_1
cell_5150,19.7303,8.7145,cluster_3
cell_5151,18.5785,6.3658,cluster_2
cell_5152,19.9486,9.2266,cluster_2
cell_5153,22.2769,8.8879,cluster_2
cell_5154,21.7132,5.7855,cluster_2
cell_5155,8.3027,3.9746,cluster_1
cell_5156,11.1243,4.6409,cluster_7
cell_5157,22.1030,6.4889,cluster_3
cell_5158,8.5893,7.0950,cluster_5
cell_5159,19.5203,6.3671,cluster_2
cell_516,20.5390,8.9197,cluster_2
cell_5160,19.0454,6.3758,cluster_2
cell_5161,10.6107,4.7168,cluster_7
cell_5162,20.0475,8.5217,cluster_2
cell_5163,21.9049,9.1843,cluster_2
cell_5164,20.2703,5.4965,cluster_3
cell_5165,20.6299,8.9929,cluster_2
cell_5166,19.1521,6.3331,cluster_2
cell_5167,20.6821,6.0339,cluster_3
cell_5168,9.5931,2.5013,cluster_1
cell_5169,8.1253,2.0731,cluster_1
cell_517,9.3003,2.9989,cluster_1
cell_5170,17.8884,7.8608,cluster_2
cell_5171,7.2062,9.0632,cluster_5
cell_5172,22.1465,8.0644,cluster_2
cell_5173,11.0711,4.4151,cluster_7
cell_5174,22.2653,7.2190,cluster_2
cell_5175,22.6107,5.5549,cluster_3
cell_5176,18.1337,10.0184,cluster_2
cell_5177,18.0076,7.2083,cluster_1
cell_5178,22.5635,6.8015,cluster_3
cell_5179,19.9033,8.6389,cluster_3
cell_518,20.7913,8.9375,cluster_3
cell_5180,5.8264,5.2215,cluster_4
cell_5181,22.3922,8.8550,cluster_2
cell_5182,23.0250,6.7986,cluster_3
cell_5183,19.6663,8.5996,cluster_2
cell_5184,9.1853,1.8229,cluster_1
cell_5185,17.9881,6.7673,cluster_3
cell_5186,20.0884,8.4092,cluster_3
cell_5187,9.9456,4.8279,cluster_7
cell_5188,19.6260,10.4207,cluster_2
cell_5189,18.1679,7.1106,cluster_3
cell_519,20.4624,10.3241,cluster_2
cell_5190,22.3646,6.9966,cluster_3
cell_5191,20.8103,8.6592,cluster_2
cell_5192,17.5326,9.0551,cluster_4
cell_5193,22.8970,8.6202,cluster_3
cell_5194,20.4567,7.8762,cluster_2
cell_5195,18.2139,9.9262,cluster_2
cell_5196,21.7104,6.9942,cluster_2
cell_5197,20.0777,9.1790,cluster_2
cell_5198,18.4070,5.1879,cluster_3
cell_5199,9.6582,2.9747,cluster_1
cell_52,6.2373,8.0636,cluster_6
cell_520,5.6314,5.6853,cluster_4
cell_5200,16.8756,8.5718,cluster_1
cell_5201,4.3180,5.2488,cluster_4
cell_5202,22.1082,9.4199,cluster_2
cell_5203,19.8574,7.3145,cluster_2
cell_5204,5.6165,5.4717,cluster_4
cell_5205,18.6130,6.4000,cluster_3
cell_5206,21.0327,9.5787,cluster_2
cell_5207,20.9049,9.3113,cluster_2
cell_5208,19.6491,8.6472,cluster_2
cell_5209,21.3972,6.2240,cluster_3
cell_521,7.6067,5.6565,cluster_4
cell_5210,20.9113,9.0866,cluster_2
cell_5211,20.1173,5.9298,cluster_3
cell_5212,19.1881,8.4904,cluster_3
cell_5213,20.0713,7.4136,cluster_2
cell_5214,8.1666,2.7724,cluster_1
cell_5215,20.7850,7.8185,cluster_3
cell_5216,21.3149,5.9923,cluster_3
cell_5217,19.6777,7.4256,cluster_2
cell_5218,21.3193,7.9841,cluster_3
cell_5219,19.6900,9.7510,cluster_3
cell_522,16.9387,7.7867,cluster_1
cell_5220,6.5313,6.6596,cluster_4
cell_5221,21.8599,7.7766,cluster_2
cell_5222,22.2257,8.8029,cluster_2
cell_5223,20.0882,7.3912,cluster_2
cell_5224,22.4212,7.2981,cluster_3
cell_5225,17.3978,6.7162,cluster_1
cell_5226,20.6271,9.0959,cluster_3
cell_5227,8.5817,7.5142,cluster_5
cell_5228,9.2762,2.9825,cluster_1
cell_5229,18.6087,9.4251,cluster_3
cell_523,18.6307,6.5810,cluster_3
cell_5230,20.8650,8.4916,cluster_2
cell_5231,19.2856,9.2789,cluster_2
cell_5232,8.4417,3.1721,cluster_1
cell_5233,20.5219,8.4353,cluster_2
cell_5234,22.0306,5.4784,cluster_3
cell_5235,22.1354,8.7408,cluster_2
cell_5236,20.1944,7.5318,cluster_2
cell_5237,21.1293,7.8101,cluster_3
cell_5238,21.5215,9.1158,cluster_3
cell_5239,17.8778,7.8386,cluster_2
cell_524,20.5974,7.8573,cluster_3
cell_5240,17.9828,6.4011,cluster_3
cell_5241,19.8944,5.1757,cluster_3
cell_5242,21.5797,6.0083,cluster_3
cell_5243,20.8286,6.9551,cluster_3
cell_5244,9.2800,2.6809,cluster_1
cell_5245,22.4166,7.7942,cluster_2
cell_5246,20.6088,10.1565,cluster_2
cell_5247,18.2907,6.3535,cluster_1
cell_5248,22.0737,7.5912,cluster_3
cell_5249,19.7939,8.0644,cluster_2
cell_525,20.5431,5.5007,cluster_3
cell_5250,5.0204,5.0483,cluster_4
cell_5251,22.5551,7.3337,cluster_3
cell_5252,5.9816,5.2513,cluster_4
cell_5253,19.5893,8.5468,cluster_3
cell_5254,20.1645,9.3613,cluster_2
cell_5255,11.2699,4.8845,cluster_7
cell_5256,21.3398,6.1993,cluster_3
cell_5257,22.6260,5.4644,cluster_3
cell_5258,10.7299,5.3386,cluster_7
cell_5259,19.5000,10.3715,cluster_2
cell_526,7.4442,3.7930,cluster_1
cell_5260,7.0815,5.4544,cluster_1
cell_5261,18.6965,8.4991,cluster_3
cell_5262,21.1980,4.8827,cluster_3
cell_5263,22.2981,7.4016,cluster_3
cell_5264,16.7122,7.0802,cluster_3
cell_5265,10.4150,5.2192,cluster_7
cell_5266,20.8832,8.7517,cluster_2
cell_5267,4.2374,6.5837,cluster_4
cell_5268,4.2172,4.8252,cluster_4
cell_5269,22.8351,7.4871,cluster_2
cell_527,7.7155,8.4624,cluster_5
cell_5270,4.2681,4.3987,cluster_4
cell_5271,9.0365,5.1962,cluster_3
cell_5272,9.3077,2.6952,cluster_1
cell_5273,19.5424,5.6589,cluster_2
cell_5274,20.8342,8.7538,cluster_2
cell_5275,21.1789,9.6390,cluster_3
cell_5276,8.5321,3.5328,cluster_1
cell_5277,20.8336,9.5148,cluster_2
cell_5278,20.4083,6.4810,cluster_3
cell_5279,10.2744,4.4031,cluster_1
cell_528,19.6380,6.6987,cluster_2
cell_5280,22.1070,8.2012,cluster_2
cell_5281,20.8291,7.2292,cluster_2
cell_5282,19.4284,8.5064,cluster_2
cell_5283,10.7154,4.6242,cluster_7
cell_5284,19.9700,5.2331,cluster_3
cell_5285,18.4552,9.6485,cluster_2
cell_5286,22.7541,6.3779,cluster_3
cell_5287,18.9006,6.0587,cluster_2
cell_5288,5.4502,9.3520,cluster_6
cell_5289,20.4273,10.6090,cluster_2
cell_529,20.5383,7.0869,cluster_2
cell_5290,20.0931,5.3537,cluster_3
cell_5291,18.9890,7.3155,cluster_2
cell_5292,21.4892,8.1985,cluster_3
cell_5293,10.5868,3.9394,cluster_1
cell_5294,20.6083,5.5355,cluster_3
cell_5295,22.6536,6.7841,cluster_3
cell_5296,7.3485,5.1313,cluster_7
cell_5297,18.3132,7.8903,cluster_2
cell_5298,17.6874,7.7958,cluster_3
cell_5299,23.0682,6.2618,cluster_3
cell_53,22.1775,8.0418,cluster_2
cell_530,6.4982,5.9212,cluster_4
cell_5300,22.0748,5.6150,cluster_3
cell_5301,17.1676,6.6149,cluster_4
cell_5302,21.6651,10.1483,cluster_2
cell_5303,9.1267,8.9677,cluster_5
cell_5304,19.7941,5.6043,cluster_3
cell_5305,8.9971,4.4583,cluster_1
cell_5306,22.6876,9.6381,cluster_2
cell_5307,22.4633,9.1445,cluster_2
cell_5308,18.7581,7.1796,cluster_3
cell_5309,8.2087,3.2530,cluster_1
cell_531,8.7533,9.1182,cluster_5
cell_5310,21.6977,9.8636,cluster_2
cell_5311,20.6577,8.8180,cluster_2
cell_5312,20.7471,8.8679,cluster_2
cell_5313,17.6649,8.0392,cluster_3
cell_5314,18.9034,9.7643,cluster_2
cell_5315,11.1406,4.8563,cluster_7
cell_5316,17.1028,6.4856,cluster_3
cell_5317,23.0442,7.0952,cluster_3
cell_5318,19.2390,6.5387,cluster_3
cell_5319,19.9001,8.9130,cluster_2
cell_532,7.7374,3.2208,cluster_1
cell_5320,10.4262,5.3049,cluster_7
cell_5321,22.6410,5.1998,cluster_3
cell_5322,18.4052,7.0828,cluster_2
cell_5323,20.1982,7.2568,cluster_3
cell_5324,19.4322,9.4080,cluster_3
cell_5325,20.3665,7.2562,cluster_3
cell_5326,9.8650,4.3044,cluster_1
cell_5327,18.2499,9.9052,cluster_2
cell_5328,20.0232,8.1894,cluster_2
cell_5329,20.6059,7.2956,cluster_3
cell_533,19.3666,10.4137,cluster_2
cell_5330,5.1677,6.8257,cluster_4
cell_5331,20.0084,7.9051,cluster_3
cell_5332,22.3668,8.2548,cluster_2
cell_5333,21.4126,9.8463,cluster_2
cell_5334,8.8360,4.6692,cluster_7
cell_5335,22.9077,8.7705,cluster_3
cell_5336,20.9303,6.9115,cluster_2
cell_5337,7.2363,6.5293,cluster_5
cell_5338,20.1984,8.8367,cluster_2
cell_5339,20.4445,8.4399,cluster_2
cell_534,8.9517,3.9646,cluster_1
cell_5340,9.4433,4.6343,cluster_1
cell_5341,20.1628,9.4936,cluster_2
cell_5342,22.6713,6.3316,cluster_3
cell_5343,20.8634,6.1372,cluster_3
cell_5344,20.8291,9.9048,cluster_2
cell_5345,20.3533,5.5093,cluster_2
cell_5346,18.9188,6.4335,cluster_2
cell_5347,9.4222,2.9102,cluster_1
cell_5348,19.8268,9.6597,cluster_2
cell_5349,19.9304,4.8320,cluster_3
cell_535,17.4810,6.6721,cluster_3
cell_5350,18.7646,6.0004,cluster_3
cell_5351,20.9159,7.3434,cluster_2
cell_5352,17.2134,7.1144,cluster_3
cell_5353,16.5401,8.4378,cluster_2
cell_5354,17.0556,6.8928,cluster_2
cell_5355,20.6762,9.8860,cluster_3
cell_5356,21.6023,8.6083,cluster_3
cell_5357,20.6111,6.5166,cluster_2
cell_5358,22.3505,7.9727,cluster_3
cell_5359,20.7361,7.8124,cluster_2
cell_536,19.7379,7.5077,cluster_2
cell_5360,16.7758,8.1391,cluster_3
cell_5361,17.1276,6.7882,cluster_1
cell_5362,17.9928,7.6115,cluster_3
cell_5363,18.5677,9.6730,cluster_2
cell_5364,8.2642,5.7123,cluster_1
cell_5365,18.8653,10.0113,cluster_2
cell_5366,21.5657,8.6976,cluster_2
cell_5367,21.9635,7.4364,cluster_3
cell_5368,7.7421,4.3698,cluster_1
cell_5369,22.8409,8.8245,cluster_2
cell_537,9.4670,2.9179,cluster_1
cell_5370,6.6994,5.5785,cluster_5
cell_5371,21.0467,6.1152,cluster_2
cell_5372,19.7038,6.6653,cluster_3
cell_5373,20.4451,4.7714,cluster_3
cell_5374,19.5361,9.0657,cluster_2
cell_5375,20.7220,7.2483,cluster_3
cell_5376,8.7999,1.4299,cluster_1
cell_5377,18.6077,8.7133,cluster_2
cell_5378,18.1884,7.0636,cluster_3
cell_5379,19.9202,6.6217,cluster_3
cell_538,4.9913,8.9029,cluster_6
cell_5380,19.4272,8.5743,cluster_2
cell_5381,19.8251,7.4376,cluster_2
cell_5382,21.7127,8.2677,cluster_2
cell_5383,19.6184,10.3371,cluster_2
cell_5384,22.6830,5.4136,cluster_3
cell_5385,8.3787,8.2418,cluster_5
cell_5386,20.2423,10.2521,cluster_2
cell_5387,8.9520,5.1439,cluster_1
cell_5388,5.2858,6.6589,cluster_4
cell_5389,22.1930,9.3294,cluster_3
cell_539,18.9228,10.4170,cluster_3
cell_5390,21.9532,8.5518,cluster_2
cell_5391,8.5625,2.5536,cluster_1
cell_5392,21.8953,8.0226,cluster_3
cell_5393,21.6930,5.6214,cluster_3
cell_5394,16.8429,8.3430,cluster_2
cell_5395,20.7439,9.3930,cluster_2
cell_5396,10.5832,4.5885,cluster_7
cell_5397,20.6221,7.5178,cluster_2
cell_5398,20.8304,9.2746,cluster_3
cell_5399,22.0730,8.1550,cluster_2
cell_54,7.3731,4.2673,cluster_1
cell_540,9.5213,4.2696,cluster_7
cell_5400,22.6415,7.1265,cluster_2
cell_5401,21.0959,8.9646,cluster_3
cell_5402,20.4526,7.9673,cluster_2
cell_5403,20.4485,8.2870,cluster_2
cell_5404,20.1243,7.8004,cluster_2
cell_5405,18.3736,6.2361,cluster_3
cell_5406,22.1476,7.7806,cluster_3
cell_5407,19.9709,8.8204,cluster_2
cell_5408,17.5864,6.1192,cluster_3
cell_5409,21.3752,8.3851,cluster_2
cell_541,8.7494,7.3039,cluster_5
cell_5410,9.5448,1.7238,cluster_1
cell_5411,19.6438,9.8511,cluster_2
cell_5412,6.7809,6.8908,cluster_3
cell_5413,8.4556,4.9342,cluster_1
cell_5414,19.8480,9.2247,cluster_2
cell_5415,23.0066,7.2919,cluster_2
cell_5416,18.7908,7.0567,cluster_3
cell_5417,18.7458,8.3793,cluster_2
cell_5418,18.1305,6.0913,cluster_3
cell_5419,7.8080,8.3594,cluster_5
cell_542,17.9876,7.2244,cluster_3
cell_5420,19.7180,6.8770,cluster_2
cell_5421,8.7253,2.8464,cluster_1
cell_5422,8.2113,3.0626,cluster_1
cell_5423,22.0863,8.2593,cluster_2
cell_5424,8.3188,2.5381,cluster_1
cell_5425,20.4307,9.7145,cluster_3
cell_5426,21.6877,6.5926,cluster_3
cell_5427,20.4975,9.5083,cluster_2
cell_5428,19.8183,9.3016,cluster_2
cell_5429,23.0815,8.1477,cluster_3
cell_543,21.2589,7.7415,cluster_2
cell_5430,8.1624,4.4491,cluster_1
cell_5431,4.9211,9.6357,cluster_6
cell_5432,21.5693,9.6563,cluster_3
cell_5433,18.7378,9.2974,cluster_2
cell_5434,20.9032,9.3237,cluster_2
cell_5435,20.1748,7.7765,cluster_2
cell_5436,22.5588,6.2133,cluster_2
cell_5437,20.8986,4.7429,cluster_3
cell_5438,19.9644,9.3651,cluster_3
cell_5439,19.8555,8.9841,cluster_3
cell_544,8.2708,9.0851,cluster_5
cell_5440,21.2688,4.5490,cluster_3
cell_5441,22.3788,8.4246,cluster_3
cell_5442,20.2951,7.6660,cluster_2
cell_5443,9.5165,2.8876,cluster_1
cell_5444,21.2280,10.1345,cluster_2
cell_5445,22.7047,8.5881,cluster_2
cell_5446,21.5403,7.0109,cluster_3
cell_5447,19.0675,7.8156,cluster_2
cell_5448,20.6304,5.1228,cluster_3
cell_5449,21.8524,10.0335,cluster_3
cell_545,20.4339,7.4143,cluster_2
cell_5450,19.1497,7.5251,cluster_3
cell_5451,20.2490,10.0704,cluster_2
cell_5452,22.9322,6.6224,cluster_3
cell_5453,7.9874,5.3739,cluster_1
cell_5454,17.5317,6.8167,cluster_1
cell_5455,21.0344,5.8030,cluster_3
cell_5456,9.6520,4.9068,cluster_7
cell_5457,21.3011,8.2716,cluster_2
cell_5458,19.9012,8.0045,cluster_2
cell_5459,21.3684,5.2548,cluster_3
cell_546,6.7893,6.6460,cluster_4
cell_5460,22.2567,9.5014,cluster_2
cell_5461,10.3771,3.9439,cluster_7
cell_5462,8.0362,8.0752,cluster_5
cell_5463,7.9674,6.4430,cluster_1
cell_5464,19.7552,5.5380,cluster_3
cell_5465,21.3026,10.0439,cluster_2
cell_5466,19.6503,6.8649,cluster_3
cell_5467,4.4734,7.1540,cluster_4
cell_5468,4.9162,7.2238,cluster_4
cell_5469,20.4067,9.8092,cluster_2
cell_547,21.5539,10.0096,cluster_2
cell_5470,20.7841,8.0735,cluster_2
cell_5471,21.9031,4.7750,cluster_3
cell_5472,19.9805,10.7352,cluster_2
cell_5473,19.7919,8.5012,cluster_2
cell_5474,4.1979,3.9874,cluster_4
cell_5475,19.1005,8.7382,cluster_2
cell_5476,8.3567,4.3852,cluster_1
cell_5477,20.6389,9.9248,cluster_2
cell_5478,22.2395,5.2187,cluster_3
cell_5479,20.2131,9.7280,cluster_2
cell_548,21.8959,7.9052,cluster_2
cell_5480,20.3314,7.1530,cluster_2
cell_5481,22.7387,8.9590,cluster_2
cell_5482,22.4513,6.2912,cluster_3
cell_5483,9.3918,3.9314,cluster_1
cell_5484,17.6884,8.0325,cluster_3
cell_5485,21.9065,9.0955,cluster_2
cell_5486,7.2535,6.3431,cluster_4
cell_5487,17.1702,7.2953,cluster_3
cell_5488,18.5090,9.0629,cluster_3
cell_5489,4.1785,4.5376,cluster_4
cell_549,19.3612,5.7660,cluster_2
cell_5490,20.9142,5.9559,cluster_3
cell_5491,9.5658,2.9022,cluster_1
cell_5492,4.2904,6.8199,cluster_4
cell_5493,21.3999,5.3404,cluster_3
cell_5494,11.1269,5.1127,cluster_7
cell_5495,9.2797,1.9711,cluster_1
cell_5496,8.3479,2.5376,cluster_1
cell_5497,21.8069,9.4885,cluster_2
cell_5498,17.3337,7.2757,cluster_2
cell_5499,19.1302,10.4790,cluster_2
cell_55,22.5104,8.7538,cluster_2
cell_550,20.4310,8.4057,cluster_2
cell_5500,17.2827,8.2835,cluster_2
cell_5501,16.8067,8.8816,cluster_1
cell_5502,19.9232,10.0972,cluster_2
cell_5503,21.8279,9.4282,cluster_2
cell_5504,20.0816,8.3845,cluster_3
cell_5505,22.6485,9.2894,cluster_2
cell_5506,18.8285,8.1608,cluster_2
cell_5507,17.8819,8.1637,cluster_2
cell_5508,8.8677,2.1102,cluster_1
cell_5509,19.2174,7.9686,cluster_2
cell_551,19.0260,5.6264,cluster_3
cell_5510,18.5782,10.3145,cluster_2
cell_5511,22.6442,5.4219,cluster_2
cell_5512,19.4728,8.9773,cluster_2
cell_5513,19.7367,7.8184,cluster_2
cell_5514,19.0515,9.6964,cluster_2
cell_5515,20.9149,6.1028,cluster_3
cell_5516,6.4960,6.5653,cluster_4
cell_5517,7.6993,6.1076,cluster_5
cell_5518,21.3798,5.9165,cluster_3
cell_5519,20.2163,10.4622,cluster_3
cell_552,20.4937,8.0569,cluster_3
cell_5520,20.0329,9.0324,cluster_2
cell_5521,7.1250,5.2348,cluster_4
cell_5522,9.1067,5.7995,cluster_3
cell_5523,21.7389,5.2476,cluster_3
cell_5524,20.6111,8.6068,cluster_2
cell_5525,21.4087,9.9841,cluster_2
cell_5526,22.3387,6.3365,cluster_3
cell_5527,16.2422,6.5247,cluster_3
cell_5528,21.1409,9.2761,cluster_2
cell_5529,8.9478,1.6420,cluster_1
cell_553,21.0573,6.3411,cluster_3
cell_5530,9.2195,5.6813,cluster_2
cell_5531,21.2813,9.2152,cluster_2
cell_5532,21.7437,4.6937,cluster_3
cell_5533,22.7420,8.8860,cluster_3
cell_5534,19.9689,10.4720,cluster_3
cell_5535,22.8376,5.4525,cluster_3
cell_5536,5.5399,6.2839,cluster_4
cell_5537,19.1337,5.1048,cluster_3
cell_5538,21.1725,6.3602,cluster_2
cell_5539,9.0860,2.6023,cluster_1
cell_554,19.3809,7.4298,cluster_2
cell_5540,20.6275,9.2753,cluster_2
cell_5541,21.2609,5.6809,cluster_3
cell_5542,22.1222,6.7509,cluster_3
cell_5543,6.4031,6.3890,cluster_4
cell_5544,21.9203,8.1697,cluster_2
cell_5545,9.0297,6.1604,cluster_2
cell_5546,21.0616,5.3327,cluster_3
cell_5547,8.6678,2.4415,cluster_1
cell_5548,20.4473,7.1919,cluster_2
cell_5549,21.1524,8.5229,cluster_3
cell_555,8.5005,9.0597,cluster_5
cell_5550,20.6822,9.9068,cluster_2
cell_5551,20.1638,9.8642,cluster_2
cell_5552,19.6615,10.6542,cluster_2
cell_5553,22.5516,6.6731,cluster_3
cell_5554,22.3364,6.5295,cluster_3
cell_5555,21.5654,8.9265,cluster_2
cell_5556,19.9207,9.1437,cluster_2
cell_5557,21.5413,6.5063,cluster_3
cell_5558,16.7110,7.1562,cluster_3
cell_5559,21.5535,5.2245,cluster_3
cell_556,4.6346,4.3299,cluster_4
cell_5560,8.4003,4.3008,cluster_1
cell_5561,20.2322,7.8197,cluster_2
cell_5562,20.1830,6.0189,cluster_3
cell_5563,21.2047,5.1310,cluster_3
cell_5564,22.9734,8.1137,cluster_3
cell_5565,19.2473,8.5974,cluster_2
cell_5566,5.4024,6.1820,cluster_4
cell_5567,22.2353,7.1053,cluster_3
cell_5568,19.5611,9.1495,cluster_2
cell_5569,22.4661,6.4159,cluster_3
cell_557,7.6138,8.8672,cluster_5
cell_5570,20.6416,8.6215,cluster_2
cell_5571,21.1405,7.1371,cluster_2
cell_5572,22.7325,5.4060,cluster_3
cell_5573,20.1318,10.2062,cluster_2
cell_5574,22.1014,9.6608,cluster_3
cell_5575,20.9063,8.8125,cluster_2
cell_5576,20.6018,6.7143,cluster_2
cell_5577,22.9484,7.7128,cluster_3
cell_5578,22.2087,8.4544,cluster_2
cell_5579,19.3634,7.7255,cluster_3
cell_558,20.6811,6.6716,cluster_3
cell_5580,19.3463,6.8658,cluster_3
cell_5581,8.7267,9.0642,cluster_5
cell_5582,20.8528,10.4069,cluster_2
cell_5583,17.4927,8.2600,cluster_2
cell_5584,21.1096,7.8822,cluster_2
cell_5585,22.1353,5.3045,cluster_3
cell_5586,22.0757,5.1048,cluster_3
cell_5587,7.9792,5.8265,cluster_1
cell_5588,19.0839,8.4044,cluster_2
cell_5589,22.7644,9.3614,cluster_2
cell_559,19.8915,6.7022,cluster_3
cell_5590,4.4451,5.6007,cluster_4
cell_5591,21.8467,8.0802,cluster_3
cell_5592,5.2549,7.0574,cluster_4
cell_5593,22.8262,6.7255,cluster_3
cell_5594,21.5699,6.4356,cluster_3
cell_5595,17.8658,9.1071,cluster_2
cell_5596,22.6539,8.4505,cluster_3
cell_5597,19.3056,8.2644,cluster_2
cell_5598,18.4258,7.4613,cluster_3
cell_5599,19.8592,7.6573,cluster_2
cell_56,10.7098,4.9562,cluster_7
cell_560,19.9917,5.9030,cluster_3
cell_5600,23.2559,7.4785,cluster_2
cell_5601,20.4539,8.6868,cluster_2
cell_5602,4.5253,5.7291,cluster_4
cell_5603,20.7275,7.8384,cluster_3
cell_5604,8.2745,4.4228,cluster_1
cell_5605,4.6583,7.1900,cluster_4
cell_5606,5.4005,5.3891,cluster_4
cell_5607,19.2612,8.9299,cluster_3
cell_5608,19.8724,7.7178,cluster_3
cell_5609,4.2981,7.0869,cluster_4
cell_561,8.3716,8.7542,cluster_5
cell_5610,9.9149,3.1454,cluster_1
cell_5611,22.6958,6.1051,cluster_3
cell_5612,21.6105,6.3576,cluster_3
cell_5613,18.7137,6.4667,cluster_3
cell_5614,21.5157,5.2715,cluster_3
cell_5615,20.3810,6.2563,cluster_3
cell_5616,8.2849,8.0204,cluster_5
cell_5617,20.0267,10.2464,cluster_2
cell_5618,20.6514,8.9382,cluster_2
cell_5619,21.1482,9.0916,cluster_3
cell_562,6.5765,5.7061,cluster_4
cell_5620,21.8179,6.5977,cluster_3
cell_5621,8.2352,8.5377,cluster_5
cell_5622,20.3011,8.1788,cluster_3
cell_5623,21.2735,9.2481,cluster_2
cell_5624,20.2079,8.1685,cluster_3
cell_5625,18.2776,8.6567,cluster_2
cell_5626,22.1251,6.8949,cluster_3
cell_5627,21.4364,9.9719,cluster_2
cell_5628,21.0526,5.6909,cluster_3
cell_5629,8.8230,5.2386,cluster_4
cell_563,20.0614,8.9619,cluster_2
cell_5630,21.7654,5.8739,cluster_3
cell_5631,23.4073,6.8456,cluster_3
cell_5632,19.5320,5.2370,cluster_3
cell_5633,5.4382,6.8766,cluster_4
cell_5634,22.7103,6.3594,cluster_3
cell_5635,6.0227,6.1558,cluster_4
cell_5636,20.4800,9.5353,cluster_2
cell_5637,19.5627,8.8293,cluster_3
cell_5638,5.8724,7.0701,cluster_4
cell_5639,22.5770,5.8872,cluster_3
cell_564,7.4568,3.8388,cluster_1
cell_5640,21.0424,7.9961,cluster_2
cell_5641,20.8129,8.2627,cluster_2
cell_5642,5.5176,5.6815,cluster_4
cell_5643,21.6983,9.1694,cluster_2
cell_5644,22.8669,7.5150,cluster_3
cell_5645,22.1361,5.1057,cluster_3
cell_5646,22.2936,7.2834,cluster_3
cell_5647,22.3868,6.6842,cluster_3
cell_5648,8.9632,4.5184,cluster_1
cell_5649,19.8438,9.4714,cluster_2
cell_565,18.7396,5.0314,cluster_3
cell_5650,22.1943,5.8339,cluster_3
cell_5651,20.4744,7.3275,cluster_3
cell_5652,20.3018,8.6862,cluster_2
cell_5653,20.8422,8.4009,cluster_2
cell_5654,22.5870,5.6457,cluster_3
cell_5655,16.4435,8.1228,cluster_2
cell_5656,21.5254,8.4059,cluster_3
cell_5657,21.6403,6.6098,cluster_2
cell_5658,23.1298,8.5197,cluster_2
cell_5659,21.8942,7.9710,cluster_3
cell_566,20.9461,10.5212,cluster_2
cell_5660,9.4179,1.7268,cluster_1
cell_5661,22.0815,5.2891,cluster_3
cell_5662,20.5910,8.1159,cluster_2
cell_5663,21.6648,7.9970,cluster_3
cell_5664,19.6905,7.4062,cluster_3
cell_5665,20.1632,8.3745,cluster_3
cell_5666,9.5236,3.0176,cluster_1
cell_5667,22.0197,9.8695,cluster_2
cell_5668,19.7183,10.4332,cluster_2
cell_5669,19.8144,5.5869,cluster_3
cell_567,18.6531,8.9743,cluster_2
cell_5670,21.2215,4.8319,cluster_3
cell_5671,18.6648,8.2810,cluster_2
cell_5672,20.6362,9.5438,cluster_2
cell_5673,21.4295,7.9441,cluster_2
cell_5674,20.2602,8.3215,cluster_2
cell_5675,19.5847,9.7895,cluster_2
cell_5676,21.7701,7.6435,cluster_3
cell_5677,5.3662,5.7514,cluster_4
cell_5678,21.9600,9.0359,cluster_2
cell_5679,21.1165,7.6295,cluster_2
cell_568,21.2739,8.6601,cluster_2
cell_5680,20.4730,8.4110,cluster_2
cell_5681,4.3967,7.1868,cluster_4
cell_5682,7.7772,5.7976,cluster_3
cell_5683,22.6046,9.4788,cluster_2
cell_5684,6.6663,6.4675,cluster_4
cell_5685,20.2225,5.0714,cluster_3
cell_5686,19.1412,8.1810,cluster_2
cell_5687,21.9535,9.9405,cluster_2
cell_5688,21.8935,8.5420,cluster_2
cell_5689,19.5698,10.8177,cluster_2
cell_569,21.3008,7.1994,cluster_2
cell_5690,22.9280,5.4976,cluster_3
cell_5691,19.6135,9.3872,cluster_2
cell_5692,21.2526,10.6478,cluster_3
cell_5693,21.4696,6.3186,cluster_3
cell_5694,18.8040,7.1986,cluster_3
cell_5695,8.4525,3.1368,cluster_1
cell_5696,22.4191,9.5000,cluster_3
cell_5697,21.7157,8.0476,cluster_3
cell_5698,22.1656,7.9989,cluster_2
cell_5699,16.2304,7.7330,cluster_3
cell_57,5.8008,5.5819,cluster_4
cell_570,7.9228,8.0730,cluster_5
cell_5700,20.9456,9.6285,cluster_3
cell_5701,20.7800,8.3436,cluster_2
cell_5702,8.5691,5.2938,cluster_1
cell_5703,21.8458,10.0446,cluster_2
cell_5704,21.9174,8.2702,cluster_3
cell_5705,5.7373,6.3872,cluster_4
cell_5706,21.8688,8.9576,cluster_3
cell_5707,19.8592,7.6046,cluster_2
cell_5708,20.3193,7.7522,cluster_2
cell_5709,22.4920,9.4972,cluster_2
cell_571,19.4677,6.6363,cluster_3
cell_5710,9.8967,4.4572,cluster_1
cell_5711,9.0961,9.3551,cluster_5
cell_5712,20.2084,9.7188,cluster_2
cell_5713,21.9629,7.3743,cluster_3
cell_5714,20.8492,8.7964,cluster_2
cell_5715,21.0376,6.9300,cluster_3
cell_5716,19.2852,7.6745,cluster_2
cell_5717,4.8907,6.7207,cluster_4
cell_5718,20.3986,5.3261,cluster_3
cell_5719,18.9773,7.3602,cluster_3
cell_572,21.0635,6.0093,cluster_3
cell_5720,22.3344,6.0794,cluster_3
cell_5721,22.7744,6.3079,cluster_3
cell_5722,6.4214,6.0727,cluster_3
cell_5723,18.4526,8.4715,cluster_3
cell_5724,9.6853,4.7361,cluster_7
cell_5725,21.7532,8.3768,cluster_3
cell_5726,19.7075,10.1181,cluster_2
cell_5727,19.9159,9.9309,cluster_2
cell_5728,20.7196,8.4099,cluster_2
cell_5729,22.5640,8.7370,cluster_3
cell_573,19.5738,8.4000,cluster_2
cell_5730,21.6951,9.4077,cluster_2
cell_5731,10.8446,3.9918,cluster_7
cell_5732,21.4566,10.2938,cluster_2
cell_5733,23.3056,6.0636,cluster_3
cell_5734,20.3403,10.3718,cluster_2
cell_5735,20.8412,10.5532,cluster_2
cell_5736,3.7132,3.8984,cluster_4
cell_5737,20.2641,5.8307,cluster_3
cell_5738,7.9795,2.1323,cluster_1
cell_5739,4.1080,4.9262,cluster_4
cell_574,22.7830,7.9551,cluster_3
cell_5740,22.1642,8.0316,cluster_3
cell_5741,21.1406,4.9066,cluster_3
cell_5742,20.1499,10.2172,cluster_2
cell_5743,20.3132,9.5035,cluster_2
cell_5744,22.1839,5.8183,cluster_3
cell_5745,18.5557,8.3002,cluster_2
cell_5746,19.7426,9.7779,cluster_2
cell_5747,16.2564,6.3156,cluster_3
cell_5748,21.9924,6.8831,cluster_2
cell_5749,22.1739,5.4211,cluster_3
cell_575,17.4925,7.2503,cluster_3
cell_5750,22.7390,5.5445,cluster_3
cell_5751,21.7753,5.5089,cluster_3
cell_5752,22.7346,5.6327,cluster_3
cell_5753,6.1744,6.4767,cluster_4
cell_5754,20.9643,8.6209,cluster_2
cell_5755,19.3358,8.1688,cluster_2
cell_5756,5.7624,5.0851,cluster_4
cell_5757,21.7769,7.6364,cluster_3
cell_5758,7.9868,2.6683,cluster_1
cell_5759,19.7052,10.2114,cluster_2
cell_576,19.6863,8.0951,cluster_3
cell_5760,17.4919,7.8386,cluster_1
cell_5761,21.9936,8.0932,cluster_2
cell_5762,22.0998,10.0321,cluster_3
cell_5763,20.9980,7.8380,cluster_2
cell_5764,20.1102,8.7207,cluster_2
cell_5765,19.8195,5.2943,cluster_3
cell_5766,21.6808,7.6180,cluster_2
cell_5767,23.1177,8.2341,cluster_2
cell_5768,3.9011,4.1832,cluster_4
cell_5769,8.1354,3.8714,cluster_1
cell_577,21.3047,7.4358,cluster_3
cell_5770,7.8377,2.6228,cluster_1
cell_5771,21.7266,5.5644,cluster_3
cell_5772,20.0309,7.7495,cluster_2
cell_5773,8.5830,4.8073,cluster_1
cell_5774,18.8831,7.8902,cluster_2
cell_5775,23.3180,7.5704,cluster_2
cell_5776,20.0320,9.4160,cluster_3
cell_5777,19.1830,10.3794,cluster_2
cell_5778,18.8987,6.9491,cluster_2
cell_5779,22.2421,7.8643,cluster_2
cell_578,19.7178,7.9393,cluster_2
cell_5780,21.3952,8.2120,cluster_2
cell_5781,22.4281,7.5869,cluster_3
cell_5782,17.5264,7.1393,cluster_3
cell_5783,19.5986,9.9883,cluster_2
cell_5784,9.0456,4.6938,cluster_5
cell_5785,8.0314,3.9685,cluster_1
cell_5786,5.0028,6.1275,cluster_4
cell_5787,21.2950,8.3375,cluster_2
cell_5788,22.7010,6.8675,cluster_3
cell_5789,8.0737,5.1096,cluster_1
cell_579,6.9058,7.7293,cluster_5
cell_5790,20.8157,8.4261,cluster_3
cell_5791,20.5136,7.0767,cluster_3
cell_5792,5.8339,6.5808,cluster_4
cell_5793,18.0164,6.7949,cluster_3
cell_5794,4.3819,4.8501,cluster_4
cell_5795,19.8682,8.5188,cluster_2
cell_5796,4.4093,4.9353,cluster_4
cell_5797,21.6521,9.4598,cluster_2
cell_5798,21.2991,8.3339,cluster_3
cell_5799,7.7290,6.9236,cluster_5
cell_58,8.5307,9.2597,cluster_5
cell_580,20.6128,9.9026,cluster_2
cell_5800,22.4612,6.4696,cluster_3
cell_5801,18.3663,8.8775,cluster_2
cell_5802,20.2066,6.2035,cluster_2
cell_5803,9.2473,2.2001,cluster_1
cell_5804,17.1942,7.2318,cluster_3
cell_5805,19.3460,5.1423,cluster_3
cell_5806,19.6490,5.5534,cluster_3
cell_5807,21.8643,8.7402,cluster_3
cell_5808,22.7318,8.0692,cluster_2
cell_5809,20.0969,6.0272,cluster_3
cell_581,19.8296,5.8887,cluster_3
cell_5810,23.0258,5.7470,cluster_3
cell_5811,21.7450,6.7268,cluster_3
cell_5812,22.0989,9.4925,cluster_2
cell_5813,7.5216,6.1854,cluster_4
cell_5814,20.8973,4.8325,cluster_3
cell_5815,18.2416,7.0210,cluster_2
cell_5816,20.7792,5.0602,cluster_3
cell_5817,9.0995,2.2653,cluster_1
cell_5818,19.5663,9.3682,cluster_2
cell_5819,21.3990,7.8921,cluster_3
cell_582,4.5940,6.8936,cluster_4
cell_5820,10.9167,4.2107,cluster_7
cell_5821,19.7102,10.1395,cluster_2
cell_5822,20.2696,10.1625,cluster_2
cell_5823,20.6825,8.7143,cluster_3
cell_5824,4.6312,6.7863,cluster_4
cell_5825,22.2402,8.9929,cluster_3
cell_5826,19.2848,4.9507,cluster_3
cell_5827,5.9623,5.5561,cluster_4
cell_5828,22.0099,7.0245,cluster_3
cell_5829,23.2511,6.6570,cluster_3
cell_583,7.6010,8.5626,cluster_5
cell_5830,17.9983,9.6488,cluster_2
cell_5831,8.2862,3.3582,cluster_1
cell_5832,8.7830,3.8974,cluster_1
cell_5833,19.9089,9.2947,cluster_2
cell_5834,16.8153,7.5723,cluster_3
cell_5835,22.5623,5.3894,cluster_3
cell_5836,20.8363,8.9930,cluster_2
cell_5837,21.6451,8.8163,cluster_2
cell_5838,8.9216,7.9317,cluster_5
cell_5839,22.6260,6.4768,cluster_3
cell_584,9.6085,5.3247,cluster_1
cell_5840,17.9757,9.5791,cluster_2
cell_5841,20.0592,8.4165,cluster_2
cell_5842,22.9792,7.5725,cluster_3
cell_5843,21.2321,7.6649,cluster_2
cell_5844,21.1066,9.3805,cluster_2
cell_5845,22.4428,6.8926,cluster_2
cell_5846,22.0929,9.0215,cluster_2
cell_5847,10.9325,4.3234,cluster_1
cell_5848,17.6891,7.3875,cluster_2
cell_5849,9.8250,2.6998,cluster_1
cell_585,9.1320,8.9735,cluster_5
cell_5850,21.8597,5.2273,cluster_3
cell_5851,5.5332,4.3873,cluster_4
cell_5852,19.4870,4.9422,cluster_3
cell_5853,22.2408,6.1195,cluster_3
cell_5854,20.6321,6.5634,cluster_3
cell_5855,20.0716,10.0843,cluster_2
cell_5856,4.0989,4.2431,cluster_4
cell_5857,19.5400,9.5412,cluster_2
cell_5858,9.6324,2.3409,cluster_1
cell_5859,20.6196,9.2232,cluster_2
cell_586,19.3984,6.4897,cluster_2
cell_5860,21.4457,7.1018,cluster_3
cell_5861,9.7822,2.2976,cluster_1
cell_5862,18.7338,8.6800,cluster_2
cell_5863,21.5113,6.4919,cluster_3
cell_5864,7.8890,8.9700,cluster_5
cell_5865,21.7431,8.9682,cluster_3
cell_5866,4.2585,4.9697,cluster_4
cell_5867,5.5693,4.9688,cluster_4
cell_5868,20.4264,8.4342,cluster_2
cell_5869,16.3252,7.2953,cluster_3
cell_587,18.9803,6.4110,cluster_2
cell_5870,21.1645,7.4947,cluster_2
cell_5871,20.0964,10.1411,cluster_2
cell_5872,21.1806,7.9643,cluster_2
cell_5873,4.0372,4.4345,cluster_4
cell_5874,20.8886,9.7305,cluster_2
cell_5875,17.6999,7.6942,cluster_3
cell_5876,19.8347,9.0907,cluster_2
cell_5877,21.4716,9.4225,cluster_2
cell_5878,7.3900,4.0188,cluster_1
cell_5879,21.4342,7.0864,cluster_3
cell_588,22.0220,5.9197,cluster_3
cell_5880,8.3844,4.3326,cluster_1
cell_5881,9.4489,4.9191,cluster_1
cell_5882,18.0338,8.3259,cluster_1
cell_5883,22.0174,7.5856,cluster_3
cell_5884,22.2169,8.2030,cluster_2
cell_5885,19.9253,9.1876,cluster_2
cell_5886,19.6886,8.5553,cluster_2
cell_5887,22.2128,9.5988,cluster_2
cell_5888,8.9942,3.8540,cluster_1
cell_5889,19.3717,8.3335,cluster_2
cell_589,21.0646,8.3115,cluster_2
cell_5890,18.8486,7.2338,cluster_3
cell_5891,21.5846,7.5941,cluster_3
cell_5892,17.3469,6.2521,cluster_3
cell_5893,22.5046,5.7534,cluster_3
cell_5894,7.4821,2.8503,cluster_1
cell_5895,19.7267,5.2808,cluster_3
cell_5896,20.5231,8.4382,cluster_2
cell_5897,4.5746,4.7887,cluster_4
cell_5898,19.4806,8.6023,cluster_2
cell_5899,17.7167,7.3315,cluster_1
cell_59,3.9869,5.8249,cluster_4
cell_590,8.4400,4.3797,cluster_1
cell_5900,21.2922,7.7438,cluster_3
cell_5901,6.5931,5.0092,cluster_4
cell_5902,18.0300,8.5457,cluster_2
cell_5903,22.0979,8.2848,cluster_2
cell_5904,8.1719,2.7044,cluster_1
cell_5905,19.9591,9.0851,cluster_2
cell_5906,4.9581,4.4630,cluster_4
cell_5907,21.5889,10.3472,cluster_3
cell_5908,21.2833,9.4160,cluster_2
cell_5909,22.4829,5.3900,cluster_3
cell_591,17.5328,7.3985,cluster_3
cell_5910,20.3544,9.4718,cluster_2
cell_5911,17.5378,7.4987,cluster_1
cell_5912,20.2173,7.8685,cluster_2
cell_5913,22.9130,6.2140,cluster_3
cell_5914,21.8324,5.4719,cluster_3
cell_5915,21.5212,8.5641,cluster_2
cell_5916,20.9272,7.9726,cluster_2
cell_5917,20.3095,9.7283,cluster_3
cell_5918,21.1586,8.3396,cluster_3
cell_5919,4.7876,6.8189,cluster_4
cell_592,4.9957,4.9073,cluster_4
cell_5920,21.9951,9.0416,cluster_3
cell_5921,17.7408,7.5464,cluster_2
cell_5922,18.4087,7.6000,cluster_3
cell_5923,19.6774,8.4589,cluster_2
cell_5924,17.1318,7.9653,cluster_3
cell_5925,18.5053,5.0926,cluster_3
cell_5926,9.4737,2.0553,cluster_1
cell_5927,9.0637,2.6751,cluster_1
cell_5928,22.6294,8.4732,cluster_3
cell_5929,22.2287,5.8056,cluster_3
cell_593,20.1366,5.5176,cluster_3
cell_5930,7.2995,6.1126,cluster_3
cell_5931,9.1605,3.2872,cluster_1
cell_5932,19.3175,10.1366,cluster_3
cell_5933,18.4239,5.4585,cluster_3
cell_5934,22.9281,8.2246,cluster_3
cell_5935,22.8754,7.7483,cluster_2
cell_5936,22.1307,9.2880,cluster_3
cell_5937,20.9947,5.0119,cluster_3
cell_5938,19.2943,9.9005,cluster_3
cell_5939,21.1051,7.5596,cluster_3
cell_594,20.6613,4.7764,cluster_3
cell_5940,19.1113,10.6886,cluster_2
cell_5941,19.3905,9.8492,cluster_2
cell_5942,22.3180,4.9856,cluster_3
cell_5943,19.7857,9.2520,cluster_2
cell_5944,8.3699,8.4297,cluster_5
cell_5945,9.9601,4.6809,cluster_1
cell_5946,20.7216,9.2146,cluster_2
cell_5947,23.2118,6.0360,cluster_3
cell_5948,21.4607,10.1218,cluster_2
cell_5949,17.0365,8.5825,cluster_3
cell_595,21.9738,8.7322,cluster_2
cell_5950,22.0559,7.9856,cluster_2
cell_5951,20.4904,8.5069,cluster_2
cell_5952,21.2193,9.3430,cluster_2
cell_5953,21.7410,9.3085,cluster_2
cell_5954,22.0270,8.1825,cluster_3
cell_5955,20.1845,10.9017,cluster_2
cell_5956,17.2193,7.4717,cluster_3
cell_5957,22.2988,6.7213,cluster_3
cell_5958,18.9606,10.2376,cluster_2
cell_5959,22.9036,5.6410,cluster_3
cell_596,19.0049,9.8641,cluster_2
cell_5960,5.5328,5.9721,cluster_4
cell_5961,21.8444,6.2309,cluster_3
cell_5962,8.6091,5.2058,cluster_1
cell_5963,8.8254,1.6277,cluster_1
cell_5964,18.0788,7.6069,cluster_3
cell_5965,9.0012,5.1595,cluster_1
cell_5966,21.4166,9.8582,cluster_2
cell_5967,21.2377,7.5979,cluster_3
cell_5968,21.9706,7.9445,cluster_3
cell_5969,17.8271,7.6967,cluster_3
cell_597,19.9342,7.7469,cluster_2
cell_5970,17.7153,6.0414,cluster_3
cell_5971,21.9579,8.7578,cluster_3
cell_5972,4.9976,4.7041,cluster_4
cell_5973,20.0266,5.2038,cluster_3
cell_5974,21.5702,6.5740,cluster_3
cell_5975,21.6060,8.1392,cluster_3
cell_5976,22.2296,8.9251,cluster_2
cell_5977,21.2315,6.8242,cluster_3
cell_5978,7.7861,3.1355,cluster_1
cell_5979,18.4203,8.3060,cluster_3
cell_598,19.2775,6.0471,cluster_2
cell_5980,20.7923,9.0921,cluster_2
cell_5981,20.9160,7.7245,cluster_3
cell_5982,18.0227,6.0528,cluster_3
cell_5983,19.9278,5.9563,cluster_3
cell_5984,5.7448,6.3210,cluster_4
cell_5985,19.7900,9.2343,cluster_2
cell_5986,19.9996,10.1306,cluster_2
cell_5987,8.7684,1.7080,cluster_1
cell_5988,19.0495,5.3772,cluster_3
cell_5989,5.7970,6.1499,cluster_4
cell_599,18.4126,6.8558,cluster_3
cell_5990,20.6522,7.1421,cluster_3
cell_5991,22.1599,5.5158,cluster_3
cell_5992,19.4628,10.6595,cluster_2
cell_5993,21.4705,7.6521,cluster_3
cell_5994,21.2330,6.7328,cluster_2
cell_5995,18.5631,10.4229,cluster_2
cell_5996,9.2956,1.5289,cluster_1
cell_5997,21.7849,9.9247,cluster_2
cell_5998,20.6612,8.7980,cluster_2
cell_5999,8.0390,2.7121,cluster_1
cell_6,23.1174,8.4495,cluster_3
cell_60,7.7327,5.4428,cluster_1
cell_600,22.9639,8.4782,cluster_3
cell_6000,21.9338,7.6936,cluster_3
cell_6001,19.8436,8.6502,cluster_2
cell_6002,21.1350,7.0830,cluster_2
cell_6003,19.3286,5.2107,cluster_3
cell_6004,9.9539,3.6011,cluster_1
cell_6005,5.2452,8.8407,cluster_6
cell_6006,8.2651,4.5402,cluster_1
cell_6007,17.6427,8.6043,cluster_3
cell_6008,18.9039,10.4497,cluster_2
cell_6009,19.5765,8.6427,cluster_2
cell_601,4.1512,3.8681,cluster_4
cell_6010,9.2898,1.6161,cluster_1
cell_6011,23.2823,7.3893,cluster_2
cell_6012,20.9039,7.4313,cluster_3
cell_6013,20.2680,9.6575,cluster_2
cell_6014,22.7594,5.7788,cluster_3
cell_6015,20.0242,9.8327,cluster_2
cell_6016,20.6193,6.4781,cluster_3
cell_6017,17.7488,8.1521,cluster_3
cell_6018,9.7150,4.9122,cluster_1
cell_6019,22.1305,5.3097,cluster_3
cell_602,18.8667,8.8090,cluster_2
cell_6020,4.3370,6.5713,cluster_4
cell_6021,20.5963,7.5314,cluster_2
cell_6022,9.4654,3.3035,cluster_1
cell_6023,20.3875,9.9197,cluster_2
cell_6024,21.1394,8.8815,cluster_2
cell_6025,21.5181,5.7463,cluster_3
cell_6026,19.2946,7.8671,cluster_2
cell_6027,19.2164,9.5589,cluster_2
cell_6028,9.5570,1.9033,cluster_1
cell_6029,20.4979,8.7586,cluster_2
cell_603,7.6520,9.2491,cluster_5
cell_6030,5.1196,5.0629,cluster_4
cell_6031,16.4186,6.7981,cluster_5
cell_6032,19.7227,6.7409,cluster_2
cell_6033,21.4139,8.9242,cluster_2
cell_6034,19.3138,8.3474,cluster_3
cell_6035,20.2259,8.7235,cluster_3
cell_6036,7.7116,6.8168,cluster_5
cell_6037,20.2758,9.0685,cluster_2
cell_6038,19.7777,7.8058,cluster_3
cell_6039,20.2349,6.7493,cluster_3
cell_604,20.8338,10.2501,cluster_2
cell_6040,23.2751,5.8705,cluster_3
cell_6041,9.0267,7.7780,cluster_5
cell_6042,9.3856,2.1264,cluster_1
cell_6043,19.1069,10.5950,cluster_2
cell_6044,23.0041,7.3976,cluster_3
cell_6045,20.2191,8.4544,cluster_2
cell_6046,8.3707,5.7560,cluster_4
cell_6047,8.6059,5.4210,cluster_1
cell_6048,21.9234,5.1697,cluster_3
cell_6049,19.6531,7.8128,cluster_2
cell_605,18.6963,8.1000,cluster_2
cell_6050,22.8142,8.5323,cluster_3
cell_6051,21.4532,8.6295,cluster_3
cell_6052,22.2793,5.6486,cluster_3
cell_6053,19.2252,8.0223,cluster_2
cell_6054,21.9684,9.3611,cluster_3
cell_6055,23.3055,7.1262,cluster_3
cell_6056,21.7707,5.3128,cluster_3
cell_6057,4.6797,6.5103,cluster_4
cell_6058,19.3283,9.0636,cluster_2
cell_6059,21.4477,5.0584,cluster_3
cell_606,17.8961,6.2000,cluster_3
cell_6060,4.4563,5.0792,cluster_4
cell_6061,21.5037,6.6648,cluster_3
cell_6062,22.3677,6.1179,cluster_3
cell_6063,8.6093,7.3922,cluster_5
cell_6064,22.1919,6.9124,cluster_2
cell_6065,21.7990,6.0104,cluster_3
cell_6066,22.1208,8.4908,cluster_3
cell_6067,22.8130,6.9037,cluster_3
cell_6068,8.0323,6.1721,cluster_1
cell_6069,17.6121,5.9523,cluster_2
cell_607,4.8960,4.4917,cluster_4
cell_6070,22.9642,5.4727,cluster_3
cell_6071,18.9056,10.1853,cluster_2
cell_6072,18.1374,8.7358,cluster_3
cell_6073,22.6235,5.2999,cluster_3
cell_6074,19.7227,6.0742,cluster_3
cell_6075,20.3212,8.2761,cluster_2
cell_6076,3.8680,3.9848,cluster_4
cell_6077,21.0147,9.9390,cluster_2
cell_6078,22.3237,9.5315,cluster_2
cell_6079,19.9651,9.3747,cluster_2
cell_608,18.8294,9.2559,cluster_2
cell_6080,19.0499,8.5064,cluster_2
cell_6081,19.9722,9.8016,cluster_2
cell_6082,9.7791,2.2016,cluster_1
cell_6083,8.9843,2.1293,cluster_1
cell_6084,22.6866,8.8917,cluster_2
cell_6085,16.8746,8.0812,cluster_2
cell_6086,21.1657,6.4963,cluster_3
cell_6087,22.5550,5.3184,cluster_3
cell_6088,21.3558,5.8567,cluster_3
cell_6089,22.8842,7.1056,cluster_3
cell_609,19.2277,10.0514,cluster_2
cell_6090,17.9709,6.4674,cluster_3
cell_6091,20.9132,9.8708,cluster_2
cell_6092,18.4424,6.2810,cluster_2
cell_6093,19.6344,7.4173,cluster_2
cell_6094,21.8834,6.8463,cluster_3
cell_6095,4.7099,7.0646,cluster_4
cell_6096,21.3564,9.6758,cluster_2
cell_6097,19.4129,8.5195,cluster_2
cell_6098,20.9098,7.9350,cluster_2
cell_6099,19.9168,7.4885,cluster_2
cell_61,22.6891,5.9718,cluster_3
cell_610,22.5466,6.5946,cluster_2
cell_6100,17.5859,6.1632,cluster_1
cell_6101,20.6027,8.6828,cluster_2
cell_6102,8.7344,6.0691,cluster_5
cell_6103,20.5295,5.8092,cluster_3
cell_6104,11.1339,5.0531,cluster_7
cell_6105,7.8863,8.9502,cluster_5
cell_6106,8.7085,7.5084,cluster_5
cell_6107,22.8483,7.6315,cluster_3
cell_6108,9.9047,3.3774,cluster_1
cell_6109,21.3959,6.7545,cluster_2
cell_611,20.2795,8.7622,cluster_2
cell_6110,20.0209,9.7485,cluster_2
cell_6111,19.4325,8.4656,cluster_3
cell_6112,20.3488,7.5091,cluster_2
cell_6113,6.8566,6.3151,cluster_3
cell_6114,19.8241,8.7921,cluster_2
cell_6115,19.2388,7.5656,cluster_2
cell_6116,23.2249,5.9231,cluster_3
cell_6117,19.9582,10.2876,cluster_2
cell_6118,21.3227,8.3805,cluster_2
cell_6119,19.4298,5.7256,cluster_3
cell_612,19.7603,7.4999,cluster_3
cell_6120,19.3816,9.4503,cluster_2
cell_6121,19.2096,4.7663,cluster_3
cell_6122,17.1965,6.8729,cluster_1
cell_6123,20.9395,9.2125,cluster_2
cell_6124,20.5599,6.5513,cluster_2
cell_6125,22.9398,7.9530,cluster_2
cell_6126,8.4843,1.7281,cluster_1
cell_6127,21.1576,5.3624,cluster_3
cell_6128,10.5509,3.9936,cluster_7
cell_6129,21.9019,6.5028,cluster_3
cell_613,18.6591,6.6738,cluster_3
cell_6130,19.7569,7.0703,cluster_2
cell_6131,22.4189,5.5875,cluster_3
cell_6132,7.9534,2.1171,cluster_1
cell_6133,20.2382,7.9836,cluster_3
cell_6134,18.8467,5.4043,cluster_3
cell_6135,22.2862,4.7741,cluster_3
cell_6136,21.8747,9.2309,cluster_2
cell_6137,20.4237,5.3705,cluster_3
cell_6138,8.3407,8.9899,cluster_5
cell_6139,9.6902,2.5451,cluster_1
cell_614,9.2454,4.0115,cluster_1
cell_6140,21.0975,9.0884,cluster_2
cell_6141,21.3509,7.8116,cluster_2
cell_6142,8.4988,2.7695,cluster_1
cell_6143,9.6836,3.4639,cluster_1
cell_6144,8.6659,1.7464,cluster_1
cell_6145,19.6442,6.0110,cluster_3
cell_6146,17.5145,8.1979,cluster_2
cell_6147,20.8251,6.3149,cluster_3
cell_6148,21.0133,9.2574,cluster_2
cell_6149,5.1733,4.5489,cluster_4
cell_615,18.6739,8.7420,cluster_2
cell_6150,21.5618,8.6138,cluster_2
cell_6151,22.2775,5.7101,cluster_3
cell_6152,21.8901,9.5605,cluster_2
cell_6153,8.0297,3.9764,cluster_1
cell_6154,20.6116,9.4854,cluster_2
cell_6155,21.5173,8.9467,cluster_3
cell_6156,20.2737,10.2743,cluster_3
cell_6157,17.4782,7.9280,cluster_2
cell_6158,7.8715,3.9461,cluster_1
cell_6159,21.6247,6.3945,cluster_3
cell_616,22.1789,8.6200,cluster_2
cell_6160,21.9803,6.9190,cluster_2
cell_6161,3.8600,5.8589,cluster_4
cell_6162,21.8841,7.7449,cluster_3
cell_6163,21.1573,6.4403,cluster_3
cell_6164,16.9026,7.1686,cluster_1
cell_6165,18.9470,9.3584,cluster_3
cell_6166,5.3845,5.3411,cluster_4
cell_6167,4.5482,6.4675,cluster_4
cell_6168,20.2448,9.0518,cluster_2
cell_6169,6.0335,6.7571,cluster_4
cell_617,22.8108,5.6058,cluster_3
cell_6170,21.8703,8.1730,cluster_2
cell_6171,18.3220,8.1049,cluster_2
cell_6172,10.6761,4.6499,cluster_7
cell_6173,20.2586,5.1722,cluster_1
cell_6174,17.4208,8.7118,cluster_2
cell_6175,21.5527,9.0870,cluster_3
cell_6176,21.2610,5.7019,cluster_3
cell_6177,19.9932,9.4745,cluster_2
cell_6178,18.6329,6.9542,cluster_2
cell_6179,19.2404,10.2615,cluster_2
cell_618,20.7557,7.1016,cluster_3
cell_6180,21.1268,6.9549,cluster_2
cell_6181,8.8572,8.6807,cluster_5
cell_6182,21.2841,9.6082,cluster_2
cell_6183,5.3948,6.9630,cluster_4
cell_6184,19.7431,8.0509,cluster_2
cell_6185,4.9016,6.3172,cluster_4
cell_6186,20.8181,4.9822,cluster_3
cell_6187,4.2899,4.3019,cluster_4
cell_6188,19.8560,10.0370,cluster_2
cell_6189,20.7400,10.6646,cluster_2
cell_619,6.2429,5.3753,cluster_4
cell_6190,4.3599,4.8436,cluster_4
cell_6191,17.4982,6.9037,cluster_2
cell_6192,10.0870,5.0553,cluster_7
cell_6193,21.7824,8.4447,cluster_3
cell_6194,7.9831,8.4489,cluster_5
cell_6195,4.8376,5.2353,cluster_4
cell_6196,19.6950,10.5487,cluster_2
cell_6197,21.3395,8.7528,cluster_3
cell_6198,21.6813,5.2167,cluster_3
cell_6199,8.8540,3.6477,cluster_1
cell_62,17.8381,8.4104,cluster_2
cell_620,22.7531,6.1793,cluster_3
cell_6200,10.1696,3.9527,cluster_1
cell_6201,19.1350,9.4075,cluster_2
cell_6202,20.4211,6.3384,cluster_3
cell_6203,22.6139,9.5533,cluster_2
cell_6204,20.7784,9.1521,cluster_2
cell_6205,20.0156,7.3781,cluster_2
cell_6206,5.2129,5.3163,cluster_4
cell_6207,20.4030,8.3120,cluster_2
cell_6208,10.3287,3.3266,cluster_1
cell_6209,8.5927,1.6146,cluster_1
cell_621,22.4676,7.3096,cluster_3
cell_6210,9.4398,1.6802,cluster_1
cell_6211,6.1530,6.5580,cluster_4
cell_6212,5.7197,5.1694,cluster_4
cell_6213,21.4774,6.5602,cluster_3
cell_6214,21.8033,6.0125,cluster_3
cell_6215,9.1443,2.2153,cluster_1
cell_6216,20.8164,7.6902,cluster_3
cell_6217,9.4572,3.2901,cluster_1
cell_6218,4.0177,4.7317,cluster_4
cell_6219,20.7306,7.6875,cluster_2
cell_622,21.2865,8.6625,cluster_2
cell_6220,20.0874,7.7973,cluster_2
cell_6221,21.1347,10.3977,cluster_2
cell_6222,17.1848,9.5944,cluster_1
cell_6223,19.5392,10.6651,cluster_2
cell_6224,6.5869,5.7471,cluster_4
cell_6225,20.7803,9.1529,cluster_2
cell_6226,8.0196,4.0399,cluster_1
cell_6227,20.7654,6.7381,cluster_3
cell_6228,7.6883,5.5719,cluster_4
cell_6229,16.6601,6.7046,cluster_3
cell_623,19.3597,8.6968,cluster_3
cell_6230,22.5698,5.9780,cluster_3
cell_6231,5.2579,6.5576,cluster_4
cell_6232,18.3922,8.4325,cluster_3
cell_6233,21.0164,8.5998,cluster_3
cell_6234,19.8911,7.9304,cluster_3
cell_6235,21.4833,8.8090,cluster_2
cell_6236,21.2185,9.2542,cluster_2
cell_6237,18.0404,7.2925,cluster_3
cell_6238,8.8843,8.9099,cluster_5
cell_6239,8.5351,3.1095,cluster_1
cell_624,20.1462,7.4038,cluster_2
cell_6240,4.0040,4.8502,cluster_4
cell_6241,18.4129,9.2062,cluster_2
cell_6242,21.6331,7.9841,cluster_3
cell_6243,18.7627,8.2764,cluster_2
cell_6244,22.8652,7.6257,cluster_2
cell_6245,7.8853,2.8578,cluster_4
cell_6246,19.0524,6.5873,cluster_2
cell_6247,18.8941,7.0122,cluster_2
cell_6248,20.2189,8.2972,cluster_2
cell_6249,4.8890,9.3815,cluster_6
cell_625,20.7065,10.5727,cluster_2
cell_6250,7.9328,7.4579,cluster_1
cell_6251,20.5588,7.6898,cluster_3
cell_6252,9.3359,5.2825,cluster_4
cell_6253,21.4883,8.8714,cluster_2
cell_6254,7.8786,8.2028,cluster_5
cell_6255,20.8876,5.3076,cluster_3
cell_6256,20.7426,8.1506,cluster_2
cell_6257,21.7499,5.2507,cluster_3
cell_6258,5.1834,6.7156,cluster_4
cell_6259,20.5540,7.0560,cluster_2
cell_626,19.4856,10.2375,cluster_2
cell_6260,21.2133,9.8797,cluster_2
cell_6261,8.9419,7.7788,cluster_5
cell_6262,19.1024,8.6070,cluster_2
cell_6263,18.7323,9.9902,cluster_2
cell_6264,7.4513,8.7714,cluster_4
cell_6265,20.3897,8.6383,cluster_2
cell_6266,8.6632,7.1298,cluster_5
cell_6267,4.7032,4.3888,cluster_4
cell_6268,20.3582,9.6745,cluster_2
cell_6269,8.5459,3.9956,cluster_1
cell_627,5.3656,4.2158,cluster_4
cell_6270,19.5824,7.8992,cluster_1
cell_6271,22.2428,6.0223,cluster_3
cell_6272,18.0061,7.8947,cluster_2
cell_6273,9.3473,2.4395,cluster_1
cell_6274,16.9923,6.5063,cluster_2
cell_6275,22.3848,9.8958,cluster_2
cell_6276,8.1468,3.0035,cluster_1
cell_6277,22.6475,7.2368,cluster_3
cell_6278,21.8252,7.2502,cluster_3
cell_6279,5.0989,5.0573,cluster_4
cell_628,19.8293,9.7135,cluster_2
cell_6280,21.0643,9.7581,cluster_2
cell_6281,8.6861,2.2093,cluster_1
cell_6282,22.5861,7.1156,cluster_3
cell_6283,22.7725,7.2364,cluster_3
cell_6284,19.8332,10.7857,cluster_2
cell_6285,4.5371,4.4488,cluster_4
cell_6286,19.7696,7.0187,cluster_3
cell_6287,19.7161,9.7515,cluster_2
cell_6288,7.9808,8.1007,cluster_5
cell_6289,21.4443,7.4665,cluster_2
cell_629,18.9606,5.4685,cluster_2
cell_6290,22.3582,8.1188,cluster_3
cell_6291,7.3642,4.3621,cluster_1
cell_6292,21.1555,6.7231,cluster_3
cell_6293,23.0074,6.7290,cluster_2
cell_6294,20.3418,9.8897,cluster_3
cell_6295,20.4019,10.8709,cluster_2
cell_6296,17.4170,6.5263,cluster_3
cell_6297,10.9775,4.1116,cluster_7
cell_6298,21.7216,8.8583,cluster_3
cell_6299,22.1968,8.4253,cluster_2
cell_63,8.2353,8.2538,cluster_5
cell_630,21.4430,9.5943,cluster_2
cell_6300,19.9480,10.8490,cluster_2
cell_6301,9.3137,3.4157,cluster_1
cell_6302,20.5912,5.0246,cluster_3
cell_6303,21.2388,7.9569,cluster_2
cell_6304,21.3478,4.9240,cluster_3
cell_6305,21.0862,8.6803,cluster_3
cell_6306,9.6880,2.8741,cluster_1
cell_6307,22.3737,9.2677,cluster_2
cell_6308,21.4031,8.7674,cluster_3
cell_6309,19.4359,9.8484,cluster_2
cell_631,19.6700,10.2194,cluster_2
cell_6310,22.2196,9.2994,cluster_3
cell_6311,5.1071,6.5283,cluster_6
cell_6312,21.2091,8.4659,cluster_3
cell_6313,18.4884,7.6851,cluster_2
cell_6314,21.5836,8.0971,cluster_2
cell_6315,22.4925,6.1291,cluster_3
cell_6316,21.9405,5.3838,cluster_3
cell_6317,17.7705,6.7068,cluster_3
cell_6318,22.0733,8.1339,cluster_2
cell_6319,22.3774,9.3125,cluster_3
cell_632,20.2219,10.6202,cluster_2
cell_6320,19.9402,10.6663,cluster_2
cell_6321,21.1947,8.7382,cluster_3
cell_6322,9.0901,4.5217,cluster_1
cell_6323,8.1553,3.5775,cluster_1
cell_6324,22.9605,7.7685,cluster_3
cell_6325,19.8788,9.8643,cluster_2
cell_6326,22.3888,6.1676,cluster_3
cell_6327,20.9364,7.5634,cluster_3
cell_6328,4.4661,4.7568,cluster_4
cell_6329,5.0316,5.1007,cluster_4
cell_633,22.4255,9.1692,cluster_2
cell_6330,5.8546,9.7111,cluster_6
cell_6331,8.5353,2.3847,cluster_1
cell_6332,20.0155,9.0288,cluster_2
cell_6333,18.8085,8.0660,cluster_2
cell_6334,8.1241,2.7654,cluster_1
cell_6335,9.1051,2.2131,cluster_1
cell_6336,20.7680,8.8294,cluster_2
cell_6337,20.5776,7.7644,cluster_2
cell_6338,21.7636,7.0007,cluster_2
cell_6339,20.1268,6.7485,cluster_2
cell_634,20.8469,7.8639,cluster_2
cell_6340,19.8069,9.8050,cluster_2
cell_6341,19.7828,10.4207,cluster_2
cell_6342,20.8982,7.2257,cluster_3
cell_6343,10.8262,3.9188,cluster_1
cell_6344,20.7352,9.6890,cluster_2
cell_6345,9.6771,2.2561,cluster_1
cell_6346,22.5398,6.9572,cluster_3
cell_6347,10.4154,5.0433,cluster_5
cell_6348,19.9862,7.6345,cluster_2
cell_6349,20.7564,5.8119,cluster_3
cell_635,19.2917,8.3570,cluster_2
cell_6350,20.7159,8.4657,cluster_2
cell_6351,17.4334,5.8743,cluster_1
cell_6352,22.4073,7.2276,cluster_3
cell_6353,21.4662,5.1479,cluster_3
cell_6354,22.9085,8.0251,cluster_3
cell_6355,6.2147,6.2757,cluster_4
cell_6356,5.5509,8.5842,cluster_6
cell_6357,21.0376,9.4470,cluster_3
cell_6358,21.2156,5.5444,cluster_3
cell_6359,5.5968,5.3100,cluster_4
cell_636,9.4968,5.2536,cluster_4
cell_6360,3.8587,5.2133,cluster_4
cell_6361,19.0133,7.8043,cluster_2
cell_6362,21.7533,9.7295,cluster_2
cell_6363,8.9328,8.2315,cluster_5
cell_6364,20.2628,8.9226,cluster_2
cell_6365,4.1508,4.9180,cluster_4
cell_6366,18.3239,7.9608,cluster_2
cell_6367,16.9114,7.9403,cluster_3
cell_6368,10.8904,4.9981,cluster_7
cell_6369,19.5247,9.8423,cluster_2
cell_637,21.6265,6.1418,cluster_3
cell_6370,19.6950,6.0255,cluster_2
cell_6371,22.5758,6.8377,cluster_3
cell_6372,22.2681,8.5098,cluster_2
cell_6373,22.1565,5.0013,cluster_3
cell_6374,8.8383,9.0747,cluster_5
cell_6375,19.0499,9.1035,cluster_2
cell_6376,21.5178,8.5749,cluster_2
cell_6377,19.9711,8.7600,cluster_2
cell_6378,20.8842,9.8015,cluster_2
cell_6379,20.7059,9.9460,cluster_2
cell_638,19.4212,10.2402,cluster_2
cell_6380,21.4255,9.9726,cluster_2
cell_6381,20.9372,6.4567,cluster_2
cell_6382,5.1879,6.9517,cluster_4
cell_6383,22.0745,7.2145,cluster_3
cell_6384,20.0130,8.7057,cluster_3
cell_6385,5.7570,4.4710,cluster_4
cell_6386,3.7735,3.8659,cluster_4
cell_6387,20.7485,8.2694,cluster_2
cell_6388,19.2774,9.4497,cluster_2
cell_6389,19.0495,9.7935,cluster_2
cell_639,7.7193,4.9274,cluster_1
cell_6390,21.4170,7.2743,cluster_3
cell_6391,22.7710,9.6155,cluster_3
cell_6392,21.4139,10.2757,cluster_2
cell_6393,9.5888,1.9514,cluster_1
cell_6394,18.9590,8.4905,cluster_3
cell_6395,7.7685,8.8873,cluster_5
cell_6396,19.9616,5.8965,cluster_3
cell_6397,21.7185,6.8044,cluster_3
cell_6398,7.8023,9.2866,cluster_5
cell_6399,19.9945,5.6087,cluster_3
cell_64,5.9938,5.2747,cluster_4
cell_640,21.2203,8.7802,cluster_3
cell_6400,21.9650,9.1323,cluster_2
cell_6401,21.5782,8.1714,cluster_2
cell_6402,20.0251,5.7322,cluster_3
cell_6403,8.4394,4.1996,cluster_1
cell_6404,20.9968,8.5742,cluster_3
cell_6405,20.2475,7.7573,cluster_2
cell_6406,17.8223,8.5949,cluster_2
cell_6407,18.8290,7.3320,cluster_2
cell_6408,20.1358,8.0727,cluster_3
cell_6409,8.3430,7.7200,cluster_5
cell_641,11.4550,4.6452,cluster_7
cell_6410,19.6038,6.7189,cluster_3
cell_6411,22.0319,7.0594,cluster_2
cell_6412,19.3261,7.9642,cluster_2
cell_6413,20.6786,5.2030,cluster_3
cell_6414,5.6004,7.1076,cluster_4
cell_6415,21.9086,8.9735,cluster_2
cell_6416,7.3905,7.0974,cluster_5
cell_6417,4.1244,5.7557,cluster_4
cell_6418,21.8171,7.9508,cluster_3
cell_6419,17.8582,8.1119,cluster_3
cell_642,20.1023,7.2577,cluster_3
cell_6420,20.6225,9.0080,cluster_2
cell_6421,20.5374,7.6896,cluster_3
cell_6422,8.9561,2.2832,cluster_1
cell_6423,22.1351,7.4329,cluster_2
cell_6424,20.2306,7.6628,cluster_2
cell_6425,11.0858,4.8657,cluster_7
cell_6426,21.8687,8.4396,cluster_3
cell_6427,6.7005,6.8699,cluster_4
cell_6428,22.9377,6.2119,cluster_3
cell_6429,9.3778,3.8972,cluster_1
cell_643,21.0047,5.5901,cluster_3
cell_6430,20.8298,5.5376,cluster_3
cell_6431,21.2636,5.6334,cluster_3
cell_6432,21.2294,7.1645,cluster_2
cell_6433,19.0781,9.5144,cluster_2
cell_6434,21.6819,9.2570,cluster_3
cell_6435,20.5569,10.4520,cluster_2
cell_6436,21.9583,9.8605,cluster_2
cell_6437,22.1653,6.3508,cluster_3
cell_6438,4.4752,5.6500,cluster_4
cell_6439,16.9301,7.3320,cluster_1
cell_644,18.6051,7.7976,cluster_2
cell_6440,21.3366,4.9260,cluster_3
cell_6441,21.9971,8.6887,cluster_2
cell_6442,21.8390,6.0845,cluster_3
cell_6443,22.2412,7.3961,cluster_2
cell_6444,20.7276,9.3176,cluster_2
cell_6445,19.0123,8.3802,cluster_2
cell_6446,21.7748,6.8191,cluster_3
cell_6447,20.3152,9.6034,cluster_2
cell_6448,22.3591,6.0913,cluster_3
cell_6449,22.3504,8.1439,cluster_2
cell_645,19.2618,5.8406,cluster_2
cell_6450,21.1321,6.3798,cluster_3
cell_6451,8.1786,4.3030,cluster_1
cell_6452,19.8792,8.6850,cluster_2
cell_6453,22.7281,5.4227,cluster_3
cell_6454,22.3387,6.1604,cluster_3
cell_6455,18.7292,9.4592,cluster_2
cell_6456,19.4291,8.3450,cluster_2
cell_6457,20.8596,7.1687,cluster_3
cell_6458,5.0734,7.1160,cluster_4
cell_6459,18.7768,8.7374,cluster_3
cell_646,20.0367,10.0778,cluster_2
cell_6460,19.8652,9.0602,cluster_2
cell_6461,20.9144,10.8378,cluster_2
cell_6462,17.7384,6.7185,cluster_3
cell_6463,4.7200,4.6633,cluster_4
cell_6464,21.9333,8.3052,cluster_3
cell_6465,22.2425,8.3288,cluster_2
cell_6466,18.2834,6.7939,cluster_3
cell_6467,21.1521,9.9384,cluster_2
cell_6468,21.1076,6.2161,cluster_3
cell_6469,22.5970,7.4880,cluster_3
cell_647,21.8414,8.7840,cluster_2
cell_6470,20.7109,8.1072,cluster_2
cell_6471,22.5791,9.1776,cluster_2
cell_6472,10.8761,4.8446,cluster_7
cell_6473,18.6425,6.5882,cluster_2
cell_6474,20.5070,9.0353,cluster_2
cell_6475,22.3660,4.8685,cluster_3
cell_6476,22.1207,5.0764,cluster_3
cell_6477,21.6220,9.8299,cluster_2
cell_6478,20.8347,7.7489,cluster_2
cell_6479,21.8005,8.5068,cluster_3
cell_648,20.3586,7.5658,cluster_2
cell_6480,23.2045,6.3899,cluster_3
cell_6481,20.4273,9.2444,cluster_2
cell_6482,20.1876,7.1141,cluster_3
cell_6483,18.3201,7.4289,cluster_2
cell_6484,8.6360,5.3298,cluster_1
cell_6485,17.1689,7.5157,cluster_2
cell_6486,23.1320,6.9856,cluster_3
cell_6487,20.6733,8.6811,cluster_2
cell_6488,22.7855,5.7217,cluster_3
cell_6489,19.7473,7.7771,cluster_2
cell_649,19.3223,8.9263,cluster_2
cell_6490,18.0543,7.4541,cluster_2
cell_6491,20.0864,10.5913,cluster_2
cell_6492,22.9312,9.0153,cluster_2
cell_6493,20.5510,8.3229,cluster_2
cell_6494,9.0604,4.2583,cluster_1
cell_6495,19.4089,9.6729,cluster_2
cell_6496,19.6946,8.0977,cluster_2
cell_6497,23.1445,5.6775,cluster_3
cell_6498,19.3657,7.1923,cluster_2
cell_6499,21.0751,9.3248,cluster_2
cell_65,8.8515,3.5933,cluster_1
cell_650,21.9054,8.2082,cluster_3
cell_6500,22.7842,8.8559,cluster_3
cell_6501,21.1795,9.6495,cluster_2
cell_6502,22.5728,9.5825,cluster_2
cell_6503,21.4302,5.6513,cluster_3
cell_6504,23.1956,7.1760,cluster_3
cell_6505,21.8695,8.4424,cluster_2
cell_6506,21.5407,7.4397,cluster_3
cell_6507,20.8279,7.3962,cluster_3
cell_6508,22.7142,5.7555,cluster_3
cell_6509,5.7459,4.3877,cluster_4
cell_651,20.5123,9.4599,cluster_2
cell_6510,23.1379,5.6094,cluster_3
cell_6511,18.5931,5.9066,cluster_3
cell_6512,17.6501,7.3296,cluster_3
cell_6513,8.5280,2.1459,cluster_1
cell_6514,20.8673,8.5112,cluster_3
cell_6515,22.3455,8.7123,cluster_2
cell_6516,20.7897,10.3666,cluster_2
cell_6517,21.5421,5.9711,cluster_3
cell_6518,19.9307,7.3116,cluster_2
cell_6519,19.4593,10.8403,cluster_2
cell_652,18.9094,7.3526,cluster_3
cell_6520,15.9499,7.8607,cluster_3
cell_6521,22.5022,7.6884,cluster_3
cell_6522,17.0162,7.2072,cluster_2
cell_6523,20.6196,6.4789,cluster_3
cell_6524,22.6036,6.0745,cluster_3
cell_6525,21.5607,6.6905,cluster_3
cell_6526,20.4447,5.0835,cluster_4
cell_6527,21.2894,9.9112,cluster_2
cell_6528,19.3556,9.0155,cluster_2
cell_6529,22.2869,7.6103,cluster_3
cell_653,19.2066,7.6338,cluster_2
cell_6530,19.8632,7.9505,cluster_2
cell_6531,21.3603,7.8896,cluster_2
cell_6532,19.0663,8.5514,cluster_2
cell_6533,21.2096,9.5581,cluster_2
cell_6534,21.4420,9.2599,cluster_2
cell_6535,16.2047,7.1167,cluster_3
cell_6536,19.9002,9.8856,cluster_2
cell_6537,17.9390,9.6236,cluster_2
cell_6538,21.8851,8.9946,cluster_2
cell_6539,19.7357,8.4831,cluster_2
cell_654,20.7425,6.3213,cluster_3
cell_6540,19.0676,8.8487,cluster_2
cell_6541,22.6083,8.4130,cluster_2
cell_6542,22.4475,5.6361,cluster_3
cell_6543,20.2970,9.7074,cluster_2
cell_6544,17.6367,6.2638,cluster_3
cell_6545,20.1441,10.4399,cluster_2
cell_6546,22.6697,9.2882,cluster_3
cell_6547,21.3296,5.4760,cluster_3
cell_6548,21.8410,8.4530,cluster_2
cell_6549,6.9566,5.3988,cluster_4
cell_655,21.7447,7.9496,cluster_3
cell_6550,20.4953,8.3136,cluster_2
cell_6551,22.5800,8.7662,cluster_3
cell_6552,18.8986,9.6303,cluster_2
cell_6553,20.8504,5.9632,cluster_3
cell_6554,20.0630,7.6159,cluster_3
cell_6555,19.7529,6.0439,cluster_3
cell_6556,19.8359,9.1667,cluster_2
cell_6557,20.9087,5.5247,cluster_2
cell_6558,21.7667,8.9615,cluster_2
cell_6559,4.7689,4.4865,cluster_4
cell_656,19.7968,7.0770,cluster_2
cell_6560,22.3276,7.3841,cluster_3
cell_6561,20.7991,10.3920,cluster_2
cell_6562,18.9432,10.4023,cluster_2
cell_6563,20.8549,6.2539,cluster_2
cell_6564,19.9395,9.5828,cluster_2
cell_6565,18.8863,10.1772,cluster_2
cell_6566,17.4173,8.0617,cluster_1
cell_6567,19.1330,8.8608,cluster_2
cell_6568,18.9117,9.6169,cluster_2
cell_6569,22.0909,8.8617,cluster_3
cell_657,18.8611,6.5040,cluster_3
cell_6570,20.4925,10.1230,cluster_2
cell_6571,19.8718,9.1764,cluster_2
cell_6572,20.8943,6.7663,cluster_3
cell_6573,17.4242,5.9367,cluster_3
cell_6574,21.1795,10.2309,cluster_2
cell_6575,18.2423,9.3091,cluster_2
cell_6576,16.1330,7.2749,cluster_2
cell_6577,20.6819,8.1139,cluster_2
cell_6578,19.5529,8.7590,cluster_2
cell_6579,21.5571,7.4801,cluster_3
cell_658,20.7320,9.9677,cluster_2
cell_6580,17.7792,9.0590,cluster_2
cell_6581,19.6824,9.9945,cluster_2
cell_6582,17.3368,6.0709,cluster_2
cell_6583,19.4665,7.6792,cluster_2
cell_6584,21.3059,9.2957,cluster_2
cell_6585,20.2716,8.7187,cluster_2
cell_6586,22.4760,6.8275,cluster_3
cell_6587,20.9732,9.4025,cluster_2
cell_6588,18.4485,8.5582,cluster_2
cell_6589,19.3542,9.3146,cluster_2
cell_659,18.0055,6.7315,cluster_2
cell_6590,20.9769,10.3328,cluster_2
cell_6591,21.4987,9.4259,cluster_2
cell_6592,20.6831,8.5104,cluster_2
cell_6593,17.0242,6.9991,cluster_1
cell_6594,19.4863,10.0336,cluster_2
cell_6595,20.2172,10.2421,cluster_2
cell_6596,20.0651,5.8433,cluster_2
cell_6597,8.7500,1.9692,cluster_1
cell_6598,21.6636,9.4673,cluster_2
cell_6599,21.2299,10.7600,cluster_2
cell_66,21.4197,5.9827,cluster_3
cell_660,18.4026,6.7424,cluster_2
cell_6600,21.0209,9.7581,cluster_2
cell_6601,20.3474,8.3748,cluster_2
cell_6602,19.4228,8.9015,cluster_2
cell_6603,19.4158,6.6076,cluster_2
cell_6604,17.7847,8.0524,cluster_1
cell_6605,6.0947,5.1443,cluster_4
cell_6606,18.6932,8.8607,cluster_2
cell_6607,19.9656,5.2147,cluster_3
cell_6608,21.3962,8.6410,cluster_2
cell_6609,19.9005,8.2666,cluster_2
cell_661,18.4608,9.8722,cluster_2
cell_6610,21.2267,10.0143,cluster_2
cell_6611,18.1011,9.0290,cluster_2
cell_6612,21.1911,9.4314,cluster_2
cell_6613,20.7008,8.7096,cluster_2
cell_6614,20.3839,9.7836,cluster_2
cell_6615,3.7715,4.1386,cluster_4
cell_6616,19.8038,10.1942,cluster_2
cell_6617,21.5356,8.2016,cluster_3
cell_6618,18.8582,8.2605,cluster_2
cell_6619,20.7910,8.3133,cluster_2
cell_662,20.0492,7.5136,cluster_2
cell_6620,6.7306,6.3580,cluster_4
cell_6621,22.3792,5.6895,cluster_3
cell_6622,23.0307,6.4341,cluster_3
cell_6623,21.3966,8.7772,cluster_2
cell_6624,17.4444,6.2642,cluster_3
cell_6625,22.8826,8.5849,cluster_3
cell_6626,20.2859,9.2467,cluster_2
cell_6627,3.7666,3.9253,cluster_4
cell_6628,21.0792,6.7683,cluster_3
cell_6629,19.6380,9.2232,cluster_2
cell_663,19.3148,10.0691,cluster_2
cell_6630,20.4458,10.6030,cluster_2
cell_6631,19.6883,5.4881,cluster_3
cell_6632,19.3211,9.6498,cluster_3
cell_6633,18.8267,8.3659,cluster_3
cell_6634,18.1064,9.1480,cluster_2
cell_6635,20.7830,7.7328,cluster_2
cell_6636,19.5197,8.7531,cluster_2
cell_6637,21.6018,6.2840,cluster_2
cell_6638,17.0026,7.3510,cluster_3
cell_6639,6.4338,5.4788,cluster_4
cell_664,18.6556,10.3353,cluster_2
cell_6640,8.7434,2.0836,cluster_1
cell_6641,21.5585,6.0847,cluster_3
cell_6642,19.1185,9.3010,cluster_2
cell_6643,7.3092,5.9120,cluster_4
cell_6644,20.2867,9.5613,cluster_2
cell_6645,8.0486,3.5719,cluster_1
cell_6646,18.1254,5.4201,cluster_3
cell_6647,20.8314,9.0621,cluster_2
cell_6648,22.0841,8.4222,cluster_2
cell_6649,18.7189,9.3880,cluster_2
cell_665,19.4807,6.3814,cluster_2
cell_6650,19.8566,8.0597,cluster_2
cell_6651,20.8917,7.3083,cluster_3
cell_6652,19.9152,8.5125,cluster_2
cell_6653,20.1927,9.8704,cluster_2
cell_6654,18.7834,7.0466,cluster_2
cell_6655,21.7995,8.1022,cluster_3
cell_6656,18.6501,9.7334,cluster_2
cell_6657,20.2753,9.3613,cluster_2
cell_6658,4.6327,6.8486,cluster_4
cell_6659,20.4986,7.9456,cluster_2
cell_666,21.7374,5.0330,cluster_3
cell_6660,19.7807,7.2875,cluster_3
cell_6661,20.0501,7.2081,cluster_3
cell_6662,20.3381,9.1930,cluster_2
cell_6663,21.0024,9.8179,cluster_2
cell_6664,18.9568,9.2286,cluster_2
cell_6665,8.6149,4.2247,cluster_5
cell_6666,19.4498,5.8288,cluster_3
cell_6667,19.7369,10.2412,cluster_2
cell_6668,21.6742,6.2349,cluster_2
cell_6669,20.6184,8.5006,cluster_2
cell_667,21.9728,9.2096,cluster_3
cell_6670,22.0057,9.8768,cluster_2
cell_6671,20.0865,9.4898,cluster_2
cell_6672,20.2600,7.9376,cluster_2
cell_6673,4.9765,6.4034,cluster_4
cell_6674,5.7267,5.1106,cluster_4
cell_6675,20.0578,7.1875,cluster_2
cell_6676,22.6192,8.9069,cluster_2
cell_6677,21.4450,6.7902,cluster_2
cell_6678,18.8971,8.6053,cluster_2
cell_6679,18.2200,8.3633,cluster_2
cell_668,20.2874,5.8902,cluster_3
cell_6680,20.7274,8.6102,cluster_2
cell_6681,20.2060,9.7549,cluster_2
cell_6682,19.0622,7.5803,cluster_2
cell_6683,17.6712,7.8838,cluster_3
cell_6684,21.3481,8.2154,cluster_2
cell_6685,21.5389,8.2332,cluster_2
cell_6686,21.4738,9.1663,cluster_2
cell_6687,21.2048,6.7371,cluster_3
cell_6688,17.6040,8.2243,cluster_4
cell_6689,21.8134,8.3196,cluster_2
cell_669,21.0980,7.0106,cluster_2
cell_6690,20.6953,7.7020,cluster_2
cell_6691,22.4842,9.5963,cluster_2
cell_6692,19.5728,8.1935,cluster_2
cell_6693,6.2636,6.9021,cluster_4
cell_6694,19.7145,8.8521,cluster_2
cell_6695,20.4174,10.6669,cluster_2
cell_6696,20.7306,9.6756,cluster_2
cell_6697,19.1064,7.9295,cluster_2
cell_6698,22.8932,6.7075,cluster_3
cell_6699,20.2516,9.3560,cluster_2
cell_67,7.4223,9.3698,cluster_5
cell_670,21.2643,6.4895,cluster_3
cell_6700,22.6200,8.7428,cluster_2
cell_6701,20.8768,8.6316,cluster_2
cell_6702,5.0574,6.7186,cluster_4
cell_6703,17.7431,6.6817,cluster_3
cell_6704,20.0019,9.3743,cluster_2
cell_6705,16.7175,6.5826,cluster_3
cell_6706,20.5531,9.6645,cluster_2
cell_6707,21.3369,8.0428,cluster_2
cell_6708,23.0378,5.9347,cluster_3
cell_6709,19.7644,9.5963,cluster_2
cell_671,19.1976,8.5840,cluster_2
cell_6710,19.1047,10.4804,cluster_2
cell_6711,21.6561,5.0538,cluster_3
cell_6712,16.4764,7.0729,cluster_1
cell_6713,19.9681,10.4422,cluster_2
cell_6714,20.1128,10.3301,cluster_2
cell_6715,22.4315,6.3341,cluster_3
cell_6716,5.8007,6.8601,cluster_4
cell_6717,21.1019,5.9771,cluster_3
cell_6718,21.7563,9.6386,cluster_3
cell_6719,3.9092,4.2429,cluster_4
cell_672,18.6542,9.9174,cluster_2
cell_6720,19.0677,8.7965,cluster_2
cell_6721,21.1408,9.1039,cluster_2
cell_6722,18.8812,7.2421,cluster_3
cell_6723,19.8277,4.9833,cluster_3
cell_6724,4.7796,6.0619,cluster_4
cell_6725,22.4189,8.8676,cluster_2
cell_6726,21.1947,7.1725,cluster_3
cell_6727,22.4771,7.8611,cluster_2
cell_6728,20.2978,6.5822,cluster_3
cell_6729,21.9782,9.5481,cluster_2
cell_673,17.0569,7.2301,cluster_3
cell_6730,7.8784,8.7430,cluster_5
cell_6731,20.8848,6.8025,cluster_2
cell_6732,20.9577,7.9410,cluster_3
cell_6733,21.8696,7.4585,cluster_2
cell_6734,19.0772,9.5937,cluster_2
cell_6735,8.4810,7.7558,cluster_5
cell_6736,10.6591,5.2982,cluster_7
cell_6737,22.0134,9.6897,cluster_3
cell_6738,18.9448,9.1107,cluster_2
cell_6739,16.6066,8.1868,cluster_1
cell_674,20.0017,8.7996,cluster_2
cell_6740,21.0787,6.5772,cluster_2
cell_6741,19.5519,8.8927,cluster_3
cell_6742,16.9743,8.9751,cluster_1
cell_6743,19.5240,10.1639,cluster_2
cell_6744,22.4298,7.9459,cluster_2
cell_6745,22.1129,5.2966,cluster_3
cell_6746,19.7172,7.9443,cluster_3
cell_6747,23.0593,6.0524,cluster_3
cell_6748,22.7861,9.4520,cluster_2
cell_6749,22.2107,5.5037,cluster_3
cell_675,20.3909,6.4710,cluster_3
cell_6750,19.7764,7.6318,cluster_2
cell_6751,20.8372,9.0889,cluster_2
cell_6752,22.8884,5.9775,cluster_3
cell_6753,20.7096,10.4620,cluster_2
cell_6754,23.2099,6.7824,cluster_3
cell_6755,3.8670,4.1071,cluster_4
cell_6756,18.5900,10.0131,cluster_2
cell_6757,20.2079,10.4602,cluster_2
cell_6758,19.3813,6.3596,cluster_2
cell_6759,18.7716,5.4026,cluster_3
cell_676,22.3871,8.1954,cluster_2
cell_6760,21.1218,7.6392,cluster_2
cell_6761,20.9657,10.3652,cluster_2
cell_6762,8.5660,2.0001,cluster_1
cell_6763,20.1754,8.1255,cluster_2
cell_6764,5.7477,8.9167,cluster_6
cell_6765,22.5211,8.8599,cluster_2
cell_6766,22.4703,7.9987,cluster_2
cell_6767,20.6049,9.2911,cluster_2
cell_6768,18.7584,9.0020,cluster_2
cell_6769,19.6539,8.1860,cluster_2
cell_677,20.2684,9.4547,cluster_2
cell_6770,8.4344,5.6022,cluster_1
cell_6771,22.7431,5.5895,cluster_3
cell_6772,17.4660,8.5241,cluster_2
cell_6773,5.3578,4.8372,cluster_4
cell_6774,19.2632,7.7400,cluster_2
cell_6775,19.4251,9.7792,cluster_2
cell_6776,22.0848,9.2540,cluster_2
cell_6777,7.7739,6.8459,cluster_5
cell_6778,20.4524,10.1794,cluster_2
cell_6779,20.0748,7.3261,cluster_2
cell_678,23.2274,7.9699,cluster_2
cell_6780,21.3479,7.0111,cluster_3
cell_6781,17.1294,8.4435,cluster_3
cell_6782,17.2358,8.6198,cluster_2
cell_6783,22.2903,10.1064,cluster_2
cell_6784,21.3531,8.7538,cluster_2
cell_6785,20.5939,5.5838,cluster_3
cell_6786,21.8391,9.1369,cluster_2
cell_6787,22.6812,8.9211,cluster_3
cell_6788,17.7837,6.3398,cluster_3
cell_6789,22.1424,5.9380,cluster_3
cell_679,19.3826,7.3695,cluster_3
cell_6790,22.0657,5.7168,cluster_3
cell_6791,21.9852,8.4640,cluster_3
cell_6792,8.7304,3.9687,cluster_1
cell_6793,18.2086,10.0950,cluster_2
cell_6794,19.4586,5.1241,cluster_3
cell_6795,19.6223,7.8998,cluster_3
cell_6796,19.9102,7.9280,cluster_2
cell_6797,5.8157,4.4990,cluster_4
cell_6798,8.1204,7.3412,cluster_5
cell_6799,21.5612,8.8017,cluster_3
cell_68,4.9507,6.0862,cluster_4
cell_680,19.5403,5.8740,cluster_3
cell_6800,19.7824,7.8245,cluster_3
cell_6801,5.1832,7.0964,cluster_4
cell_6802,19.6718,7.5159,cluster_2
cell_6803,19.2823,8.0745,cluster_2
cell_6804,21.1366,6.4036,cluster_3
cell_6805,21.3540,6.4163,cluster_3
cell_6806,21.0620,8.3769,cluster_2
cell_6807,19.9987,10.8874,cluster_2
cell_6808,18.0136,8.2973,cluster_3
cell_6809,21.2178,5.1561,cluster_3
cell_681,22.6997,9.3094,cluster_2
cell_6810,22.3579,5.9284,cluster_3
cell_6811,19.6004,10.4905,cluster_2
cell_6812,21.8301,9.8983,cluster_3
cell_6813,9.0107,8.0141,cluster_5
cell_6814,20.4538,8.4831,cluster_2
cell_6815,19.0214,7.1716,cluster_2
cell_6816,21.6046,8.3584,cluster_2
cell_6817,18.2909,7.4558,cluster_3
cell_6818,21.3771,8.3953,cluster_2
cell_6819,21.6536,9.5440,cluster_2
cell_682,20.8841,9.5076,cluster_2
cell_6820,22.7963,5.9703,cluster_3
cell_6821,7.2409,4.0952,cluster_1
cell_6822,7.3424,3.4724,cluster_1
cell_6823,19.3935,7.3303,cluster_2
cell_6824,20.0523,6.6748,cluster_3
cell_6825,18.9067,10.0560,cluster_2
cell_6826,20.9717,9.5125,cluster_2
cell_6827,5.3261,4.9734,cluster_4
cell_6828,20.9882,9.5345,cluster_2
cell_6829,19.7660,10.9366,cluster_2
cell_683,7.7436,7.4544,cluster_5
cell_6830,9.4297,4.0907,cluster_1
cell_6831,19.0145,5.7658,cluster_2
cell_6832,22.9554,6.0616,cluster_3
cell_6833,20.3408,10.5966,cluster_2
cell_6834,8.5520,2.3968,cluster_1
cell_6835,22.5136,8.6315,cluster_3
cell_6836,8.2271,8.6659,cluster_5
cell_6837,21.5810,8.7329,cluster_2
cell_6838,22.4359,4.9140,cluster_3
cell_6839,20.8006,8.8320,cluster_2
cell_684,22.0213,9.9803,cluster_3
cell_6840,4.6966,7.2305,cluster_4
cell_6841,17.7607,8.9372,cluster_2
cell_6842,18.1771,9.7645,cluster_2
cell_6843,19.6607,8.9918,cluster_3
cell_6844,17.6551,7.5784,cluster_1
cell_6845,22.1312,9.5715,cluster_3
cell_6846,16.9609,9.4857,cluster_3
cell_6847,18.0564,8.1670,cluster_2
cell_6848,20.3103,7.2558,cluster_2
cell_6849,22.2637,6.2306,cluster_3
cell_685,22.0328,6.8018,cluster_3
cell_6850,22.6072,6.2461,cluster_2
cell_6851,7.9789,9.6409,cluster_5
cell_6852,10.0180,4.3991,cluster_1
cell_6853,7.6745,5.6893,cluster_2
cell_6854,18.4060,8.8856,cluster_2
cell_6855,19.1555,7.2265,cluster_2
cell_6856,19.8505,9.7523,cluster_2
cell_6857,21.2138,7.8391,cluster_2
cell_6858,21.1382,6.9003,cluster_3
cell_6859,9.8873,2.8358,cluster_1
cell_686,18.7654,7.9782,cluster_2
cell_6860,6.3333,6.7855,cluster_4
cell_6861,22.1341,7.8389,cluster_2
cell_6862,18.5544,6.0200,cluster_3
cell_6863,6.1236,6.7631,cluster_4
cell_6864,18.7738,4.9998,cluster_3
cell_6865,11.3115,4.5652,cluster_7
cell_6866,21.0251,9.4905,cluster_2
cell_6867,18.7588,10.5265,cluster_2
cell_6868,20.9531,8.1052,cluster_2
cell_6869,5.0713,6.1239,cluster_4
cell_687,20.0529,8.6942,cluster_2
cell_6870,9.8142,3.0723,cluster_1
cell_6871,18.4835,6.4283,cluster_2
cell_6872,8.1121,4.0132,cluster_1
cell_6873,4.3203,5.7294,cluster_4
cell_6874,21.6209,9.4607,cluster_2
cell_6875,21.5953,6.8789,cluster_3
cell_6876,17.7982,6.1624,cluster_2
cell_6877,20.8082,10.7966,cluster_2
cell_6878,18.1945,7.8171,cluster_2
cell_6879,21.7676,8.8981,cluster_2
cell_688,20.4160,4.8282,cluster_3
cell_6880,17.2016,7.1078,cluster_4
cell_6881,9.3726,2.8593,cluster_1
cell_6882,20.2232,8.4375,cluster_2
cell_6883,19.4523,8.3161,cluster_2
cell_6884,20.3313,9.4501,cluster_2
cell_6885,21.2788,6.1497,cluster_3
cell_6886,20.2859,7.7679,cluster_2
cell_6887,22.4397,7.4969,cluster_3
cell_6888,19.2759,5.3467,cluster_3
cell_6889,20.5597,9.5317,cluster_2
cell_689,19.2933,9.4795,cluster_2
cell_6890,23.0491,6.0554,cluster_3
cell_6891,21.6390,6.8326,cluster_3
cell_6892,19.3584,9.3781,cluster_2
cell_6893,21.8086,10.0766,cluster_2
cell_6894,19.6478,10.4589,cluster_2
cell_6895,20.8257,9.9612,cluster_2
cell_6896,19.5659,5.9625,cluster_2
cell_6897,19.9795,6.4669,cluster_2
cell_6898,19.9873,10.5741,cluster_2
cell_6899,18.9660,6.8790,cluster_2
cell_69,6.5749,5.4905,cluster_4
cell_690,20.8393,6.9104,cluster_2
cell_6900,7.9633,2.4546,cluster_1
cell_6901,19.4814,10.0219,cluster_2
cell_6902,21.4420,8.0241,cluster_3
cell_6903,20.5240,8.6963,cluster_2
cell_6904,9.0933,2.1959,cluster_1
cell_6905,5.7383,5.5307,cluster_4
cell_6906,19.6812,9.3271,cluster_2
cell_6907,20.2702,9.8477,cluster_2
cell_6908,22.9335,8.6694,cluster_2
cell_6909,22.9494,6.3809,cluster_3
cell_691,9.8230,4.0441,cluster_1
cell_6910,22.6847,7.9564,cluster_3
cell_6911,19.6271,6.9367,cluster_2
cell_6912,19.8102,9.9226,cluster_2
cell_6913,20.9370,10.6143,cluster_2
cell_6914,19.5751,7.4114,cluster_3
cell_6915,8.3817,7.7750,cluster_5
cell_6916,20.9831,8.7439,cluster_2
cell_6917,16.6003,7.9717,cluster_3
cell_6918,21.0547,10.0833,cluster_3
cell_6919,5.4499,5.6846,cluster_4
cell_692,18.9019,7.0201,cluster_2
cell_6920,19.0533,7.7842,cluster_2
cell_6921,20.0279,6.2561,cluster_2
cell_6922,5.0175,7.2122,cluster_4
cell_6923,20.9763,7.0883,cluster_3
cell_6924,7.2408,9.2845,cluster_5
cell_6925,22.8175,5.2194,cluster_3
cell_6926,21.7278,8.4361,cluster_2
cell_6927,21.8168,5.9303,cluster_3
cell_6928,19.4376,7.5588,cluster_2
cell_6929,9.2835,5.2764,cluster_3
cell_693,20.5153,7.5192,cluster_2
cell_6930,18.7758,8.2800,cluster_2
cell_6931,6.9474,7.2296,cluster_5
cell_6932,19.4464,10.5893,cluster_2
cell_6933,8.0333,9.1371,cluster_5
cell_6934,22.8696,9.0407,cluster_2
cell_6935,17.9085,9.6206,cluster_2
cell_6936,16.5396,6.7664,cluster_3
cell_6937,20.6376,8.0150,cluster_3
cell_6938,18.5769,9.7983,cluster_2
cell_6939,21.1341,6.5568,cluster_3
cell_694,17.7552,7.3877,cluster_1
cell_6940,8.9487,2.0653,cluster_1
cell_6941,18.4008,7.9047,cluster_2
cell_6942,21.4891,10.0615,cluster_2
cell_6943,20.7577,8.7769,cluster_3
cell_6944,19.7570,8.8613,cluster_2
cell_6945,21.4716,9.8771,cluster_2
cell_6946,19.6700,9.5400,cluster_2
cell_6947,20.7937,8.0788,cluster_3
cell_6948,9.2899,3.3648,cluster_1
cell_6949,5.7081,4.9626,cluster_4
cell_695,20.0086,9.2751,cluster_2
cell_6950,21.1952,8.2279,cluster_2
cell_6951,19.3248,7.5432,cluster_2
cell_6952,5.5633,6.9512,cluster_4
cell_6953,11.2824,5.2168,cluster_7
cell_6954,17.3560,6.2697,cluster_3
cell_6955,7.7589,9.9951,cluster_5
cell_6956,19.1682,6.6871,cluster_2
cell_6957,18.6625,8.2673,cluster_2
cell_6958,21.9593,6.5770,cluster_3
cell_6959,8.6554,8.0044,cluster_5
cell_696,19.5807,7.9195,cluster_2
cell_6960,21.4866,7.6802,cluster_2
cell_6961,21.3910,7.0971,cluster_3
cell_6962,23.0880,6.5262,cluster_3
cell_6963,4.9971,5.6274,cluster_4
cell_6964,20.0427,7.1485,cluster_2
cell_6965,20.9470,8.3835,cluster_2
cell_6966,23.3792,6.0974,cluster_3
cell_6967,17.0863,8.8836,cluster_3
cell_6968,20.2210,7.8852,cluster_2
cell_6969,21.7205,5.5880,cluster_3
cell_697,20.2967,7.0984,cluster_2
cell_6970,18.4444,7.4305,cluster_1
cell_6971,20.6809,7.5145,cluster_2
cell_6972,19.7675,6.7954,cluster_3
cell_6973,19.6636,10.2006,cluster_2
cell_6974,21.1621,6.7741,cluster_2
cell_6975,19.9700,4.9882,cluster_3
cell_6976,21.5967,9.3908,cluster_3
cell_6977,17.1354,8.4414,cluster_5
cell_6978,17.9270,7.0780,cluster_3
cell_6979,19.5562,10.0282,cluster_2
cell_698,21.5781,10.2618,cluster_3
cell_6980,21.2830,10.0958,cluster_2
cell_6981,19.9266,6.8755,cluster_2
cell_6982,22.9642,6.1560,cluster_3
cell_6983,18.4695,5.8513,cluster_2
cell_6984,19.9268,9.4177,cluster_2
cell_6985,4.7800,6.1406,cluster_4
cell_6986,18.9158,7.5609,cluster_2
cell_6987,22.5297,7.1831,cluster_3
cell_6988,19.5889,10.0838,cluster_2
cell_6989,22.1996,6.1915,cluster_3
cell_699,19.3602,8.0981,cluster_3
cell_6990,20.7892,10.1131,cluster_2
cell_6991,8.2057,6.8083,cluster_5
cell_6992,8.3708,8.1562,cluster_5
cell_6993,5.6033,8.6998,cluster_1
cell_6994,19.8959,8.5297,cluster_2
cell_6995,22.6344,8.5913,cluster_3
cell_6996,22.1359,7.2344,cluster_3
cell_6997,22.4691,6.9632,cluster_3
cell_6998,9.2851,4.0351,cluster_1
cell_6999,22.5278,8.7872,cluster_2
cell_7,20.0552,7.8019,cluster_2
cell_70,8.6034,2.5173,cluster_1
cell_700,18.1690,8.5740,cluster_2
cell_7000,19.5645,9.9119,cluster_2
cell_7001,19.4076,6.8012,cluster_2
cell_7002,7.7972,4.8392,cluster_1
cell_7003,21.2738,9.1547,cluster_2
cell_7004,9.7399,4.2326,cluster_1
cell_7005,8.8724,1.7510,cluster_1
cell_7006,21.6291,7.1843,cluster_2
cell_7007,20.2675,7.4298,cluster_2
cell_7008,8.8101,7.3915,cluster_5
cell_7009,8.5697,3.5015,cluster_1
cell_701,21.9078,5.7061,cluster_3
cell_7010,17.3647,8.7358,cluster_3
cell_7011,19.7829,6.8890,cluster_3
cell_7012,18.4625,5.5487,cluster_3
cell_7013,19.6635,8.4535,cluster_2
cell_7014,22.4335,6.3401,cluster_3
cell_7015,20.4037,7.2335,cluster_2
cell_7016,20.0753,9.1295,cluster_2
cell_7017,8.0339,8.0139,cluster_5
cell_7018,19.3335,9.0204,cluster_2
cell_7019,22.0343,7.0596,cluster_3
cell_702,18.0866,9.4522,cluster_2
cell_7020,8.7798,5.0061,cluster_1
cell_7021,8.2539,9.5322,cluster_5
cell_7022,22.4550,6.5627,cluster_3
cell_7023,18.5456,4.8684,cluster_3
cell_7024,20.8846,6.9620,cluster_2
cell_7025,5.4870,4.5634,cluster_4
cell_7026,21.0487,9.7949,cluster_3
cell_7027,20.3244,8.1867,cluster_2
cell_7028,18.7950,9.0406,cluster_2
cell_7029,17.9753,9.9519,cluster_2
cell_703,21.3584,4.6680,cluster_3
cell_7030,21.4175,8.1077,cluster_2
cell_7031,21.6092,10.3537,cluster_2
cell_7032,18.3650,10.0202,cluster_2
cell_7033,5.1894,5.0794,cluster_4
cell_7034,21.5064,8.6248,cluster_2
cell_7035,4.5701,4.6611,cluster_4
cell_7036,22.3816,9.1813,cluster_3
cell_7037,6.9782,8.8127,cluster_6
cell_7038,9.1563,3.1143,cluster_1
cell_7039,8.8515,5.4226,cluster_2
cell_704,21.3534,6.6256,cluster_2
cell_7040,18.5924,5.1157,cluster_2
cell_7041,21.8646,8.9226,cluster_3
cell_7042,19.5713,9.3532,cluster_2
cell_7043,11.3151,5.0108,cluster_7
cell_7044,11.1845,5.0320,cluster_7
cell_7045,7.2105,4.3098,cluster_1
cell_7046,19.3632,4.7349,cluster_3
cell_7047,7.4318,8.3635,cluster_5
cell_7048,21.4336,7.4007,cluster_3
cell_7049,8.4179,9.2745,cluster_5
cell_705,21.5370,6.6423,cluster_2
cell_7050,22.2031,5.8492,cluster_3
cell_7051,19.1916,4.6664,cluster_3
cell_7052,7.2858,4.3950,cluster_5
cell_7053,10.7472,4.3357,cluster_7
cell_7054,19.2902,5.8144,cluster_2
cell_7055,8.9078,5.4926,cluster_4
cell_7056,5.1345,5.5898,cluster_4
cell_7057,20.4280,8.3907,cluster_2
cell_7058,7.4546,6.2580,cluster_1
cell_7059,8.6951,8.1208,cluster_5
cell_706,22.1983,8.2936,cluster_2
cell_7060,21.0821,10.2288,cluster_2
cell_7061,22.9332,8.3024,cluster_2
cell_7062,9.8995,3.7992,cluster_7
cell_7063,7.7479,4.4266,cluster_1
cell_7064,8.7661,5.3195,cluster_1
cell_7065,19.1659,7.3708,cluster_2
cell_7066,23.2222,7.2212,cluster_2
cell_7067,20.2611,8.8622,cluster_2
cell_7068,8.3563,7.6318,cluster_5
cell_7069,6.1349,7.0760,cluster_5
cell_707,21.8075,6.1115,cluster_3
cell_7070,5.0890,4.4542,cluster_4
cell_7071,20.0199,6.6382,cluster_3
cell_7072,20.4622,9.0017,cluster_2
cell_7073,20.1799,5.6454,cluster_3
cell_7074,21.2209,9.8012,cluster_2
cell_7075,22.3634,8.4782,cluster_2
cell_7076,17.3578,8.3623,cluster_3
cell_7077,17.6123,7.4003,cluster_3
cell_7078,18.3795,5.7996,cluster_3
cell_7079,20.7661,8.9511,cluster_2
cell_708,20.1645,9.7398,cluster_2
cell_7080,7.9708,3.4585,cluster_1
cell_7081,9.4341,2.4839,cluster_1
cell_7082,9.0150,8.3551,cluster_5
cell_7083,21.3873,5.9215,cluster_3
cell_7084,8.8385,8.9873,cluster_5
cell_7085,9.0814,3.2281,cluster_1
cell_7086,21.4228,7.2381,cluster_3
cell_7087,7.2293,8.5699,cluster_5
cell_7088,8.3653,8.0325,cluster_5
cell_7089,18.7905,5.3624,cluster_3
cell_709,20.8535,9.7322,cluster_2
cell_7090,4.5918,6.0898,cluster_4
cell_7091,19.8834,7.3988,cluster_2
cell_7092,4.2050,3.9581,cluster_4
cell_7093,22.6175,8.8172,cluster_2
cell_7094,21.8867,7.4844,cluster_3
cell_7095,20.0258,6.1548,cluster_3
cell_7096,17.5009,7.6217,cluster_2
cell_7097,6.4795,6.1861,cluster_4
cell_7098,4.1304,6.0791,cluster_4
cell_7099,23.0559,5.6058,cluster_3
cell_71,6.6632,8.9796,cluster_6
cell_710,21.5086,4.9798,cluster_3
cell_7100,21.7120,6.4118,cluster_3
cell_7101,5.2621,5.5693,cluster_4
cell_7102,16.9618,7.8824,cluster_2
cell_7103,5.4992,6.2401,cluster_4
cell_7104,20.6243,8.8409,cluster_2
cell_7105,20.0260,4.5944,cluster_3
cell_7106,22.9827,6.4995,cluster_3
cell_7107,21.6087,9.3899,cluster_2
cell_7108,7.3598,6.8749,cluster_5
cell_7109,4.1150,5.3170,cluster_4
cell_711,20.8542,8.5559,cluster_3
cell_7110,23.0515,5.5920,cluster_3
cell_7111,21.4660,8.7732,cluster_2
cell_7112,19.0547,7.9080,cluster_3
cell_7113,20.2653,6.6230,cluster_2
cell_7114,18.9829,7.8004,cluster_2
cell_7115,22.4393,9.1033,cluster_2
cell_7116,19.3162,9.0850,cluster_2
cell_7117,16.9592,9.2860,cluster_1
cell_7118,22.1043,7.3514,cluster_3
cell_7119,6.4306,5.7904,cluster_4
cell_712,23.0654,5.6991,cluster_3
cell_7120,22.3421,6.3433,cluster_3
cell_7121,20.8782,5.9913,cluster_3
cell_7122,8.2098,3.6720,cluster_1
cell_7123,11.3414,4.6251,cluster_7
cell_7124,21.2048,8.6342,cluster_2
cell_7125,10.4382,3.2899,cluster_1
cell_7126,17.1335,7.5224,cluster_3
cell_7127,5.5507,4.5745,cluster_4
cell_7128,21.6977,7.0603,cluster_3
cell_7129,18.4909,6.0411,cluster_3
cell_713,18.8238,7.7635,cluster_2
cell_7130,20.6052,9.2035,cluster_3
cell_7131,21.6361,9.5277,cluster_2
cell_7132,17.3853,8.5097,cluster_1
cell_7133,8.1528,7.2003,cluster_5
cell_7134,21.3660,6.2418,cluster_3
cell_7135,20.4584,6.3051,cluster_3
cell_7136,20.2941,9.6226,cluster_2
cell_7137,17.5121,8.6201,cluster_3
cell_7138,20.9008,7.9582,cluster_2
cell_7139,20.5252,9.7697,cluster_2
cell_714,21.5159,8.7476,cluster_2
cell_7140,21.8605,5.4900,cluster_3
cell_7141,22.0435,9.4930,cluster_2
cell_7142,19.6025,8.7089,cluster_2
cell_7143,20.8631,6.2348,cluster_3
cell_7144,8.3677,9.2030,cluster_5
cell_7145,7.2361,4.0372,cluster_1
cell_7146,5.6414,5.3039,cluster_4
cell_7147,21.3754,7.4476,cluster_3
cell_7148,17.2230,7.8598,cluster_1
cell_7149,19.4045,5.5528,cluster_3
cell_715,19.0689,8.0648,cluster_2
cell_7150,18.2667,9.4488,cluster_2
cell_7151,18.8390,9.3994,cluster_2
cell_7152,20.2355,10.4362,cluster_2
cell_7153,8.8247,8.2049,cluster_5
cell_7154,19.8856,9.9989,cluster_2
cell_7155,21.8273,8.8818,cluster_2
cell_7156,4.2179,4.0140,cluster_4
cell_7157,7.4184,8.8632,cluster_5
cell_7158,19.7014,6.9645,cluster_2
cell_7159,18.8390,8.7088,cluster_2
cell_716,22.3933,6.9226,cluster_3
cell_7160,21.6516,8.3510,cluster_3
cell_7161,21.5224,8.1035,cluster_2
cell_7162,8.5311,8.9132,cluster_5
cell_7163,21.1652,10.1117,cluster_2
cell_7164,20.8200,9.1492,cluster_3
cell_7165,21.6598,8.7458,cluster_2
cell_7166,5.4449,6.4212,cluster_4
cell_7167,21.6988,4.9937,cluster_3
cell_7168,19.7689,5.9895,cluster_3
cell_7169,17.6805,6.5296,cluster_3
cell_717,21.2353,6.5961,cluster_3
cell_7170,4.3549,7.1364,cluster_4
cell_7171,9.3359,3.4148,cluster_1
cell_7172,23.3422,5.9057,cluster_3
cell_7173,20.7901,5.6171,cluster_3
cell_7174,21.4306,7.5270,cluster_3
cell_7175,5.9595,8.8536,cluster_6
cell_7176,7.6022,7.4450,cluster_5
cell_7177,5.4353,6.6227,cluster_4
cell_7178,20.3397,6.9794,cluster_2
cell_7179,4.0302,5.9290,cluster_4
cell_718,19.6704,8.8666,cluster_2
cell_7180,23.0472,5.6718,cluster_3
cell_7181,19.6732,8.1083,cluster_2
cell_7182,21.1594,9.9307,cluster_2
cell_7183,20.9582,5.4027,cluster_3
cell_7184,19.3069,10.1218,cluster_2
cell_7185,20.3474,6.9784,cluster_2
cell_7186,19.7191,8.7676,cluster_2
cell_7187,20.8203,5.6693,cluster_3
cell_7188,7.8281,8.5636,cluster_5
cell_7189,17.0336,6.0031,cluster_3
cell_719,17.8873,6.9238,cluster_3
cell_7190,5.7786,6.0356,cluster_4
cell_7191,6.1518,6.5519,cluster_4
cell_7192,20.9975,8.0007,cluster_3
cell_7193,19.1210,6.9148,cluster_3
cell_7194,20.7932,9.7733,cluster_2
cell_7195,19.3092,9.0609,cluster_3
cell_7196,17.1378,6.3927,cluster_2
cell_7197,19.8064,10.3566,cluster_2
cell_7198,21.1472,7.4435,cluster_2
cell_7199,21.7084,9.2167,cluster_2
cell_72,4.9170,9.1499,cluster_6
cell_720,19.8013,8.6268,cluster_2
cell_7200,22.9611,5.5747,cluster_3
cell_7201,17.9298,10.2231,cluster_1
cell_7202,20.0056,8.2964,cluster_2
cell_7203,22.4984,7.8181,cluster_3
cell_7204,8.7742,8.1351,cluster_5
cell_7205,17.8458,9.2516,cluster_2
cell_7206,22.6178,7.9386,cluster_2
cell_7207,8.9598,3.8413,cluster_1
cell_7208,21.3237,9.5359,cluster_2
cell_7209,19.4025,6.2106,cluster_3
cell_721,20.5097,8.0668,cluster_3
cell_7210,21.1349,9.9707,cluster_2
cell_7211,22.2390,9.7811,cluster_2
cell_7212,22.0558,9.3761,cluster_3
cell_7213,22.5530,7.9233,cluster_2
cell_7214,19.4906,8.8440,cluster_3
cell_7215,19.9935,6.4202,cluster_2
cell_7216,18.2950,7.8506,cluster_3
cell_7217,19.1261,9.5809,cluster_2
cell_7218,5.3803,6.8747,cluster_4
cell_7219,19.8073,10.4967,cluster_2
cell_722,19.6553,9.3312,cluster_2
cell_7220,17.8738,9.1079,cluster_2
cell_7221,21.2922,5.0259,cluster_3
cell_7222,19.8711,9.0314,cluster_2
cell_7223,20.9253,7.3238,cluster_2
cell_7224,7.6785,9.6447,cluster_5
cell_7225,21.8450,5.1937,cluster_3
cell_7226,7.6040,6.9430,cluster_3
cell_7227,21.6815,8.7856,cluster_2
cell_7228,20.9327,6.5964,cluster_3
cell_7229,21.7870,7.6100,cluster_2
cell_723,22.3953,9.1548,cluster_2
cell_7230,17.7113,8.8254,cluster_2
cell_7231,8.5545,8.2113,cluster_5
cell_7232,20.7548,9.0360,cluster_2
cell_7233,20.6879,7.3093,cluster_3
cell_7234,8.6341,2.3218,cluster_1
cell_7235,19.3821,6.0941,cluster_2
cell_7236,19.6766,10.7770,cluster_2
cell_7237,8.7972,4.8297,cluster_1
cell_7238,21.6137,10.2943,cluster_2
cell_7239,19.1621,7.9958,cluster_1
cell_724,18.2732,8.7272,cluster_2
cell_7240,17.2637,8.1288,cluster_3
cell_7241,21.6196,5.4825,cluster_3
cell_7242,19.7926,4.8154,cluster_3
cell_7243,22.2914,9.2252,cluster_2
cell_7244,19.4070,5.6523,cluster_2
cell_7245,21.1291,8.0971,cluster_2
cell_7246,21.0473,8.3603,cluster_3
cell_7247,21.5465,7.3468,cluster_2
cell_7248,6.3019,6.6679,cluster_4
cell_7249,19.7191,6.2558,cluster_3
cell_725,19.0797,8.5643,cluster_2
cell_7250,20.2247,10.8465,cluster_2
cell_7251,17.4273,8.0845,cluster_2
cell_7252,4.3236,5.1164,cluster_4
cell_7253,22.9030,7.9161,cluster_2
cell_7254,19.4856,6.5622,cluster_3
cell_7255,19.8774,6.0477,cluster_2
cell_7256,18.7644,9.2367,cluster_2
cell_7257,22.3269,8.4373,cluster_3
cell_7258,5.4639,6.6733,cluster_4
cell_7259,22.8961,8.0193,cluster_2
cell_726,22.5785,5.6473,cluster_3
cell_7260,20.8911,8.1697,cluster_2
cell_7261,21.8487,5.3813,cluster_3
cell_7262,21.2991,9.9864,cluster_2
cell_7263,17.9244,6.6662,cluster_3
cell_7264,7.8259,3.7062,cluster_1
cell_7265,8.0813,9.6859,cluster_5
cell_7266,18.0130,9.7224,cluster_2
cell_7267,23.0047,7.2569,cluster_2
cell_7268,19.4191,8.3043,cluster_2
cell_7269,20.3200,9.5705,cluster_2
cell_727,22.1000,5.9785,cluster_3
cell_7270,20.5255,5.3691,cluster_3
cell_7271,7.1995,4.5776,cluster_1
cell_7272,18.9275,6.9210,cluster_3
cell_7273,20.5367,8.1801,cluster_2
cell_7274,20.6130,9.4448,cluster_2
cell_7275,18.3334,9.2407,cluster_3
cell_7276,21.6842,6.2446,cluster_3
cell_7277,21.0026,8.9197,cluster_2
cell_7278,4.8758,6.1131,cluster_4
cell_7279,21.8278,9.1885,cluster_2
cell_728,21.8200,7.9762,cluster_3
cell_7280,22.8863,7.6622,cluster_3
cell_7281,21.0730,10.4210,cluster_3
cell_7282,20.6849,7.2716,cluster_2
cell_7283,21.0858,8.6806,cluster_2
cell_7284,4.8121,6.8890,cluster_4
cell_7285,20.3697,9.1030,cluster_2
cell_7286,22.6612,5.5342,cluster_3
cell_7287,21.7546,4.8940,cluster_3
cell_7288,8.2027,9.0562,cluster_5
cell_7289,4.8378,7.2547,cluster_4
cell_729,19.5842,5.6272,cluster_3
cell_7290,18.9744,8.1915,cluster_3
cell_7291,20.2781,10.4804,cluster_2
cell_7292,21.5239,5.7205,cluster_3
cell_7293,21.0228,5.9803,cluster_3
cell_7294,21.3832,7.4249,cluster_2
cell_7295,21.3669,5.8115,cluster_2
cell_7296,18.4212,4.9921,cluster_3
cell_7297,19.5981,8.7013,cluster_2
cell_7298,22.6720,8.1482,cluster_3
cell_7299,20.4752,4.8067,cluster_3
cell_73,19.9071,5.5102,cluster_3
cell_730,22.5728,7.5530,cluster_2
cell_7300,5.3255,5.0263,cluster_3
cell_7301,19.8551,9.6792,cluster_2
cell_7302,20.4703,9.8867,cluster_2
cell_7303,22.1878,6.2590,cluster_3
cell_7304,21.7246,8.1812,cluster_2
cell_7305,19.0780,9.3682,cluster_2
cell_7306,21.5804,9.5802,cluster_2
cell_7307,16.9413,8.5127,cluster_1
cell_7308,8.5888,9.0390,cluster_5
cell_7309,21.5375,6.9302,cluster_3
cell_731,7.9599,5.9460,cluster_3
cell_7310,8.3548,6.3836,cluster_2
cell_7311,20.5960,6.6166,cluster_3
cell_7312,22.5827,9.0347,cluster_3
cell_7313,19.5885,9.8392,cluster_2
cell_7314,22.1587,9.4224,cluster_2
cell_7315,20.2399,8.5489,cluster_2
cell_7316,23.0558,8.1100,cluster_2
cell_7317,16.0567,7.5716,cluster_1
cell_7318,20.8471,6.5729,cluster_2
cell_7319,21.5386,6.9210,cluster_3
cell_732,19.9414,4.6744,cluster_3
cell_7320,20.8536,6.3308,cluster_3
cell_7321,20.1504,7.0689,cluster_3
cell_7322,19.3061,6.2931,cluster_3
cell_7323,21.8864,7.6678,cluster_2
cell_7324,23.1067,6.4218,cluster_3
cell_7325,20.5641,7.8756,cluster_3
cell_7326,20.5600,9.1546,cluster_2
cell_7327,22.7313,9.0202,cluster_2
cell_7328,18.9571,7.4741,cluster_2
cell_7329,19.4966,6.9700,cluster_3
cell_733,21.5839,8.3546,cluster_2
cell_7330,6.5592,5.7847,cluster_4
cell_7331,20.2520,8.4505,cluster_3
cell_7332,21.5853,6.3178,cluster_3
cell_7333,22.2991,9.6967,cluster_2
cell_7334,18.8159,8.6312,cluster_3
cell_7335,21.5234,6.0888,cluster_3
cell_7336,18.3067,6.2538,cluster_3
cell_7337,18.5660,7.4632,cluster_2
cell_7338,21.0781,8.1108,cluster_2
cell_7339,18.0322,7.9343,cluster_3
cell_734,19.1230,6.3775,cluster_2
cell_7340,20.1645,8.8863,cluster_2
cell_7341,7.8504,9.3610,cluster_5
cell_7342,8.5062,4.3105,cluster_1
cell_7343,20.1103,6.4737,cluster_2
cell_7344,8.1681,8.6024,cluster_5
cell_7345,6.7062,9.4774,cluster_6
cell_7346,20.3846,6.3602,cluster_3
cell_7347,18.7309,5.7331,cluster_2
cell_7348,19.1608,7.0892,cluster_3
cell_7349,19.8990,9.5400,cluster_2
cell_735,21.1194,8.4478,cluster_2
cell_7350,4.3346,6.9096,cluster_4
cell_7351,20.8568,9.7470,cluster_3
cell_7352,9.1688,4.4304,cluster_1
cell_7353,21.8494,5.1089,cluster_3
cell_7354,4.4975,5.3006,cluster_4
cell_7355,22.2617,6.6910,cluster_3
cell_7356,7.6136,5.8475,cluster_5
cell_7357,17.0382,6.8655,cluster_3
cell_7358,8.5720,7.7692,cluster_5
cell_7359,5.1227,7.0153,cluster_4
cell_736,18.7577,7.4809,cluster_2
cell_7360,22.4307,7.8795,cluster_3
cell_7361,18.9065,8.3587,cluster_2
cell_7362,22.7791,5.6447,cluster_3
cell_7363,20.7625,8.3578,cluster_2
cell_7364,22.5311,7.5421,cluster_2
cell_7365,21.0927,9.8878,cluster_2
cell_7366,17.0265,7.4147,cluster_3
cell_7367,22.6055,9.5388,cluster_2
cell_7368,21.7611,6.6803,cluster_3
cell_7369,21.4134,7.8001,cluster_2
cell_737,21.8649,7.1311,cluster_3
cell_7370,18.6295,8.6444,cluster_3
cell_7371,5.3177,4.5815,cluster_4
cell_7372,21.1258,9.2912,cluster_2
cell_7373,20.8466,6.6556,cluster_3
cell_7374,23.3699,8.0778,cluster_2
cell_7375,8.8714,9.4901,cluster_5
cell_7376,18.1254,8.3284,cluster_2
cell_7377,22.0777,5.8432,cluster_3
cell_7378,21.7399,8.8653,cluster_2
cell_7379,18.5709,8.6393,cluster_2
cell_738,20.5969,9.0401,cluster_2
cell_7380,19.3389,8.9335,cluster_3
cell_7381,8.4415,8.0453,cluster_5
cell_7382,8.4544,8.4451,cluster_5
cell_7383,19.2257,10.3042,cluster_3
cell_7384,22.0623,8.9048,cluster_2
cell_7385,18.9388,10.4048,cluster_2
cell_7386,6.0696,4.6679,cluster_4
cell_7387,8.5847,2.2335,cluster_1
cell_7388,19.3053,4.7703,cluster_3
cell_7389,22.4140,8.0124,cluster_2
cell_739,18.9327,9.5034,cluster_2
cell_7390,7.5060,6.1830,cluster_7
cell_7391,20.7336,6.3371,cluster_3
cell_7392,19.8763,8.1537,cluster_3
cell_7393,18.6247,9.0599,cluster_2
cell_7394,21.3332,9.2268,cluster_2
cell_7395,5.4188,6.9297,cluster_4
cell_7396,6.1655,4.8958,cluster_4
cell_7397,21.4044,7.3569,cluster_3
cell_7398,4.8940,6.8545,cluster_4
cell_7399,21.1272,10.2432,cluster_2
cell_74,5.1501,4.9361,cluster_4
cell_740,18.9352,9.6918,cluster_2
cell_7400,20.7009,9.1774,cluster_2
cell_7401,21.7884,6.4445,cluster_3
cell_7402,21.2006,8.0719,cluster_2
cell_7403,20.3084,9.0828,cluster_2
cell_7404,18.0755,7.9204,cluster_2
cell_7405,21.4731,8.8020,cluster_3
cell_7406,21.4619,6.4388,cluster_3
cell_7407,22.8333,8.8747,cluster_2
cell_7408,17.6354,8.2153,cluster_2
cell_7409,8.8920,2.1659,cluster_1
cell_741,21.8579,8.1217,cluster_3
cell_7410,8.9438,8.9396,cluster_5
cell_7411,20.0177,8.6412,cluster_3
cell_7412,7.4939,4.7333,cluster_1
cell_7413,18.5397,7.8092,cluster_2
cell_7414,10.9928,4.4824,cluster_7
cell_7415,21.1531,8.3797,cluster_3
cell_7416,11.1956,4.4441,cluster_7
cell_7417,22.7571,7.4086,cluster_2
cell_7418,6.6579,6.1589,cluster_4
cell_7419,21.3384,9.9716,cluster_2
cell_742,21.2908,8.4854,cluster_2
cell_7420,19.9843,5.5635,cluster_3
cell_7421,20.8022,7.7960,cluster_2
cell_7422,8.3876,2.1212,cluster_1
cell_7423,19.8016,10.5797,cluster_2
cell_7424,21.8483,8.0697,cluster_2
cell_7425,21.3743,6.5773,cluster_2
cell_7426,21.7399,7.2569,cluster_2
cell_7427,20.5666,6.7476,cluster_3
cell_7428,16.5544,6.7085,cluster_2
cell_7429,20.0948,9.7780,cluster_3
cell_743,20.2366,7.9398,cluster_3
cell_7430,19.3343,9.8868,cluster_2
cell_7431,21.8522,5.5293,cluster_3
cell_7432,6.9739,6.7189,cluster_1
cell_7433,22.3060,8.3110,cluster_3
cell_7434,22.7760,8.1209,cluster_2
cell_7435,11.2126,4.8616,cluster_7
cell_7436,16.8736,7.2219,cluster_3
cell_7437,7.9529,4.6619,cluster_1
cell_7438,22.4131,9.2770,cluster_2
cell_7439,9.3023,8.1176,cluster_5
cell_744,4.6673,5.3816,cluster_4
cell_7440,18.3972,5.0631,cluster_3
cell_7441,8.4892,2.7550,cluster_1
cell_7442,8.1740,4.5349,cluster_1
cell_7443,9.5894,2.6446,cluster_1
cell_7444,22.1429,7.6181,cluster_3
cell_7445,4.0151,4.2736,cluster_4
cell_7446,21.6470,10.1597,cluster_3
cell_7447,21.9781,8.9894,cluster_2
cell_7448,23.1718,5.9943,cluster_3
cell_7449,19.5191,4.8316,cluster_3
cell_745,21.7359,9.6020,cluster_2
cell_7450,17.9473,8.0626,cluster_2
cell_7451,19.3043,9.4006,cluster_2
cell_7452,8.4319,2.8657,cluster_1
cell_7453,18.5842,8.6346,cluster_2
cell_7454,4.6093,6.6555,cluster_4
cell_7455,20.9752,6.6601,cluster_3
cell_7456,18.8745,9.1188,cluster_2
cell_7457,21.2551,7.7388,cluster_2
cell_7458,19.8716,9.7536,cluster_3
cell_7459,22.2793,8.8948,cluster_3
cell_746,19.7498,7.6315,cluster_2
cell_7460,21.8247,10.0775,cluster_2
cell_7461,20.0290,7.9993,cluster_3
cell_7462,4.7442,4.0618,cluster_4
cell_7463,21.0441,8.6042,cluster_2
cell_7464,18.4455,9.2680,cluster_3
cell_7465,5.0977,6.2690,cluster_4
cell_7466,23.1940,6.2306,cluster_3
cell_7467,5.2131,5.1636,cluster_4
cell_7468,5.8214,6.8845,cluster_4
cell_7469,22.8379,6.5227,cluster_3
cell_747,18.9148,8.7865,cluster_2
cell_7470,21.7969,8.7151,cluster_2
cell_7471,19.2262,5.4770,cluster_3
cell_7472,20.5582,5.8418,cluster_3
cell_7473,20.2539,9.8405,cluster_2
cell_7474,21.5885,8.4763,cluster_2
cell_7475,22.0092,9.2847,cluster_3
cell_7476,22.7818,8.4863,cluster_2
cell_7477,8.7377,1.7327,cluster_1
cell_7478,20.6168,9.7963,cluster_2
cell_7479,11.0715,4.2342,cluster_7
cell_748,8.5800,5.8427,cluster_1
cell_7480,19.7050,9.8671,cluster_3
cell_7481,20.5274,8.9063,cluster_3
cell_7482,21.4908,5.3475,cluster_3
cell_7483,20.0434,5.2491,cluster_3
cell_7484,6.2679,6.6352,cluster_4
cell_7485,22.3533,5.1032,cluster_3
cell_7486,19.9540,8.2602,cluster_2
cell_7487,8.5196,7.7886,cluster_1
cell_7488,22.3905,8.8243,cluster_3
cell_7489,19.3593,5.5793,cluster_3
cell_749,18.5900,7.4119,cluster_2
cell_7490,17.4714,7.5949,cluster_2
cell_7491,18.0231,7.3810,cluster_3
cell_7492,4.6515,7.1330,cluster_4
cell_7493,19.7016,5.3095,cluster_3
cell_7494,5.5333,5.6866,cluster_4
cell_7495,9.5380,4.5153,cluster_1
cell_7496,20.0712,5.7352,cluster_1
cell_7497,20.9903,5.7884,cluster_3
cell_7498,21.3869,9.1213,cluster_2
cell_7499,21.9425,8.3464,cluster_3
cell_75,7.3780,9.5596,cluster_5
cell_750,21.8751,4.9221,cluster_3
cell_7500,20.5528,7.9963,cluster_2
cell_7501,21.8915,5.4774,cluster_3
cell_7502,20.1703,9.6921,cluster_2
cell_7503,19.7642,6.1711,cluster_3
cell_7504,18.1006,8.7607,cluster_2
cell_7505,20.7962,8.2868,cluster_3
cell_7506,21.3319,10.1477,cluster_2
cell_7507,20.2563,10.0588,cluster_3
cell_7508,10.6599,5.1689,cluster_7
cell_7509,20.8060,10.7142,cluster_2
cell_751,20.7308,7.4102,cluster_2
cell_7510,22.3775,6.3372,cluster_3
cell_7511,22.2629,6.1139,cluster_3
cell_7512,20.7567,8.0895,cluster_2
cell_7513,21.8113,5.6384,cluster_3
cell_7514,18.3518,10.2444,cluster_3
cell_7515,21.8433,5.3452,cluster_3
cell_7516,21.8918,7.5742,cluster_2
cell_7517,22.3978,7.3051,cluster_3
cell_7518,20.6210,6.4693,cluster_3
cell_7519,16.3123,8.5893,cluster_3
cell_752,18.7237,6.9917,cluster_3
cell_7520,21.8700,7.1867,cluster_3
cell_7521,21.1435,5.7142,cluster_3
cell_7522,18.7857,7.8446,cluster_2
cell_7523,7.7879,3.5244,cluster_1
cell_7524,20.1912,10.3890,cluster_2
cell_7525,8.4061,4.0180,cluster_1
cell_7526,4.0261,3.9648,cluster_4
cell_7527,8.7188,4.6534,cluster_1
cell_7528,22.1476,6.1170,cluster_3
cell_7529,22.6314,5.6332,cluster_3
cell_753,21.3209,9.1166,cluster_2
cell_7530,21.1263,9.6299,cluster_3
cell_7531,20.5141,7.8499,cluster_2
cell_7532,18.1093,7.8320,cluster_2
cell_7533,22.4608,7.9601,cluster_3
cell_7534,4.4118,4.1263,cluster_4
cell_7535,17.8046,7.8338,cluster_3
cell_7536,21.0790,9.9030,cluster_2
cell_7537,7.5033,7.7711,cluster_5
cell_7538,4.6367,7.0512,cluster_4
cell_7539,20.7587,10.2321,cluster_2
cell_754,18.4778,7.8864,cluster_2
cell_7540,18.4991,9.5125,cluster_2
cell_7541,4.4005,5.3911,cluster_4
cell_7542,21.5056,9.8651,cluster_2
cell_7543,23.0247,8.3895,cluster_3
cell_7544,8.0504,6.1243,cluster_2
cell_7545,20.0377,7.3517,cluster_2
cell_7546,20.2452,9.0128,cluster_2
cell_7547,11.1765,4.4244,cluster_7
cell_7548,20.5556,6.1469,cluster_3
cell_7549,8.7804,8.4352,cluster_5
cell_755,19.4382,5.1702,cluster_3
cell_7550,20.0710,6.5034,cluster_3
cell_7551,22.2201,5.2900,cluster_3
cell_7552,9.6437,2.1747,cluster_1
cell_7553,17.3342,6.3833,cluster_3
cell_7554,9.7600,5.0931,cluster_1
cell_7555,7.5146,3.7426,cluster_1
cell_7556,22.4886,5.9706,cluster_3
cell_7557,4.8653,7.0237,cluster_4
cell_7558,21.0185,10.2063,cluster_2
cell_7559,19.6690,7.6444,cluster_2
cell_756,21.9335,6.1483,cluster_3
cell_7560,20.2460,8.4953,cluster_3
cell_7561,8.5127,7.7298,cluster_5
cell_7562,20.4521,6.7604,cluster_3
cell_7563,22.2339,7.2324,cluster_2
cell_7564,10.3746,4.2039,cluster_7
cell_7565,22.1038,6.3063,cluster_2
cell_7566,20.5100,6.0601,cluster_2
cell_7567,22.8359,5.5942,cluster_3
cell_7568,18.4367,9.0895,cluster_2
cell_7569,18.7007,7.2319,cluster_3
cell_757,18.2551,8.5760,cluster_2
cell_7570,10.4985,3.4245,cluster_1
cell_7571,22.4172,5.1011,cluster_3
cell_7572,18.0668,9.2983,cluster_3
cell_7573,6.1071,6.7413,cluster_4
cell_7574,8.7015,2.6148,cluster_1
cell_7575,8.7434,7.5982,cluster_5
cell_7576,10.8066,4.9793,cluster_7
cell_7577,8.2116,4.6061,cluster_1
cell_7578,11.1659,4.6115,cluster_7
cell_7579,19.8980,7.2428,cluster_3
cell_758,21.5059,4.8704,cluster_3
cell_7580,20.8863,10.2140,cluster_2
cell_7581,7.7917,3.9054,cluster_1
cell_7582,8.4774,7.3904,cluster_5
cell_7583,10.2410,4.2853,cluster_7
cell_7584,19.9596,9.6595,cluster_2
cell_7585,18.2730,10.2316,cluster_2
cell_7586,18.5563,7.3031,cluster_3
cell_7587,20.4817,8.9352,cluster_2
cell_7588,21.2667,8.7997,cluster_2
cell_7589,16.9510,8.1917,cluster_2
cell_759,18.8426,8.9582,cluster_2
cell_7590,7.8125,7.7367,cluster_5
cell_7591,22.2745,9.5904,cluster_2
cell_7592,21.1938,6.3323,cluster_2
cell_7593,10.7101,3.7541,cluster_1
cell_7594,17.8143,10.1520,cluster_1
cell_7595,20.4728,7.8181,cluster_2
cell_7596,20.3666,7.2265,cluster_2
cell_7597,19.4265,6.8944,cluster_3
cell_7598,18.7344,7.9601,cluster_2
cell_7599,20.9056,8.6910,cluster_2
cell_76,8.3419,2.5107,cluster_1
cell_760,19.8429,8.7114,cluster_2
cell_7600,4.9988,4.0448,cluster_4
cell_7601,21.5371,8.1081,cluster_2
cell_7602,20.3656,5.7252,cluster_3
cell_7603,20.3417,7.8175,cluster_2
cell_7604,8.5240,8.0327,cluster_5
cell_7605,10.2563,5.0791,cluster_7
cell_7606,18.2166,9.0154,cluster_2
cell_7607,20.2032,9.9189,cluster_2
cell_7608,20.8720,5.7847,cluster_3
cell_7609,5.9178,4.7030,cluster_4
cell_761,19.8819,6.2790,cluster_2
cell_7610,21.0464,7.6778,cluster_2
cell_7611,22.2855,6.8768,cluster_3
cell_7612,21.8281,9.5518,cluster_2
cell_7613,17.8310,7.9203,cluster_3
cell_7614,20.3197,11.0433,cluster_2
cell_7615,8.9017,7.8336,cluster_5
cell_7616,22.6309,9.0907,cluster_2
cell_7617,6.3321,6.8737,cluster_4
cell_7618,5.4006,4.8987,cluster_4
cell_7619,8.9502,1.6429,cluster_1
cell_762,19.9639,8.7548,cluster_2
cell_7620,21.0070,9.8582,cluster_2
cell_7621,8.0880,7.6680,cluster_7
cell_7622,21.9315,9.0663,cluster_3
cell_7623,11.1690,5.0346,cluster_7
cell_7624,21.0232,8.3102,cluster_3
cell_7625,19.5585,7.7183,cluster_3
cell_7626,8.4210,2.7946,cluster_1
cell_7627,20.8319,5.4728,cluster_3
cell_7628,18.7800,9.4472,cluster_2
cell_7629,21.6703,8.9358,cluster_2
cell_763,22.4534,5.3270,cluster_3
cell_7630,20.6183,7.7414,cluster_2
cell_7631,18.2364,6.2856,cluster_2
cell_7632,19.8992,9.5575,cluster_2
cell_7633,19.9994,9.4499,cluster_3
cell_7634,20.4770,7.9799,cluster_3
cell_7635,3.8261,4.2730,cluster_4
cell_7636,21.4907,7.2790,cluster_2
cell_7637,9.0821,4.7750,cluster_1
cell_7638,21.3126,6.4222,cluster_3
cell_7639,22.0281,8.4874,cluster_2
cell_764,18.7587,5.4267,cluster_3
cell_7640,20.5604,7.4115,cluster_2
cell_7641,21.0922,7.1879,cluster_2
cell_7642,19.3490,9.9298,cluster_2
cell_7643,19.6896,10.5572,cluster_2
cell_7644,6.4102,5.0383,cluster_4
cell_7645,7.6774,9.3096,cluster_5
cell_7646,7.8460,9.1905,cluster_5
cell_7647,19.2586,8.4814,cluster_2
cell_7648,8.5228,8.3570,cluster_5
cell_7649,22.1540,8.8750,cluster_2
cell_765,22.2575,5.3698,cluster_3
cell_7650,5.9692,6.4395,cluster_4
cell_7651,7.0894,4.8015,cluster_1
cell_7652,20.2263,8.5602,cluster_3
cell_7653,8.1587,2.3993,cluster_1
cell_7654,9.0614,3.2316,cluster_1
cell_7655,20.9878,7.1036,cluster_3
cell_7656,5.0277,5.1385,cluster_4
cell_7657,21.2474,5.7678,cluster_3
cell_7658,21.5638,4.8962,cluster_3
cell_7659,19.2243,8.9168,cluster_2
cell_766,21.4917,10.2281,cluster_2
cell_7660,19.7016,8.2582,cluster_2
cell_7661,19.2918,8.8481,cluster_3
cell_7662,17.6752,8.1009,cluster_3
cell_7663,4.2849,5.5041,cluster_4
cell_7664,20.7238,8.8900,cluster_2
cell_7665,20.5680,9.6165,cluster_2
cell_7666,21.2061,10.0023,cluster_2
cell_7667,7.4152,2.9704,cluster_1
cell_7668,5.7582,4.6335,cluster_4
cell_7669,8.4096,7.9946,cluster_5
cell_767,18.7137,8.3277,cluster_2
cell_7670,6.2354,5.4106,cluster_4
cell_7671,20.1591,7.4836,cluster_3
cell_7672,19.5537,6.1688,cluster_2
cell_7673,21.7358,6.1594,cluster_2
cell_7674,17.8359,6.6387,cluster_1
cell_7675,20.1650,8.3878,cluster_2
cell_7676,8.3477,3.5727,cluster_1
cell_7677,20.0471,9.8236,cluster_2
cell_7678,8.8661,1.6916,cluster_1
cell_7679,22.5700,6.1134,cluster_3
cell_768,20.7596,6.4751,cluster_3
cell_7680,5.5376,6.6064,cluster_2
cell_7681,21.9199,8.7602,cluster_3
cell_7682,20.8740,7.1440,cluster_2
cell_7683,23.0357,6.8276,cluster_3
cell_7684,22.0450,7.0940,cluster_3
cell_7685,21.3483,9.0850,cluster_2
cell_7686,19.5600,7.5522,cluster_3
cell_7687,19.2275,8.7178,cluster_2
cell_7688,20.1124,6.2993,cluster_2
cell_7689,22.8529,8.0193,cluster_2
cell_769,20.0585,6.7467,cluster_2
cell_7690,22.0140,8.0705,cluster_2
cell_7691,18.5376,6.5360,cluster_3
cell_7692,21.7252,5.5173,cluster_3
cell_7693,19.4620,6.9240,cluster_3
cell_7694,9.2195,3.9230,cluster_1
cell_7695,19.8705,9.6115,cluster_2
cell_7696,20.4592,8.5260,cluster_2
cell_7697,19.6952,10.8173,cluster_2
cell_7698,21.2624,6.1120,cluster_3
cell_7699,19.3144,9.3623,cluster_2
cell_77,6.8430,9.2940,cluster_6
cell_770,19.3459,10.6968,cluster_2
cell_7700,23.1289,6.8682,cluster_3
cell_7701,21.1957,6.2714,cluster_3
cell_7702,20.7223,8.1950,cluster_3
cell_7703,23.1093,7.4526,cluster_2
cell_7704,21.8566,5.2575,cluster_3
cell_7705,5.0590,6.9843,cluster_4
cell_7706,17.6045,9.1166,cluster_2
cell_7707,21.8967,9.5463,cluster_2
cell_7708,20.8358,8.2109,cluster_2
cell_7709,21.7414,6.5670,cluster_3
cell_771,18.3213,7.5539,cluster_2
cell_7710,21.0391,8.5090,cluster_3
cell_7711,11.4215,4.9832,cluster_7
cell_7712,21.3539,9.2709,cluster_2
cell_7713,20.0702,10.1962,cluster_3
cell_7714,20.8906,8.7910,cluster_2
cell_7715,20.9964,7.9366,cluster_2
cell_7716,8.3260,4.3494,cluster_1
cell_7717,4.9996,6.6330,cluster_4
cell_7718,17.9512,9.2786,cluster_2
cell_7719,22.9692,8.5046,cluster_2
cell_772,21.3314,8.0257,cluster_2
cell_7720,22.1738,9.8142,cluster_3
cell_7721,18.1530,7.4693,cluster_3
cell_7722,19.4277,8.9208,cluster_2
cell_7723,22.0871,7.8405,cluster_2
cell_7724,18.9744,9.0401,cluster_2
cell_7725,20.3060,8.8036,cluster_3
cell_7726,19.6471,8.7946,cluster_2
cell_7727,21.1516,6.1487,cluster_3
cell_7728,20.3131,5.5901,cluster_3
cell_7729,20.2745,9.1344,cluster_2
cell_773,20.0743,7.5798,cluster_2
cell_7730,17.8963,9.1097,cluster_2
cell_7731,20.3572,9.2825,cluster_2
cell_7732,22.0707,9.0853,cluster_3
cell_7733,19.9017,10.6885,cluster_2
cell_7734,20.3018,10.7294,cluster_2
cell_7735,21.3983,9.9311,cluster_2
cell_7736,20.7905,9.6036,cluster_2
cell_7737,20.2028,6.7133,cluster_3
cell_7738,21.1815,9.5360,cluster_2
cell_7739,19.5212,9.5148,cluster_3
cell_774,20.4541,9.0711,cluster_2
cell_7740,4.4253,6.8404,cluster_4
cell_7741,19.0091,8.3482,cluster_2
cell_7742,18.7490,9.0369,cluster_3
cell_7743,18.8567,8.8647,cluster_2
cell_7744,21.0865,8.7712,cluster_3
cell_7745,19.2181,6.5597,cluster_3
cell_7746,19.9504,5.9672,cluster_3
cell_7747,19.3401,9.8088,cluster_2
cell_7748,21.4087,6.5258,cluster_3
cell_7749,21.2337,6.0810,cluster_3
cell_775,17.8916,7.5006,cluster_2
cell_7750,21.0146,4.8768,cluster_3
cell_7751,21.6073,6.3763,cluster_3
cell_7752,21.9142,8.4961,cluster_3
cell_7753,21.4630,5.9361,cluster_3
cell_7754,21.8291,8.0144,cluster_2
cell_7755,19.5737,9.4553,cluster_2
cell_7756,17.3079,7.6271,cluster_2
cell_7757,20.0225,5.8422,cluster_2
cell_7758,20.2536,6.7884,cluster_3
cell_7759,11.2141,4.4984,cluster_7
cell_776,22.0695,6.7299,cluster_3
cell_7760,23.0051,7.2028,cluster_2
cell_7761,9.6414,3.9830,cluster_1
cell_7762,18.4262,7.8763,cluster_2
cell_7763,7.8212,2.2442,cluster_1
cell_7764,22.1672,5.8569,cluster_3
cell_7765,22.2796,5.9431,cluster_3
cell_7766,8.9098,9.4289,cluster_5
cell_7767,8.5421,4.6268,cluster_1
cell_7768,8.2292,8.8409,cluster_5
cell_7769,7.9839,5.3140,cluster_4
cell_777,18.4878,5.5887,cluster_2
cell_7770,21.7747,7.1059,cluster_3
cell_7771,7.6454,2.4064,cluster_1
cell_7772,19.9390,7.2103,cluster_2
cell_7773,22.3848,9.9609,cluster_2
cell_7774,4.1286,4.9781,cluster_4
cell_7775,21.8171,6.4296,cluster_3
cell_7776,19.4409,7.8993,cluster_2
cell_7777,20.2947,9.2791,cluster_2
cell_7778,21.7092,8.8154,cluster_2
cell_7779,8.8712,8.0752,cluster_5
cell_778,18.9839,7.4040,cluster_3
cell_7780,8.2301,4.3503,cluster_1
cell_7781,8.3590,8.9998,cluster_5
cell_7782,21.4285,5.8195,cluster_3
cell_7783,17.4103,8.9099,cluster_3
cell_7784,7.6207,2.5350,cluster_1
cell_7785,7.6305,7.4500,cluster_5
cell_7786,9.4035,5.5530,cluster_1
cell_7787,9.7243,3.3008,cluster_1
cell_7788,22.4336,5.9549,cluster_3
cell_7789,4.6812,7.0349,cluster_4
cell_779,19.3847,4.6614,cluster_3
cell_7790,22.2025,7.1007,cluster_3
cell_7791,8.4318,7.5290,cluster_5
cell_7792,22.0593,5.0274,cluster_3
cell_7793,22.0737,8.4860,cluster_2
cell_7794,8.0495,7.3007,cluster_5
cell_7795,19.0996,8.7524,cluster_2
cell_7796,6.8292,9.1122,cluster_5
cell_7797,19.9715,9.1318,cluster_3
cell_7798,8.1110,5.6770,cluster_1
cell_7799,8.2913,7.8427,cluster_5
cell_78,8.8787,7.6497,cluster_5
cell_780,21.3936,5.8599,cluster_3
cell_7800,21.7467,6.5790,cluster_3
cell_7801,19.0660,8.4249,cluster_2
cell_7802,8.0764,8.7896,cluster_5
cell_7803,8.1240,5.0363,cluster_5
cell_7804,8.4634,8.1283,cluster_5
cell_7805,11.0871,5.1332,cluster_7
cell_7806,8.3883,5.1386,cluster_3
cell_7807,17.1813,7.8535,cluster_3
cell_7808,7.8087,5.8487,cluster_1
cell_7809,5.7827,9.8398,cluster_6
cell_781,20.5275,5.0971,cluster_3
cell_7810,8.4143,5.2371,cluster_1
cell_7811,20.0321,7.8596,cluster_2
cell_7812,9.2672,3.9618,cluster_1
cell_7813,7.6558,9.2527,cluster_6
cell_7814,19.2527,6.3129,cluster_3
cell_7815,20.8071,6.8641,cluster_3
cell_7816,19.2845,6.0140,cluster_2
cell_7817,5.0418,7.0831,cluster_4
cell_7818,10.5758,4.8912,cluster_7
cell_7819,20.0851,7.2274,cluster_3
cell_782,21.3710,5.2537,cluster_3
cell_7820,7.7671,2.4195,cluster_1
cell_7821,7.2654,6.8720,cluster_5
cell_7822,7.1192,8.6108,cluster_6
cell_7823,22.8089,6.7714,cluster_3
cell_7824,8.1778,7.4243,cluster_5
cell_7825,7.5494,8.2942,cluster_5
cell_7826,7.4108,8.5556,cluster_5
cell_7827,7.1573,8.6664,cluster_5
cell_7828,9.6006,1.9533,cluster_1
cell_7829,20.1680,10.6700,cluster_2
cell_783,22.6505,7.1090,cluster_2
cell_7830,10.6921,5.1908,cluster_7
cell_7831,4.1750,6.8654,cluster_4
cell_7832,7.2965,3.6130,cluster_1
cell_7833,19.2218,9.5706,cluster_2
cell_7834,19.6724,9.8756,cluster_2
cell_7835,4.8289,6.2391,cluster_4
cell_7836,8.8498,8.4852,cluster_5
cell_7837,8.7634,4.6483,cluster_1
cell_7838,10.4678,4.1173,cluster_7
cell_7839,8.4852,9.5692,cluster_5
cell_784,18.6274,7.7978,cluster_2
cell_7840,7.8480,8.8357,cluster_5
cell_7841,7.8978,9.8564,cluster_5
cell_7842,8.4756,8.2194,cluster_5
cell_7843,7.7829,9.5510,cluster_5
cell_7844,6.7847,8.7789,cluster_5
cell_7845,22.9219,9.0029,cluster_2
cell_7846,20.6187,10.1648,cluster_2
cell_7847,19.5207,9.9230,cluster_2
cell_7848,8.6978,8.6463,cluster_5
cell_7849,8.1566,4.6818,cluster_1
cell_785,9.1675,4.9462,cluster_1
cell_7850,8.5823,9.1630,cluster_5
cell_7851,8.4716,7.5628,cluster_5
cell_7852,19.6939,8.9894,cluster_2
cell_7853,7.8212,9.3402,cluster_5
cell_7854,9.2258,9.0298,cluster_5
cell_7855,4.9236,7.2693,cluster_4
cell_7856,20.2000,6.8513,cluster_3
cell_7857,22.3311,5.9966,cluster_3
cell_7858,8.2063,7.2694,cluster_5
cell_7859,17.6426,6.5753,cluster_1
cell_786,19.3938,7.1938,cluster_2
cell_7860,18.6923,4.8224,cluster_3
cell_7861,22.3574,6.2857,cluster_3
cell_7862,18.5653,5.4578,cluster_3
cell_7863,17.1547,6.2033,cluster_1
cell_7864,18.6515,8.4511,cluster_2
cell_7865,16.5267,7.9035,cluster_5
cell_787,21.9625,6.3442,cluster_3
cell_788,19.2290,8.1257,cluster_2
cell_789,4.5018,4.3233,cluster_4
cell_79,5.4106,9.5653,cluster_6
cell_790,18.6621,9.1572,cluster_3
cell_791,6.5092,6.3257,cluster_4
cell_792,19.2690,7.0492,cluster_2
cell_793,22.1526,6.2857,cluster_3
cell_794,21.5418,7.2395,cluster_3
cell_795,6.4176,5.7689,cluster_4
cell_796,9.2939,2.5894,cluster_1
cell_797,18.5590,7.9535,cluster_2
cell_798,18.3555,7.3278,cluster_2
cell_799,20.7680,7.4058,cluster_2
cell_8,20.8103,7.8601,cluster_3
cell_80,5.5483,9.8580,cluster_6
cell_800,22.8353,9.0747,cluster_2
cell_801,23.0106,6.0515,cluster_3
cell_802,20.9441,7.7877,cluster_2
cell_803,5.2666,5.6453,cluster_4
cell_804,7.7990,5.7837,cluster_1
cell_805,19.3956,8.9949,cluster_2
cell_806,19.0195,5.3102,cluster_3
cell_807,21.6691,9.3372,cluster_2
cell_808,20.5233,9.1631,cluster_2
cell_809,23.0177,5.4687,cluster_3
cell_81,5.0591,5.7774,cluster_4
cell_810,21.9172,5.2257,cluster_3
cell_811,8.5014,9.4359,cluster_5
cell_812,6.0588,5.6998,cluster_4
cell_813,20.2650,7.8242,cluster_3
cell_814,20.9715,7.3761,cluster_2
cell_815,5.4226,9.7268,cluster_6
cell_816,22.5688,8.4662,cluster_3
cell_817,21.1028,8.8572,cluster_3
cell_818,21.0826,7.4173,cluster_3
cell_819,9.3679,2.5328,cluster_1
cell_82,20.7553,6.2952,cluster_3
cell_820,17.4842,8.4190,cluster_2
cell_821,21.8998,9.2331,cluster_2
cell_822,18.4172,7.6500,cluster_2
cell_823,22.5703,5.4120,cluster_2
cell_824,21.4569,5.8311,cluster_3
cell_825,22.1507,5.5778,cluster_3
cell_826,18.8542,10.1794,cluster_2
cell_827,8.2718,2.8808,cluster_1
cell_828,19.4164,5.4314,cluster_3
cell_829,6.8957,5.4416,cluster_4
cell_83,8.7959,2.7089,cluster_1
cell_830,21.3546,5.7418,cluster_3
cell_831,19.3559,6.3349,cluster_2
cell_832,20.0861,10.3543,cluster_2
cell_833,20.4353,8.3632,cluster_2
cell_834,18.4442,8.4795,cluster_2
cell_835,7.9348,4.6110,cluster_1
cell_836,6.3427,5.4011,cluster_4
cell_837,18.4226,5.6417,cluster_3
cell_838,5.6765,5.0793,cluster_4
cell_839,9.3437,4.3493,cluster_1
cell_84,5.5771,5.1063,cluster_4
cell_840,9.4745,4.5196,cluster_1
cell_841,19.2171,8.0845,cluster_2
cell_842,21.6456,9.7915,cluster_2
cell_843,20.5421,7.8681,cluster_2
cell_844,8.7902,4.7435,cluster_1
cell_845,23.0191,6.3368,cluster_3
cell_846,9.1333,3.2347,cluster_1
cell_847,18.9724,7.8734,cluster_2
cell_848,16.5503,6.7996,cluster_2
cell_849,21.7261,8.2880,cluster_2
cell_85,23.2018,7.7916,cluster_2
cell_850,20.6159,6.8167,cluster_3
cell_851,18.9389,10.1499,cluster_2
cell_852,16.4794,6.9472,cluster_1
cell_853,19.6431,7.8015,cluster_2
cell_854,17.4087,6.4640,cluster_2
cell_855,3.7607,4.1818,cluster_4
cell_856,21.0012,5.8234,cluster_3
cell_857,20.2030,7.3460,cluster_2
cell_858,4.9228,5.6341,cluster_4
cell_859,17.1933,7.2779,cluster_3
cell_86,20.0238,6.6468,cluster_2
cell_860,20.0006,9.0358,cluster_2
cell_861,9.4478,3.5421,cluster_1
cell_862,19.8498,7.9353,cluster_2
cell_863,18.9719,6.7216,cluster_3
cell_864,22.3850,6.8369,cluster_3
cell_865,19.1248,5.3900,cluster_3
cell_866,22.1898,5.8994,cluster_3
cell_867,17.6356,6.6469,cluster_4
cell_868,21.4841,9.7550,cluster_2
cell_869,19.0103,4.6722,cluster_3
cell_87,6.5677,5.8676,cluster_4
cell_870,8.4145,4.6516,cluster_1
cell_871,8.6468,3.4035,cluster_1
cell_872,19.6794,7.3238,cluster_3
cell_873,19.0700,6.1375,cluster_2
cell_874,16.7141,7.4703,cluster_3
cell_875,7.8034,9.5969,cluster_5
cell_876,20.0618,9.4258,cluster_2
cell_877,21.7004,9.0109,cluster_2
cell_878,10.7255,5.1160,cluster_7
cell_879,7.6299,4.4861,cluster_1
cell_88,21.3185,9.9770,cluster_2
cell_880,21.6406,8.1219,cluster_2
cell_881,20.4907,6.1825,cluster_3
cell_882,19.8606,5.6053,cluster_3
cell_883,8.7043,1.9865,cluster_1
cell_884,6.0908,9.2454,cluster_6
cell_885,20.9734,7.4057,cluster_3
cell_886,9.2212,3.7352,cluster_1
cell_887,18.0286,6.5092,cluster_3
cell_888,8.9494,3.6435,cluster_1
cell_889,10.8503,4.1037,cluster_7
cell_89,5.6681,5.8489,cluster_4
cell_890,5.8046,8.3672,cluster_6
cell_891,21.7160,7.5166,cluster_3
cell_892,20.2296,6.4130,cluster_2
cell_893,8.9200,7.9440,cluster_5
cell_894,19.7569,5.7124,cluster_2
cell_895,19.5184,7.1557,cluster_3
cell_896,20.0006,8.8027,cluster_2
cell_897,18.3257,8.0960,cluster_2
cell_898,4.8957,5.0584,cluster_4
cell_899,17.9247,7.2219,cluster_3
cell_9,21.1391,7.4796,cluster_3
cell_90,22.3655,6.8621,cluster_2
cell_900,8.6105,8.4880,cluster_5
cell_901,9.3131,5.4699,cluster_7
cell_902,11.2244,4.4299,cluster_7
cell_903,17.9975,5.5892,cluster_3
cell_904,8.0065,9.4551,cluster_5
cell_905,7.6172,9.2536,cluster_5
cell_906,17.5629,7.9599,cluster_2
cell_907,22.0800,6.1167,cluster_3
cell_908,7.5320,9.8660,cluster_5
cell_909,8.8311,3.4115,cluster_1
cell_91,19.0944,7.2910,cluster_2
cell_910,4.1132,4.1225,cluster_4
cell_911,21.7755,4.9080,cluster_3
cell_912,18.1193,7.8031,cluster_3
cell_913,18.8262,9.0739,cluster_2
cell_914,8.8498,9.6141,cluster_5
cell_915,8.1374,8.8796,cluster_5
cell_916,21.1706,8.2146,cluster_2
cell_917,6.5497,5.0688,cluster_4
cell_918,8.1228,2.2439,cluster_1
cell_919,9.5515,2.3630,cluster_1
cell_92,7.6742,7.4294,cluster_5
cell_920,7.9068,8.9950,cluster_5
cell_921,20.7689,7.5940,cluster_2
cell_922,4.4766,6.8857,cluster_4
cell_923,8.5152,2.7452,cluster_1
cell_924,19.2813,5.9511,cluster_2
cell_925,18.6353,7.0341,cluster_3
cell_926,7.4824,3.9726,cluster_1
cell_927,6.3954,8.8428,cluster_5
cell_928,8.2417,4.2160,cluster_1
cell_929,7.1488,9.2492,cluster_5
cell_93,19.4758,8.8827,cluster_2
cell_930,8.6211,9.3846,cluster_5
cell_931,5.2523,8.8933,cluster_6
cell_932,7.5791,3.5848,cluster_1
cell_933,18.6320,6.6431,cluster_3
cell_934,7.9536,6.3828,cluster_3
cell_935,18.4161,6.8237,cluster_3
cell_936,19.0744,10.1581,cluster_3
cell_937,17.4423,7.2023,cluster_3
cell_938,18.6247,8.0307,cluster_2
cell_939,22.0484,7.0815,cluster_2
cell_94,22.0624,7.2702,cluster_3
cell_940,9.1440,7.0978,cluster_1
cell_941,19.5926,7.2620,cluster_2
cell_942,8.9484,7.4044,cluster_5
cell_943,18.7661,4.6246,cluster_3
cell_944,19.8873,6.5137,cluster_3
cell_945,18.4012,8.7833,cluster_2
cell_946,19.1436,7.4335,cluster_3
cell_947,10.0957,3.1204,cluster_1
cell_948,19.6355,6.6353,cluster_3
cell_949,20.0259,7.3363,cluster_3
cell_95,5.1170,9.5445,cluster_6
cell_950,8.4683,8.4431,cluster_5
cell_951,21.7442,5.3509,cluster_3
cell_952,22.2056,5.4679,cluster_3
cell_953,20.9907,10.0464,cluster_2
cell_954,4.3248,6.8333,cluster_4
cell_955,20.2637,5.1463,cluster_3
cell_956,19.9572,8.1198,cluster_2
cell_957,8.3835,8.8415,cluster_5
cell_958,9.7443,3.7731,cluster_1
cell_959,4.9634,9.7668,cluster_6
cell_96,7.7133,2.8293,cluster_1
cell_960,8.3194,2.8090,cluster_1
cell_961,7.4447,2.9798,cluster_1
cell_962,10.0121,5.2814,cluster_7
cell_963,21.5020,5.0322,cluster_3
cell_964,17.9729,8.4963,cluster_2
cell_965,22.8607,7.3661,cluster_3
cell_966,7.5339,6.8103,cluster_5
cell_967,6.0756,5.5813,cluster_4
cell_968,8.0673,6.4502,cluster_5
cell_969,23.2223,8.4870,cluster_2
cell_97,8.7062,2.1260,cluster_1
cell_970,7.9086,4.9135,cluster_1
cell_971,9.7802,4.5228,cluster_7
cell_972,18.6790,10.1552,cluster_2
cell_973,22.2936,8.8814,cluster_2
cell_974,7.6112,6.1611,cluster_2
cell_975,7.4557,8.3243,cluster_5
cell_976,9.5087,3.8163,cluster_1
cell_977,18.9523,7.3048,cluster_3
cell_978,19.3686,6.1080,cluster_2
cell_979,18.5534,6.1172,cluster_3
cell_98,4.9413,6.3259,cluster_4
cell_980,17.9542,5.9755,cluster_3
cell_981,21.4294,5.2981,cluster_3
cell_982,9.3614,2.6963,cluster_1
cell_983,4.1879,4.3596,cluster_4
cell_984,21.0107,7.6781,cluster_3
cell_985,4.0935,4.5458,cluster_4
cell_986,5.8604,8.6489,cluster_6
cell_987,8.8579,3.3841,cluster_1
cell_988,7.7756,4.8289,cluster_1
cell_989,5.4437,5.8855,cluster_4
cell_99,6.1824,9.3080,cluster_6
cell_990,4.5876,4.6468,cluster_4
cell_991,19.2887,7.8695,cluster_2
cell_992,17.2684,7.5860,cluster_1
cell_993,19.9694,8.5063,cluster_2
cell_994,20.9773,4.6997,cluster_3
cell_995,9.6507,2.9317,cluster_1
cell_996,21.1438,5.5707,cluster_3
cell_997,9.1464,1.7667,cluster_1
cell_998,18.9391,5.7418,cluster_3
cell_999,9.3252,3.4163,cluster_1
