cell,u1,u2,celltype
cell_1,3.4515,4.7211,cluster_6
cell_10,1.8753,3.6851,cluster_6
cell_100,1.5771,9.8689,cluster_5
cell_1000,2.5344,2.8576,cluster_6
cell_10000,13.6901,8.3060,cluster_1
cell_10001,1.1457,11.3827,cluster_5
cell_10002,2.6229,10.9893,cluster_5
cell_10003,11.0385,6.9087,cluster_1
cell_10004,10.7000,6.2531,cluster_6
cell_10005,3.2747,-1.1226,cluster_4
cell_10006,15.0044,6.4650,cluster_1
cell_10007,8.7339,7.0277,cluster_3
cell_10008,2.3751,3.2959,cluster_6
cell_10009,4.1112,-0.7133,cluster_4
cell_1001,1.8038,2.3044,cluster_6
cell_10010,0.3381,9.7007,cluster_3
cell_10011,12.2802,9.9514,cluster_2
cell_10012,14.3129,5.4885,cluster_1
cell_10013,16.0559,6.3201,cluster_1
cell_10014,13.1002,8.1142,cluster_2
cell_10015,16.2406,6.4266,cluster_1
cell_10016,1.1725,11.2170,cluster_5
cell_10017,1.8187,6.8327,cluster_3
cell_10018,14.6922,5.6316,cluster_1
cell_10019,2.0313,9.9554,cluster_5
cell_1002,13.8878,7.9859,cluster_2
cell_10020,13.1590,9.4152,cluster_2
cell_10021,0.6573,10.5676,cluster_5
cell_10022,13.2324,10.4154,cluster_2
cell_10023,1.8133,2.8862,cluster_6
cell_10024,14.8352,7.7569,cluster_1
cell_10025,15.5380,8.2784,cluster_2
cell_10026,14.4738,7.4106,cluster_1
cell_10027,13.8565,7.8596,cluster_1
cell_10028,11.1245,7.0552,cluster_2
cell_10029,3.5738,-0.9137,cluster_4
cell_1003,11.8435,7.8382,cluster_1
cell_10030,3.2748,0.2569,cluster_4
cell_10031,1.1647,9.1739,cluster_5
cell_10032,15.0235,5.7001,cluster_1
cell_10033,15.0096,7.5213,cluster_1
cell_10034,14.0519,7.4458,cluster_1
cell_10035,-0.1581,7.9844,cluster_3
cell_10036,3.4818,3.4099,cluster_6
cell_10037,1.0323,2.3711,cluster_6
cell_10038,15.2979,7.4217,cluster_1
cell_10039,1.4030,10.5700,cluster_5
cell_1004,1.8426,11.8941,cluster_5
cell_10040,12.6123,7.8024,cluster_1
cell_10041,15.4081,6.3577,cluster_1
cell_10042,10.1101,7.2887,cluster_6
cell_10043,1.2387,6.2818,cluster_3
cell_10044,1.2875,10.0564,cluster_5
cell_10045,10.7525,7.2515,cluster_4
cell_10046,15.7114,6.7418,cluster_1
cell_10047,2.1694,6.8154,cluster_3
cell_10048,15.6239,8.9613,cluster_2
cell_10049,11.5150,6.8356,cluster_1
cell_1005,13.9149,5.5309,cluster_1
cell_10050,7.2341,5.9405,cluster_5
cell_10051,2.2907,10.2262,cluster_5
cell_10052,-1.0878,7.7845,cluster_3
cell_10053,13.9679,5.8485,cluster_1
cell_10054,3.2205,3.5558,cluster_6
cell_10055,2.5591,-0.1421,cluster_4
cell_10056,15.8561,6.3880,cluster_1
cell_10057,4.0108,0.2145,cluster_4
cell_10058,12.3117,10.1740,cluster_2
cell_10059,12.4203,6.1294,cluster_1
cell_1006,-0.7413,8.5383,cluster_3
cell_10060,11.0250,6.3223,cluster_3
cell_10061,15.1338,6.5926,cluster_1
cell_10062,1.8567,11.9006,cluster_5
cell_10063,10.1599,7.6765,cluster_2
cell_10064,14.9806,8.3623,cluster_2
cell_10065,4.0258,4.7957,cluster_6
cell_10066,2.2727,8.8997,cluster_5
cell_10067,14.3896,7.2481,cluster_1
cell_10068,15.5192,5.9105,cluster_1
cell_10069,10.0201,7.2075,cluster_3
cell_1007,1.9501,11.0949,cluster_5
cell_10070,2.3219,9.9463,cluster_5
cell_10071,3.7163,10.9062,cluster_5
cell_10072,13.2895,8.1309,cluster_1
cell_10073,15.7877,7.4224,cluster_1
cell_10074,16.2052,7.9604,cluster_1
cell_10075,0.9531,11.3531,cluster_5
cell_10076,15.3040,6.8057,cluster_1
cell_10077,12.6411,5.7636,cluster_1
cell_10078,15.4315,7.2926,cluster_1
cell_10079,14.2199,6.7167,cluster_1
cell_1008,7.2214,6.2463,cluster_3
cell_10080,13.7415,7.9583,cluster_1
cell_10081,-0.8121,6.3551,cluster_3
cell_10082,15.4038,7.7529,cluster_1
cell_10083,15.6034,7.1496,cluster_1
cell_10084,14.8051,10.1082,cluster_2
cell_10085,13.7490,10.7813,cluster_2
cell_10086,11.6553,7.8324,cluster_2
cell_10087,2.4862,-0.3219,cluster_4
cell_10088,15.9123,7.3387,cluster_1
cell_10089,4.7701,5.2618,cluster_6
cell_1009,15.4462,6.9280,cluster_1
cell_10090,12.1742,8.0516,cluster_2
cell_10091,15.3900,10.7568,cluster_2
cell_10092,2.6949,2.9354,cluster_1
cell_10093,15.5493,7.3059,cluster_1
cell_10094,15.6541,6.0546,cluster_1
cell_10095,10.7935,8.2707,cluster_2
cell_10096,14.9924,8.3003,cluster_2
cell_10097,10.2734,7.4852,cluster_3
cell_10098,13.8035,10.7900,cluster_2
cell_10099,3.9256,3.8240,cluster_3
cell_101,2.2297,3.3556,cluster_6
cell_1010,11.1441,7.5349,cluster_1
cell_10100,15.4477,9.5469,cluster_2
cell_10101,0.2449,6.8554,cluster_3
cell_10102,14.6274,5.6668,cluster_1
cell_10103,14.9623,11.3568,cluster_2
cell_10104,12.4001,6.9668,cluster_1
cell_10105,3.7028,-0.9308,cluster_4
cell_10106,14.0609,7.7581,cluster_1
cell_10107,1.8115,11.5372,cluster_5
cell_10108,13.5085,8.0650,cluster_1
cell_10109,3.5668,-0.8819,cluster_4
cell_1011,-0.9319,7.4665,cluster_3
cell_10110,3.9420,11.4939,cluster_5
cell_10111,1.0656,6.1980,cluster_3
cell_10112,13.0308,7.8212,cluster_1
cell_10113,-1.5367,6.1026,cluster_3
cell_10114,2.0837,2.4025,cluster_6
cell_10115,0.7330,3.2788,cluster_6
cell_10116,15.6557,7.7518,cluster_1
cell_10117,-0.4462,7.6447,cluster_3
cell_10118,15.6545,8.4458,cluster_2
cell_10119,1.3529,8.9410,cluster_5
cell_1012,13.0239,10.7836,cluster_2
cell_10120,14.3261,6.2455,cluster_1
cell_10121,13.0581,8.3398,cluster_1
cell_10122,15.0751,8.8697,cluster_2
cell_10123,2.9881,2.9500,cluster_4
cell_10124,1.3630,2.2158,cluster_6
cell_10125,8.9173,7.1183,cluster_3
cell_10126,15.8200,7.5857,cluster_1
cell_10127,2.3465,2.5441,cluster_6
cell_10128,15.1006,6.8876,cluster_1
cell_10129,15.3941,7.7697,cluster_1
cell_1013,1.6590,10.5654,cluster_5
cell_10130,0.9732,2.9467,cluster_6
cell_10131,2.9992,11.4848,cluster_5
cell_10132,9.3337,6.2124,cluster_2
cell_10133,14.9489,6.6442,cluster_1
cell_10134,10.5802,6.9435,cluster_5
cell_10135,15.5372,5.6357,cluster_1
cell_10136,14.9976,9.2608,cluster_2
cell_10137,-0.0609,8.3574,cluster_3
cell_10138,14.9077,6.3924,cluster_1
cell_10139,14.1715,6.6483,cluster_1
cell_1014,8.6374,4.4647,cluster_8
cell_10140,1.0817,11.7604,cluster_5
cell_10141,2.4906,-0.6446,cluster_4
cell_10142,3.2517,12.5219,cluster_5
cell_10143,1.0363,7.3938,cluster_3
cell_10144,15.4098,6.5070,cluster_1
cell_10145,13.2388,8.0029,cluster_1
cell_10146,10.2815,3.7667,cluster_8
cell_10147,2.5718,3.3077,cluster_6
cell_10148,3.5558,5.7111,cluster_6
cell_10149,13.8203,5.7106,cluster_1
cell_1015,9.0633,3.4864,cluster_8
cell_10150,0.4412,11.0767,cluster_5
cell_10151,12.8629,8.7023,cluster_2
cell_10152,11.6274,7.0089,cluster_1
cell_10153,2.0591,11.9594,cluster_5
cell_10154,3.2581,-0.7783,cluster_4
cell_10155,1.6473,1.7524,cluster_6
cell_10156,11.1567,7.5279,cluster_2
cell_10157,14.9066,6.8455,cluster_1
cell_10158,12.6920,9.9863,cluster_2
cell_10159,11.2324,8.3418,cluster_6
cell_1016,1.5627,10.7658,cluster_5
cell_10160,2.6916,1.8813,cluster_4
cell_10161,16.0802,7.6837,cluster_1
cell_10162,13.0174,9.8726,cluster_2
cell_10163,15.5490,6.7162,cluster_1
cell_10164,3.2696,9.0524,cluster_5
cell_10165,6.5238,6.7628,cluster_6
cell_10166,14.8925,5.3143,cluster_1
cell_10167,14.7391,7.8959,cluster_1
cell_10168,12.2315,9.2344,cluster_2
cell_10169,13.4338,8.1670,cluster_1
cell_1017,2.5510,10.1326,cluster_5
cell_10170,1.2256,3.1406,cluster_6
cell_10171,14.9342,7.3262,cluster_1
cell_10172,13.1906,7.0147,cluster_1
cell_10173,0.2876,10.9251,cluster_5
cell_10174,0.8431,11.7048,cluster_5
cell_10175,9.3954,6.1590,cluster_3
cell_10176,14.3692,6.7953,cluster_1
cell_10177,14.6704,9.2654,cluster_2
cell_10178,14.1707,6.4761,cluster_1
cell_10179,12.2103,7.2353,cluster_1
cell_1018,3.6184,-0.5753,cluster_4
cell_10180,0.1979,5.7676,cluster_3
cell_10181,11.3899,8.6231,cluster_2
cell_10182,-0.8582,7.7026,cluster_3
cell_10183,9.8834,7.5315,cluster_3
cell_10184,0.4232,7.0792,cluster_3
cell_10185,4.0292,11.9848,cluster_5
cell_10186,1.3562,9.3874,cluster_5
cell_10187,14.8547,10.4082,cluster_2
cell_10188,2.2260,9.7463,cluster_5
cell_10189,14.7743,10.5468,cluster_2
cell_1019,1.9598,2.5976,cluster_6
cell_10190,0.9403,11.3836,cluster_5
cell_10191,1.0478,6.3730,cluster_3
cell_10192,10.9617,7.4274,cluster_3
cell_10193,1.8060,12.0399,cluster_5
cell_10194,-1.2479,7.2540,cluster_3
cell_10195,14.4270,7.2181,cluster_1
cell_10196,14.3040,7.2938,cluster_1
cell_10197,13.2734,6.9861,cluster_1
cell_10198,11.0366,8.3261,cluster_5
cell_10199,12.7474,8.3818,cluster_1
cell_102,-0.7819,7.3081,cluster_3
cell_1020,5.9075,4.0185,cluster_8
cell_10200,13.1709,6.5654,cluster_1
cell_10201,15.5032,5.2201,cluster_1
cell_10202,0.3999,6.2023,cluster_3
cell_10203,14.8975,8.3867,cluster_1
cell_10204,1.3772,2.2795,cluster_6
cell_10205,2.9033,1.3893,cluster_4
cell_10206,1.4264,10.1990,cluster_5
cell_10207,13.2293,7.8737,cluster_2
cell_10208,1.1394,2.0401,cluster_6
cell_10209,14.5062,9.2815,cluster_2
cell_1021,0.7839,6.6265,cluster_3
cell_10210,16.0336,7.9844,cluster_1
cell_10211,11.7444,6.7562,cluster_2
cell_10212,13.1512,5.6505,cluster_1
cell_10213,2.0625,3.1398,cluster_6
cell_10214,1.5317,10.4084,cluster_5
cell_10215,13.4921,8.0376,cluster_2
cell_10216,3.4549,-1.0143,cluster_4
cell_10217,10.0888,7.7893,cluster_3
cell_10218,2.3249,12.0916,cluster_5
cell_10219,2.3952,0.1743,cluster_4
cell_1022,1.1093,7.4297,cluster_3
cell_10220,13.4330,6.2864,cluster_1
cell_10221,8.8946,6.7696,cluster_3
cell_10222,3.3217,5.0391,cluster_5
cell_10223,-1.1223,6.4254,cluster_3
cell_10224,13.0129,7.5223,cluster_1
cell_10225,13.5827,8.3591,cluster_1
cell_10226,14.3996,7.1406,cluster_1
cell_10227,8.9907,6.6452,cluster_3
cell_10228,14.8580,10.1797,cluster_2
cell_10229,13.6962,6.8230,cluster_1
cell_1023,7.3229,6.6351,cluster_4
cell_10230,10.5683,7.5216,cluster_3
cell_10231,2.2050,0.8889,cluster_4
cell_10232,13.9462,9.2137,cluster_2
cell_10233,10.8488,6.7518,cluster_3
cell_10234,14.3777,5.7810,cluster_1
cell_10235,15.6091,6.5437,cluster_1
cell_10236,1.6972,3.0604,cluster_6
cell_10237,13.3170,9.2748,cluster_2
cell_10238,13.4282,9.3248,cluster_2
cell_10239,2.2453,2.6462,cluster_6
cell_1024,1.6405,3.3960,cluster_6
cell_10240,15.9524,7.9558,cluster_1
cell_10241,15.9899,6.1720,cluster_1
cell_10242,13.1281,7.2612,cluster_1
cell_10243,13.1313,8.8990,cluster_2
cell_10244,2.6320,9.5116,cluster_5
cell_10245,12.7474,8.6780,cluster_2
cell_10246,3.6685,12.1084,cluster_5
cell_10247,13.7038,8.5474,cluster_2
cell_10248,8.7816,6.9621,cluster_2
cell_10249,14.4530,5.1998,cluster_1
cell_1025,12.5577,9.7405,cluster_2
cell_10250,-0.6507,5.9532,cluster_3
cell_10251,1.0395,11.9469,cluster_5
cell_10252,3.4733,-1.1452,cluster_4
cell_10253,14.7815,6.3371,cluster_1
cell_10254,11.6736,8.4097,cluster_2
cell_10255,1.1421,2.5278,cluster_6
cell_10256,13.2233,8.1004,cluster_1
cell_10257,1.3814,6.4512,cluster_3
cell_10258,10.9762,6.9943,cluster_1
cell_10259,12.7456,8.1352,cluster_1
cell_1026,8.9293,2.9975,cluster_8
cell_10260,11.7643,7.9748,cluster_2
cell_10261,13.0802,5.4315,cluster_1
cell_10262,15.0137,10.6772,cluster_2
cell_10263,14.3681,5.5843,cluster_1
cell_10264,15.0156,6.5279,cluster_1
cell_10265,3.4280,10.2916,cluster_5
cell_10266,10.7045,7.4972,cluster_2
cell_10267,11.9298,8.0546,cluster_1
cell_10268,11.3910,6.4934,cluster_1
cell_10269,3.0133,3.1156,cluster_6
cell_1027,1.0426,10.5645,cluster_5
cell_10270,-1.1791,5.7124,cluster_3
cell_10271,1.3596,6.1056,cluster_3
cell_10272,10.4225,7.4544,cluster_2
cell_10273,11.8150,7.3534,cluster_1
cell_10274,12.0052,6.0639,cluster_1
cell_10275,13.3487,6.9874,cluster_1
cell_10276,13.2497,9.8011,cluster_2
cell_10277,15.9551,6.6108,cluster_1
cell_10278,-1.2439,6.4138,cluster_3
cell_10279,11.7991,8.6096,cluster_1
cell_1028,-0.0553,7.2864,cluster_3
cell_10280,3.7847,1.3966,cluster_4
cell_10281,14.8478,8.5158,cluster_2
cell_10282,9.8413,7.7261,cluster_1
cell_10283,15.3652,6.4365,cluster_1
cell_10284,3.7847,-0.6659,cluster_4
cell_10285,14.3135,6.2468,cluster_1
cell_10286,15.6618,7.3676,cluster_1
cell_10287,0.8520,1.6474,cluster_6
cell_10288,15.4037,7.6026,cluster_1
cell_10289,1.2613,3.1811,cluster_6
cell_1029,14.5897,8.6420,cluster_2
cell_10290,13.0724,10.5688,cluster_2
cell_10291,15.6972,6.8406,cluster_2
cell_10292,3.9650,2.8004,cluster_4
cell_10293,1.2905,3.0406,cluster_6
cell_10294,1.7576,3.6948,cluster_6
cell_10295,14.7163,7.4160,cluster_1
cell_10296,11.2523,7.9759,cluster_3
cell_10297,8.4871,7.1704,cluster_3
cell_10298,-1.0092,5.8423,cluster_3
cell_10299,15.6487,5.8707,cluster_1
cell_103,1.8999,1.3862,cluster_4
cell_1030,14.0920,10.8000,cluster_2
cell_10300,14.9456,7.5929,cluster_1
cell_10301,12.9040,11.0163,cluster_2
cell_10302,14.7546,6.4505,cluster_1
cell_10303,3.8673,11.2866,cluster_5
cell_10304,2.0776,3.2517,cluster_6
cell_10305,15.9590,7.2789,cluster_1
cell_10306,14.5597,10.7096,cluster_2
cell_10307,2.5236,-0.0024,cluster_4
cell_10308,3.4879,4.8118,cluster_6
cell_10309,14.3907,6.3348,cluster_1
cell_1031,6.0827,3.0423,cluster_8
cell_10310,14.1646,10.7669,cluster_2
cell_10311,12.7552,8.7896,cluster_1
cell_10312,12.9689,6.9820,cluster_2
cell_10313,13.7111,7.0899,cluster_1
cell_10314,12.3138,9.4537,cluster_2
cell_10315,4.5224,2.2807,cluster_4
cell_10316,12.6883,9.2816,cluster_2
cell_10317,11.5073,7.6692,cluster_1
cell_10318,3.5766,-1.2592,cluster_4
cell_10319,4.6821,5.9817,cluster_3
cell_1032,1.5687,2.8406,cluster_6
cell_10320,3.3420,-1.4534,cluster_4
cell_10321,2.4213,-0.5683,cluster_4
cell_10322,7.7040,6.5966,cluster_3
cell_10323,12.5087,6.7473,cluster_1
cell_10324,14.4863,5.4477,cluster_1
cell_10325,3.0939,3.9545,cluster_6
cell_10326,2.4363,0.9377,cluster_4
cell_10327,15.1837,10.3636,cluster_1
cell_10328,13.8325,8.3971,cluster_1
cell_10329,0.7070,6.6296,cluster_3
cell_1033,3.4022,-0.9471,cluster_4
cell_10330,12.0786,8.1403,cluster_3
cell_10331,1.6118,10.0177,cluster_5
cell_10332,11.5504,8.0430,cluster_2
cell_10333,13.4896,7.7531,cluster_1
cell_10334,3.5675,-1.6838,cluster_4
cell_10335,2.1242,2.8789,cluster_6
cell_10336,14.1878,5.3313,cluster_1
cell_10337,9.5298,6.4633,cluster_3
cell_10338,8.0814,6.9583,cluster_3
cell_10339,16.0723,8.6915,cluster_1
cell_1034,1.0798,3.8577,cluster_5
cell_10340,2.8434,2.7845,cluster_6
cell_10341,14.3820,5.9369,cluster_1
cell_10342,1.6879,3.2712,cluster_6
cell_10343,3.2441,-0.3585,cluster_4
cell_10344,15.5367,7.7673,cluster_1
cell_10345,3.3230,11.5474,cluster_5
cell_10346,11.1596,6.9176,cluster_3
cell_10347,13.9554,10.1892,cluster_2
cell_10348,11.7415,6.1450,cluster_1
cell_10349,13.3558,8.2110,cluster_1
cell_1035,3.9414,11.9792,cluster_5
cell_10350,3.3629,6.3539,cluster_6
cell_10351,13.3749,5.5883,cluster_1
cell_10352,3.3980,2.0319,cluster_6
cell_10353,12.0678,6.3681,cluster_1
cell_10354,15.7939,5.7304,cluster_1
cell_10355,11.4701,6.4248,cluster_1
cell_10356,13.4191,7.8125,cluster_1
cell_10357,13.7217,9.2909,cluster_2
cell_10358,13.4617,8.0149,cluster_1
cell_10359,8.9125,6.5701,cluster_3
cell_1036,-1.0937,7.9633,cluster_3
cell_10360,3.1723,1.9605,cluster_6
cell_10361,-0.5032,6.3339,cluster_3
cell_10362,13.1826,10.9626,cluster_2
cell_10363,13.6536,7.3184,cluster_1
cell_10364,12.1333,8.6449,cluster_2
cell_10365,2.9792,1.2037,cluster_4
cell_10366,13.9703,5.1987,cluster_1
cell_10367,15.7028,6.3293,cluster_1
cell_10368,15.4577,10.6573,cluster_2
cell_10369,3.0343,-0.6314,cluster_4
cell_1037,2.9834,10.1591,cluster_5
cell_10370,1.6852,2.1774,cluster_6
cell_10371,10.3036,7.4336,cluster_3
cell_10372,3.6282,2.1748,cluster_6
cell_10373,14.7986,5.7413,cluster_1
cell_10374,14.6089,9.6307,cluster_2
cell_10375,14.6671,9.5514,cluster_2
cell_10376,14.0380,5.2588,cluster_1
cell_10377,14.7217,6.7571,cluster_1
cell_10378,15.2328,6.5859,cluster_1
cell_10379,3.9525,11.7673,cluster_5
cell_1038,3.2837,-0.6468,cluster_4
cell_10380,9.3989,7.5770,cluster_3
cell_10381,13.6567,7.9381,cluster_2
cell_10382,13.6005,5.3391,cluster_1
cell_10383,3.6959,4.9772,cluster_6
cell_10384,1.1256,2.6325,cluster_6
cell_10385,14.7249,8.6474,cluster_1
cell_10386,3.3378,4.2629,cluster_6
cell_10387,11.5075,7.9672,cluster_2
cell_10388,15.4156,6.9910,cluster_1
cell_10389,13.7863,5.2542,cluster_1
cell_1039,2.0420,2.1306,cluster_6
cell_10390,1.1115,2.5540,cluster_6
cell_10391,3.7822,8.2562,cluster_4
cell_10392,4.3251,-0.5765,cluster_4
cell_10393,2.2474,-0.1944,cluster_4
cell_10394,12.7544,9.9833,cluster_2
cell_10395,10.8270,5.9161,cluster_3
cell_10396,13.2997,6.5479,cluster_1
cell_10397,15.1629,5.8557,cluster_1
cell_10398,15.1547,5.4350,cluster_1
cell_10399,7.4227,6.4050,cluster_2
cell_104,1.5886,7.3893,cluster_3
cell_1040,3.8883,3.6113,cluster_6
cell_10400,12.7729,5.7674,cluster_1
cell_10401,14.0157,5.9332,cluster_1
cell_10402,2.2553,0.5618,cluster_4
cell_10403,-0.0001,6.8272,cluster_3
cell_10404,14.4569,8.8750,cluster_1
cell_10405,14.4050,7.8141,cluster_1
cell_10406,13.0222,9.7386,cluster_2
cell_10407,14.1058,7.4768,cluster_1
cell_10408,13.2554,8.3168,cluster_2
cell_10409,11.7600,6.2714,cluster_1
cell_1041,3.6838,-0.9304,cluster_4
cell_10410,4.0220,2.1688,cluster_6
cell_10411,13.2181,5.9021,cluster_1
cell_10412,12.7657,10.0828,cluster_2
cell_10413,3.1543,-0.4561,cluster_4
cell_10414,14.0637,5.6348,cluster_1
cell_10415,12.6301,7.1379,cluster_1
cell_10416,13.3151,9.8796,cluster_2
cell_10417,0.4684,6.2483,cluster_3
cell_10418,0.4339,6.3335,cluster_3
cell_10419,15.7946,6.0973,cluster_1
cell_1042,6.4215,3.4455,cluster_8
cell_10420,1.2706,1.7388,cluster_6
cell_10421,10.9943,7.2331,cluster_3
cell_10422,13.5422,10.9104,cluster_2
cell_10423,-0.1852,7.7568,cluster_3
cell_10424,1.8278,6.8479,cluster_3
cell_10425,8.5270,7.2168,cluster_2
cell_10426,11.7470,9.0140,cluster_2
cell_10427,1.0908,1.5406,cluster_6
cell_10428,14.2582,5.2980,cluster_1
cell_10429,3.2647,4.3860,cluster_6
cell_1043,11.5193,8.5985,cluster_2
cell_10430,15.7066,7.6798,cluster_1
cell_10431,-1.4336,5.6831,cluster_3
cell_10432,0.7310,5.9756,cluster_3
cell_10433,3.9617,-0.6438,cluster_4
cell_10434,1.1021,2.6574,cluster_6
cell_10435,14.0165,6.8521,cluster_1
cell_10436,0.3391,6.0969,cluster_3
cell_10437,1.6718,3.1902,cluster_6
cell_10438,2.4795,2.2410,cluster_6
cell_10439,14.8655,5.0309,cluster_1
cell_1044,-0.0662,8.0939,cluster_6
cell_10440,16.0083,8.1683,cluster_1
cell_10441,14.3450,8.1420,cluster_1
cell_10442,14.1653,8.9713,cluster_2
cell_10443,14.1993,8.0501,cluster_1
cell_10444,14.3797,6.2979,cluster_1
cell_10445,14.5969,8.0544,cluster_1
cell_10446,2.5271,-0.7269,cluster_4
cell_10447,14.8359,6.2445,cluster_1
cell_10448,-0.7073,8.1855,cluster_3
cell_10449,13.0419,9.7702,cluster_2
cell_1045,1.4095,4.2616,cluster_4
cell_10450,-1.3538,6.5645,cluster_3
cell_10451,14.4727,9.4917,cluster_2
cell_10452,7.7359,6.3328,cluster_6
cell_10453,16.3054,6.4299,cluster_1
cell_10454,1.4196,2.4690,cluster_6
cell_10455,7.9379,6.5924,cluster_3
cell_10456,13.5261,6.9577,cluster_1
cell_10457,2.3686,9.2483,cluster_5
cell_10458,15.9670,8.9409,cluster_2
cell_10459,14.3646,7.5831,cluster_1
cell_1046,15.3681,8.0343,cluster_2
cell_10460,4.1096,3.1463,cluster_6
cell_10461,3.5929,-0.7295,cluster_4
cell_10462,1.2608,2.1265,cluster_6
cell_10463,2.9967,10.1257,cluster_5
cell_10464,14.0733,10.8039,cluster_2
cell_10465,12.8443,6.3977,cluster_1
cell_10466,1.0835,2.0343,cluster_6
cell_10467,12.0990,8.3020,cluster_1
cell_10468,13.4170,6.0430,cluster_1
cell_10469,8.8486,6.8989,cluster_3
cell_1047,15.3525,9.9649,cluster_2
cell_10470,2.4375,6.7446,cluster_4
cell_10471,8.7903,6.8569,cluster_1
cell_10472,11.6381,6.8637,cluster_1
cell_10473,11.3842,6.1463,cluster_2
cell_10474,2.1512,1.9902,cluster_6
cell_10475,15.3518,8.7817,cluster_1
cell_10476,8.0865,6.2034,cluster_3
cell_10477,12.7764,5.1117,cluster_1
cell_10478,-0.9962,6.6069,cluster_3
cell_10479,15.3986,5.4739,cluster_1
cell_1048,4.3450,0.1677,cluster_4
cell_10480,1.8263,4.2319,cluster_5
cell_10481,15.3559,6.4950,cluster_1
cell_10482,12.4200,6.1653,cluster_1
cell_10483,4.0257,4.1387,cluster_3
cell_10484,15.0866,6.3152,cluster_1
cell_10485,14.6346,11.5275,cluster_2
cell_10486,1.4773,2.9969,cluster_6
cell_10487,15.9475,8.1272,cluster_1
cell_10488,13.5263,8.9966,cluster_1
cell_10489,13.6572,6.6663,cluster_1
cell_1049,15.6985,7.8416,cluster_1
cell_10490,1.4062,1.8805,cluster_6
cell_10491,2.3255,0.2753,cluster_4
cell_10492,0.0185,6.3429,cluster_3
cell_10493,2.5113,4.2347,cluster_6
cell_10494,14.0808,8.2153,cluster_1
cell_10495,15.8904,7.8518,cluster_1
cell_10496,0.8089,2.6198,cluster_6
cell_10497,3.4651,-1.1897,cluster_4
cell_10498,3.1620,12.3688,cluster_5
cell_10499,3.3100,-1.2613,cluster_4
cell_105,1.6490,3.3115,cluster_6
cell_1050,1.7967,10.8694,cluster_5
cell_10500,13.5906,6.2711,cluster_1
cell_10501,-0.9868,5.8414,cluster_3
cell_10502,15.4413,7.6558,cluster_1
cell_10503,2.7425,0.5046,cluster_4
cell_10504,3.3983,10.5945,cluster_5
cell_10505,13.3794,7.2252,cluster_1
cell_10506,4.3738,0.1989,cluster_4
cell_10507,15.6103,9.4257,cluster_2
cell_10508,12.7354,9.7458,cluster_2
cell_10509,2.2402,2.4902,cluster_6
cell_1051,14.9187,7.5591,cluster_1
cell_10510,2.7749,3.9478,cluster_6
cell_10511,13.6774,8.2359,cluster_1
cell_10512,12.8144,6.6830,cluster_1
cell_10513,15.8860,9.5173,cluster_2
cell_10514,0.6264,5.8953,cluster_3
cell_10515,14.1528,8.2663,cluster_1
cell_10516,11.2065,7.2777,cluster_1
cell_10517,3.5739,4.4833,cluster_6
cell_10518,12.6188,7.5188,cluster_1
cell_10519,3.2309,4.5857,cluster_6
cell_1052,2.4632,10.9893,cluster_5
cell_10520,5.9320,6.7280,cluster_6
cell_10521,15.0077,6.3956,cluster_1
cell_10522,10.8537,7.2736,cluster_2
cell_10523,1.8695,6.7112,cluster_4
cell_10524,4.1358,11.5928,cluster_5
cell_10525,3.9018,-0.0608,cluster_4
cell_10526,-1.1165,6.3901,cluster_3
cell_10527,3.0701,10.7212,cluster_5
cell_10528,13.4880,9.7802,cluster_2
cell_10529,1.7689,10.9020,cluster_5
cell_1053,14.9405,11.3958,cluster_2
cell_10530,14.4918,10.1912,cluster_2
cell_10531,3.5229,-1.4139,cluster_4
cell_10532,4.0706,11.4361,cluster_5
cell_10533,9.6728,6.8993,cluster_2
cell_10534,14.2434,6.0607,cluster_1
cell_10535,-0.1347,5.8686,cluster_3
cell_10536,6.9697,6.9298,cluster_3
cell_10537,3.9059,12.0517,cluster_5
cell_10538,8.7174,6.9022,cluster_3
cell_10539,1.1249,1.9076,cluster_6
cell_1054,-0.5020,7.8012,cluster_3
cell_10540,3.3401,12.0813,cluster_5
cell_10541,14.4800,11.1406,cluster_2
cell_10542,3.6002,-1.2917,cluster_4
cell_10543,14.5680,10.5330,cluster_2
cell_10544,13.0127,10.2123,cluster_2
cell_10545,1.6132,11.8970,cluster_5
cell_10546,14.6923,6.2054,cluster_1
cell_10547,12.3625,7.0304,cluster_1
cell_10548,13.1192,6.2042,cluster_1
cell_10549,15.2980,6.6432,cluster_1
cell_1055,13.8787,10.5756,cluster_2
cell_10550,11.4381,7.0881,cluster_3
cell_10551,1.1568,10.8927,cluster_5
cell_10552,-1.4207,7.6477,cluster_3
cell_10553,15.2473,10.1047,cluster_2
cell_10554,3.6768,4.7873,cluster_6
cell_10555,13.0807,6.5570,cluster_1
cell_10556,15.9820,6.6738,cluster_1
cell_10557,15.4186,5.6863,cluster_1
cell_10558,2.8395,11.9207,cluster_5
cell_10559,11.7071,8.2197,cluster_2
cell_1056,6.2935,3.4301,cluster_8
cell_10560,12.7080,7.0643,cluster_1
cell_10561,0.7398,6.3633,cluster_3
cell_10562,13.1598,5.7062,cluster_1
cell_10563,2.5186,11.1459,cluster_5
cell_10564,-1.3157,6.2789,cluster_3
cell_10565,3.6294,4.5348,cluster_6
cell_10566,-1.2191,6.1036,cluster_3
cell_10567,14.8381,6.5966,cluster_1
cell_10568,2.6289,9.1131,cluster_5
cell_10569,1.3835,10.3962,cluster_5
cell_1057,0.0456,7.1518,cluster_3
cell_10570,13.1344,7.2819,cluster_1
cell_10571,9.9848,7.4567,cluster_3
cell_10572,13.0236,6.3349,cluster_2
cell_10573,2.1902,10.1788,cluster_5
cell_10574,8.3681,6.2621,cluster_1
cell_10575,-1.2341,6.7035,cluster_3
cell_10576,14.7848,6.4277,cluster_1
cell_10577,-0.8168,6.3485,cluster_3
cell_10578,12.2410,7.1429,cluster_1
cell_10579,13.2161,7.6674,cluster_1
cell_1058,2.9180,12.3572,cluster_5
cell_10580,12.6893,9.8629,cluster_2
cell_10581,2.4622,10.8181,cluster_5
cell_10582,9.6300,7.4507,cluster_3
cell_10583,0.6368,8.2618,cluster_3
cell_10584,2.5498,2.7932,cluster_6
cell_10585,2.1408,0.7871,cluster_4
cell_10586,1.0265,11.4734,cluster_5
cell_10587,14.4751,9.3268,cluster_2
cell_10588,-0.5797,7.1347,cluster_3
cell_10589,1.9535,9.6328,cluster_5
cell_1059,-1.3286,7.7882,cluster_3
cell_10590,13.7226,7.2877,cluster_1
cell_10591,3.7512,11.6992,cluster_5
cell_10592,2.6978,8.7834,cluster_5
cell_10593,14.3672,5.8135,cluster_1
cell_10594,13.2646,8.3851,cluster_1
cell_10595,15.0737,8.9916,cluster_2
cell_10596,15.5487,6.8256,cluster_1
cell_10597,14.7843,9.2226,cluster_1
cell_10598,1.5155,10.4227,cluster_5
cell_10599,14.5569,8.6201,cluster_1
cell_106,1.8499,1.2262,cluster_6
cell_1060,1.2038,10.5043,cluster_5
cell_10600,13.1879,7.1827,cluster_1
cell_10601,14.5771,5.1927,cluster_1
cell_10602,14.3884,7.9127,cluster_1
cell_10603,13.6041,9.2964,cluster_2
cell_10604,-1.5194,6.8857,cluster_3
cell_10605,15.1842,7.2814,cluster_1
cell_10606,15.1273,8.9545,cluster_1
cell_10607,13.5716,9.2063,cluster_2
cell_10608,14.7114,5.7217,cluster_1
cell_10609,14.0994,10.9544,cluster_2
cell_1061,-0.9584,8.0526,cluster_3
cell_10610,11.3684,7.6347,cluster_3
cell_10611,2.6498,9.5868,cluster_5
cell_10612,13.5909,7.8600,cluster_1
cell_10613,14.7765,9.7257,cluster_2
cell_10614,-0.6241,6.3501,cluster_3
cell_10615,15.0387,7.9171,cluster_1
cell_10616,-0.5874,8.1916,cluster_3
cell_10617,12.1297,8.7880,cluster_2
cell_10618,1.2072,1.7313,cluster_6
cell_10619,13.6474,8.3449,cluster_1
cell_1062,3.6838,11.3446,cluster_5
cell_10620,12.1068,6.8816,cluster_1
cell_10621,15.4280,5.7347,cluster_1
cell_10622,15.5237,9.3063,cluster_2
cell_10623,15.5204,9.9542,cluster_2
cell_10624,15.1235,5.3571,cluster_1
cell_10625,1.3423,2.3295,cluster_6
cell_10626,14.7747,5.5535,cluster_1
cell_10627,3.7657,5.0052,cluster_6
cell_10628,1.8452,11.0651,cluster_5
cell_10629,1.8894,10.2311,cluster_2
cell_1063,3.2649,11.3623,cluster_5
cell_10630,1.5899,6.4533,cluster_3
cell_10631,13.0420,7.3803,cluster_1
cell_10632,1.1017,2.6324,cluster_6
cell_10633,12.0358,8.3936,cluster_2
cell_10634,9.6180,6.5089,cluster_3
cell_10635,13.4746,6.4924,cluster_1
cell_10636,12.8734,9.4624,cluster_2
cell_10637,13.0392,9.3063,cluster_2
cell_10638,14.8966,7.6828,cluster_1
cell_10639,-1.3170,7.3819,cluster_3
cell_1064,3.1883,3.8528,cluster_6
cell_10640,15.5775,7.2724,cluster_1
cell_10641,14.0762,7.2666,cluster_1
cell_10642,13.7420,9.8150,cluster_2
cell_10643,15.3134,5.2827,cluster_1
cell_10644,14.3581,8.6508,cluster_2
cell_10645,12.1661,8.7683,cluster_2
cell_10646,13.3760,10.3255,cluster_2
cell_10647,15.4527,9.8294,cluster_2
cell_10648,11.1404,7.0550,cluster_1
cell_10649,13.7483,7.9685,cluster_1
cell_1065,1.8342,3.4363,cluster_6
cell_10650,12.5782,9.2599,cluster_2
cell_10651,13.2400,8.9072,cluster_2
cell_10652,13.7613,11.2132,cluster_2
cell_10653,15.5304,5.6293,cluster_1
cell_10654,15.5213,6.3984,cluster_1
cell_10655,1.7256,6.6507,cluster_3
cell_10656,0.7816,7.1321,cluster_3
cell_10657,15.0510,8.4913,cluster_1
cell_10658,0.7623,6.8527,cluster_3
cell_10659,11.7153,7.8375,cluster_3
cell_1066,14.8345,10.7001,cluster_2
cell_10660,12.8316,7.7379,cluster_1
cell_10661,2.9164,9.5289,cluster_5
cell_10662,4.1440,12.2544,cluster_5
cell_10663,13.0286,9.9750,cluster_2
cell_10664,4.0567,11.5470,cluster_5
cell_10665,14.8874,5.5264,cluster_1
cell_10666,13.9302,8.1174,cluster_1
cell_10667,14.8379,10.7558,cluster_2
cell_10668,3.2943,12.3123,cluster_5
cell_10669,14.3300,5.7942,cluster_1
cell_1067,2.9622,7.6332,cluster_3
cell_10670,13.4941,7.5162,cluster_1
cell_10671,13.3063,11.0929,cluster_2
cell_10672,15.0282,6.4489,cluster_2
cell_10673,13.2136,8.6414,cluster_2
cell_10674,11.8578,8.2367,cluster_2
cell_10675,1.9360,10.0197,cluster_5
cell_10676,13.5177,8.5692,cluster_2
cell_10677,14.8104,5.6296,cluster_1
cell_10678,1.3867,6.8310,cluster_3
cell_10679,15.4862,10.2040,cluster_2
cell_1068,14.2425,9.3094,cluster_2
cell_10680,2.3809,9.6433,cluster_5
cell_10681,15.6011,7.1289,cluster_1
cell_10682,-0.9931,8.3663,cluster_3
cell_10683,13.4297,7.4113,cluster_2
cell_10684,6.9926,6.5168,cluster_3
cell_10685,10.6936,8.6666,cluster_3
cell_10686,15.3865,6.0360,cluster_1
cell_10687,3.3904,11.8496,cluster_5
cell_10688,13.5564,10.6347,cluster_2
cell_10689,2.3613,10.8429,cluster_5
cell_1069,13.5849,6.8130,cluster_1
cell_10690,15.1047,8.2084,cluster_1
cell_10691,12.6734,10.6402,cluster_2
cell_10692,14.1736,11.4155,cluster_2
cell_10693,0.2103,5.8002,cluster_3
cell_10694,1.0664,1.8960,cluster_6
cell_10695,15.0310,8.2966,cluster_1
cell_10696,7.8756,6.1576,cluster_3
cell_10697,13.9304,11.5396,cluster_2
cell_10698,15.2720,10.4908,cluster_2
cell_10699,2.5579,3.9266,cluster_6
cell_107,3.5998,0.8786,cluster_4
cell_1070,3.8204,11.4460,cluster_5
cell_10700,14.2449,10.9225,cluster_2
cell_10701,15.3442,6.3974,cluster_1
cell_10702,12.8324,9.9651,cluster_2
cell_10703,6.5998,6.5640,cluster_1
cell_10704,12.5208,10.7905,cluster_2
cell_10705,8.8163,6.0693,cluster_5
cell_10706,3.0335,3.5154,cluster_6
cell_10707,14.3925,11.2368,cluster_2
cell_10708,0.9387,2.8640,cluster_6
cell_10709,13.7006,8.0761,cluster_1
cell_1071,8.9450,3.0089,cluster_8
cell_10710,15.6253,8.4301,cluster_2
cell_10711,13.2122,5.3574,cluster_1
cell_10712,1.9712,6.7575,cluster_3
cell_10713,12.6951,8.6737,cluster_2
cell_10714,15.0090,9.1349,cluster_2
cell_10715,0.9605,2.1909,cluster_6
cell_10716,15.4118,8.3016,cluster_2
cell_10717,15.2438,5.3199,cluster_1
cell_10718,12.3948,5.7838,cluster_1
cell_10719,13.6092,7.5461,cluster_1
cell_1072,3.6537,-0.8718,cluster_4
cell_10720,14.9342,6.5174,cluster_1
cell_10721,0.7540,1.9603,cluster_6
cell_10722,16.1128,6.7918,cluster_1
cell_10723,13.8319,9.2972,cluster_1
cell_10724,15.2720,9.6176,cluster_2
cell_10725,0.4591,6.7388,cluster_3
cell_10726,13.6120,5.6964,cluster_1
cell_10727,14.7710,7.7761,cluster_1
cell_10728,15.5747,8.4371,cluster_1
cell_10729,12.1525,6.8993,cluster_2
cell_1073,2.8709,3.2720,cluster_6
cell_10730,13.8844,5.1298,cluster_1
cell_10731,14.1493,6.2049,cluster_1
cell_10732,16.0086,7.1966,cluster_1
cell_10733,13.3605,9.4203,cluster_2
cell_10734,0.4247,10.8609,cluster_5
cell_10735,14.1177,5.4443,cluster_1
cell_10736,13.8556,5.9395,cluster_1
cell_10737,13.1535,5.4978,cluster_1
cell_10738,14.4131,8.2682,cluster_1
cell_10739,8.9172,7.2059,cluster_3
cell_1074,2.5751,1.2522,cluster_4
cell_10740,14.3665,5.4779,cluster_1
cell_10741,14.2972,8.3812,cluster_1
cell_10742,9.5624,7.1698,cluster_3
cell_10743,12.1415,9.7669,cluster_2
cell_10744,15.8290,5.6610,cluster_1
cell_10745,12.6004,8.2273,cluster_1
cell_10746,2.5272,-0.4506,cluster_4
cell_10747,14.5127,5.6835,cluster_1
cell_10748,14.5116,6.3291,cluster_1
cell_10749,12.1626,7.1947,cluster_1
cell_1075,0.2722,11.6015,cluster_5
cell_10750,9.7661,6.5343,cluster_2
cell_10751,11.5571,6.9146,cluster_1
cell_10752,3.3996,12.5208,cluster_5
cell_10753,14.0597,8.6376,cluster_1
cell_10754,1.2896,1.6916,cluster_6
cell_10755,15.0649,7.8922,cluster_1
cell_10756,4.0078,11.5389,cluster_5
cell_10757,12.3234,5.1869,cluster_1
cell_10758,10.9501,6.8732,cluster_3
cell_10759,11.2420,6.1831,cluster_3
cell_1076,1.9601,3.5968,cluster_6
cell_10760,13.5723,8.1098,cluster_2
cell_10761,12.3871,8.2724,cluster_2
cell_10762,14.6529,6.6298,cluster_1
cell_10763,2.7203,3.3271,cluster_6
cell_10764,14.0470,5.8536,cluster_1
cell_10765,14.0619,7.5497,cluster_1
cell_10766,4.3955,0.7057,cluster_4
cell_10767,12.6158,10.0000,cluster_2
cell_10768,14.7798,8.4357,cluster_1
cell_10769,12.3329,8.5631,cluster_2
cell_1077,1.8851,11.1193,cluster_5
cell_10770,2.2555,9.8328,cluster_5
cell_10771,13.0879,6.5405,cluster_1
cell_10772,15.4987,6.1615,cluster_1
cell_10773,15.1972,11.0439,cluster_2
cell_10774,13.2627,9.5392,cluster_2
cell_10775,16.0477,7.7155,cluster_1
cell_10776,0.4599,6.9840,cluster_3
cell_10777,11.4033,8.6980,cluster_2
cell_10778,15.9315,6.0210,cluster_1
cell_10779,13.3916,9.8482,cluster_2
cell_1078,3.1741,-0.9883,cluster_4
cell_10780,14.5158,9.6365,cluster_2
cell_10781,13.7443,9.4641,cluster_2
cell_10782,2.4061,2.3765,cluster_6
cell_10783,14.5033,9.9320,cluster_2
cell_10784,4.4118,0.5828,cluster_4
cell_10785,13.9391,8.7209,cluster_1
cell_10786,15.2896,5.5243,cluster_1
cell_10787,14.5284,10.0670,cluster_2
cell_10788,10.9155,6.9929,cluster_1
cell_10789,9.5208,6.1802,cluster_3
cell_1079,13.0534,10.2413,cluster_2
cell_10790,14.6247,6.3514,cluster_1
cell_10791,2.2672,6.9388,cluster_6
cell_10792,8.5690,6.8901,cluster_3
cell_10793,0.1903,5.8724,cluster_3
cell_10794,14.1538,10.2144,cluster_2
cell_10795,13.8917,7.1350,cluster_1
cell_10796,15.8770,7.2165,cluster_1
cell_10797,1.6797,3.5154,cluster_6
cell_10798,1.2571,2.2780,cluster_6
cell_10799,2.5533,2.0123,cluster_6
cell_108,0.8362,10.4497,cluster_5
cell_1080,0.0625,7.3934,cluster_3
cell_10800,14.4498,6.0514,cluster_1
cell_10801,14.4008,9.7079,cluster_2
cell_10802,13.3762,5.0767,cluster_1
cell_10803,14.4437,6.7845,cluster_1
cell_10804,14.7297,6.1246,cluster_1
cell_10805,3.6897,-0.7847,cluster_4
cell_10806,15.7410,6.0387,cluster_1
cell_10807,11.1411,6.6090,cluster_1
cell_10808,14.6991,8.0152,cluster_1
cell_10809,14.7284,5.6945,cluster_1
cell_1081,1.2485,3.3883,cluster_6
cell_10810,14.3288,6.9269,cluster_1
cell_10811,6.8759,6.2374,cluster_1
cell_10812,15.5488,7.1102,cluster_1
cell_10813,12.1471,7.8012,cluster_1
cell_10814,15.9220,8.4102,cluster_1
cell_10815,14.6225,6.0196,cluster_1
cell_10816,2.4509,2.1617,cluster_6
cell_10817,15.7513,7.1120,cluster_1
cell_10818,-0.1735,6.1518,cluster_3
cell_10819,11.3151,6.9787,cluster_1
cell_1082,3.9956,0.8886,cluster_4
cell_10820,13.3076,8.2398,cluster_1
cell_10821,1.4521,2.9700,cluster_6
cell_10822,14.5387,4.9466,cluster_1
cell_10823,13.7199,6.9107,cluster_1
cell_10824,-0.8825,5.9557,cluster_3
cell_10825,4.3431,1.0140,cluster_4
cell_10826,16.0226,6.9087,cluster_1
cell_10827,13.3858,6.2044,cluster_1
cell_10828,11.3864,7.5723,cluster_3
cell_10829,13.2551,8.8268,cluster_2
cell_1083,0.9700,11.2348,cluster_5
cell_10830,-0.4590,6.3113,cluster_3
cell_10831,-0.2798,5.7256,cluster_3
cell_10832,8.4496,6.0322,cluster_3
cell_10833,12.2056,7.4467,cluster_1
cell_10834,12.8094,7.3116,cluster_1
cell_10835,15.7158,6.8378,cluster_1
cell_10836,-0.1877,7.0073,cluster_3
cell_10837,13.5546,8.1171,cluster_1
cell_10838,12.3739,7.9976,cluster_1
cell_10839,16.0130,7.5158,cluster_1
cell_1084,13.9809,6.1947,cluster_1
cell_10840,14.8073,10.6432,cluster_2
cell_10841,13.5181,6.4149,cluster_1
cell_10842,9.7115,6.7521,cluster_3
cell_10843,3.2999,3.9809,cluster_6
cell_10844,2.6522,3.2006,cluster_6
cell_10845,11.9705,6.9050,cluster_1
cell_10846,12.5995,7.8278,cluster_1
cell_10847,8.8480,6.9352,cluster_3
cell_10848,12.8203,6.5169,cluster_1
cell_10849,-0.3532,7.0076,cluster_3
cell_1085,2.9051,0.5331,cluster_4
cell_10850,12.4584,6.2553,cluster_1
cell_10851,15.3436,9.1560,cluster_2
cell_10852,11.7819,7.0319,cluster_1
cell_10853,15.4747,5.5214,cluster_1
cell_10854,14.8060,8.8286,cluster_2
cell_10855,15.5126,7.6851,cluster_1
cell_10856,13.7894,7.1702,cluster_1
cell_10857,12.4076,9.5337,cluster_2
cell_10858,2.5428,3.9884,cluster_6
cell_10859,3.1829,-0.6114,cluster_4
cell_1086,15.4502,7.4173,cluster_1
cell_10860,-1.5195,6.5528,cluster_3
cell_10861,14.3732,6.9484,cluster_1
cell_10862,13.5778,7.4162,cluster_1
cell_10863,15.2391,9.3943,cluster_2
cell_10864,2.2466,10.1331,cluster_5
cell_10865,13.8645,5.8623,cluster_3
cell_10866,14.9651,7.3706,cluster_1
cell_10867,15.4962,5.5696,cluster_1
cell_10868,9.0435,6.1404,cluster_3
cell_10869,15.1367,5.4136,cluster_1
cell_1087,3.2445,11.8554,cluster_5
cell_10870,14.9524,8.5920,cluster_2
cell_10871,16.2881,6.3445,cluster_1
cell_10872,3.5169,-1.2494,cluster_4
cell_10873,13.0981,8.9213,cluster_2
cell_10874,13.6585,5.2444,cluster_1
cell_10875,7.5295,6.3710,cluster_3
cell_10876,14.3204,6.0191,cluster_1
cell_10877,3.5151,4.6850,cluster_6
cell_10878,15.8472,7.6617,cluster_1
cell_10879,13.2822,8.6412,cluster_2
cell_1088,0.2988,11.6736,cluster_5
cell_10880,15.5680,7.5700,cluster_1
cell_10881,15.2137,8.5052,cluster_1
cell_10882,14.5703,11.3684,cluster_2
cell_10883,11.8617,9.4495,cluster_2
cell_10884,-1.6216,6.6497,cluster_3
cell_10885,14.7140,7.9806,cluster_1
cell_10886,15.8890,7.5760,cluster_1
cell_10887,14.9530,6.7511,cluster_1
cell_10888,15.3802,7.2354,cluster_1
cell_10889,13.9284,6.9781,cluster_1
cell_1089,1.8574,6.4665,cluster_3
cell_10890,15.3884,7.4037,cluster_1
cell_10891,-0.5395,6.0203,cluster_3
cell_10892,15.3162,6.2004,cluster_1
cell_10893,15.0828,6.7065,cluster_1
cell_10894,-1.1192,7.4900,cluster_3
cell_10895,14.5480,5.1723,cluster_2
cell_10896,12.5538,10.3865,cluster_2
cell_10897,14.5495,10.8868,cluster_2
cell_10898,9.9391,6.3858,cluster_3
cell_10899,12.9449,8.1875,cluster_2
cell_109,1.5094,10.9945,cluster_5
cell_1090,9.3992,2.5498,cluster_8
cell_10900,13.3221,8.6705,cluster_1
cell_10901,14.6058,7.0531,cluster_1
cell_10902,10.3007,6.5957,cluster_3
cell_10903,15.3909,7.8513,cluster_1
cell_10904,8.8462,7.0975,cluster_3
cell_10905,11.3363,7.3429,cluster_2
cell_10906,14.8219,6.8672,cluster_1
cell_10907,2.0922,2.6907,cluster_6
cell_10908,11.5845,8.8513,cluster_5
cell_10909,8.2691,6.2225,cluster_3
cell_1091,6.7209,3.2233,cluster_8
cell_10910,15.1994,8.8468,cluster_2
cell_10911,13.2646,9.9001,cluster_2
cell_10912,15.4179,7.8756,cluster_1
cell_10913,13.4464,5.2276,cluster_1
cell_10914,13.9032,6.7283,cluster_1
cell_10915,10.5299,6.1784,cluster_3
cell_10916,13.2604,10.4196,cluster_2
cell_10917,15.1571,8.9124,cluster_1
cell_10918,2.2551,2.6482,cluster_6
cell_10919,15.0985,5.4819,cluster_1
cell_1092,1.6613,11.9253,cluster_5
cell_10920,14.3191,8.2590,cluster_1
cell_10921,0.7289,6.4775,cluster_3
cell_10922,14.3236,7.5389,cluster_1
cell_10923,13.7680,6.2584,cluster_1
cell_10924,15.3831,10.5974,cluster_2
cell_10925,12.5472,10.2330,cluster_2
cell_10926,12.5468,7.0857,cluster_1
cell_10927,15.8328,8.8678,cluster_2
cell_10928,11.7687,9.1085,cluster_2
cell_10929,14.4276,7.7865,cluster_1
cell_1093,2.4160,3.8073,cluster_6
cell_10930,13.4223,6.1674,cluster_1
cell_10931,14.6047,5.5979,cluster_1
cell_10932,1.4628,3.2665,cluster_6
cell_10933,12.1887,7.1011,cluster_1
cell_10934,15.3630,8.1641,cluster_2
cell_10935,15.7349,9.4446,cluster_2
cell_10936,12.1385,7.5130,cluster_1
cell_10937,14.3370,7.0730,cluster_1
cell_10938,14.9112,8.4272,cluster_2
cell_10939,13.9609,8.9024,cluster_2
cell_1094,13.3836,8.2594,cluster_1
cell_10940,3.2780,-0.9101,cluster_4
cell_10941,14.0212,6.3334,cluster_1
cell_10942,15.0333,7.7197,cluster_2
cell_10943,13.2376,9.0575,cluster_2
cell_10944,14.5935,6.0404,cluster_1
cell_10945,12.5176,10.0894,cluster_2
cell_10946,15.7488,7.0278,cluster_1
cell_10947,15.2615,7.7373,cluster_1
cell_10948,15.2247,7.2503,cluster_1
cell_10949,10.7869,7.7907,cluster_2
cell_1095,10.3087,7.2087,cluster_3
cell_10950,1.7516,3.2510,cluster_6
cell_10951,12.1952,6.8284,cluster_2
cell_10952,1.7703,1.2761,cluster_4
cell_10953,14.4537,11.0304,cluster_2
cell_10954,1.7068,8.0433,cluster_3
cell_10955,15.9253,8.0286,cluster_2
cell_10956,13.3013,10.9151,cluster_2
cell_10957,14.6355,10.4771,cluster_2
cell_10958,13.6447,6.9653,cluster_1
cell_10959,11.3400,6.4840,cluster_1
cell_1096,2.6000,4.5370,cluster_6
cell_10960,14.6426,10.2570,cluster_2
cell_10961,0.9082,1.7855,cluster_6
cell_10962,12.2350,6.2389,cluster_1
cell_10963,3.3629,10.9943,cluster_5
cell_10964,12.5398,6.6963,cluster_1
cell_10965,14.0727,10.3303,cluster_2
cell_10966,13.9051,8.6623,cluster_2
cell_10967,14.5405,11.2514,cluster_2
cell_10968,13.9246,10.8298,cluster_2
cell_10969,13.5705,9.2481,cluster_2
cell_1097,12.9091,9.3448,cluster_2
cell_10970,14.3024,9.0173,cluster_2
cell_10971,7.0698,6.3802,cluster_6
cell_10972,3.6934,12.3280,cluster_5
cell_10973,15.8832,6.9692,cluster_1
cell_10974,12.4504,11.0377,cluster_2
cell_10975,3.9431,6.3790,cluster_6
cell_10976,15.7187,7.8267,cluster_1
cell_10977,3.7373,12.0055,cluster_5
cell_10978,15.3765,8.4223,cluster_2
cell_10979,11.9168,7.3897,cluster_1
cell_1098,-0.5300,7.3148,cluster_3
cell_10980,12.5391,8.0275,cluster_2
cell_10981,14.6115,5.5311,cluster_1
cell_10982,13.5219,10.3317,cluster_2
cell_10983,12.2098,8.5206,cluster_2
cell_10984,14.7539,11.2591,cluster_2
cell_10985,1.5489,6.6858,cluster_3
cell_10986,14.4071,8.4642,cluster_1
cell_10987,2.8309,-0.5860,cluster_4
cell_10988,14.5860,9.0252,cluster_2
cell_10989,1.9780,3.1487,cluster_6
cell_1099,0.7688,2.8999,cluster_6
cell_10990,11.0480,7.4771,cluster_1
cell_10991,13.4023,9.0293,cluster_2
cell_10992,15.1737,5.8479,cluster_1
cell_10993,15.1539,9.5673,cluster_1
cell_10994,13.0723,10.2007,cluster_2
cell_10995,13.9263,6.8571,cluster_1
cell_10996,9.3289,6.0873,cluster_3
cell_10997,15.3724,5.9427,cluster_1
cell_10998,13.6429,6.6018,cluster_1
cell_10999,14.9248,7.8562,cluster_2
cell_11,2.2862,4.2511,cluster_6
cell_110,14.1041,7.3726,cluster_1
cell_1100,2.9283,9.5088,cluster_5
cell_11000,13.9420,8.2694,cluster_1
cell_11001,2.5309,9.9312,cluster_5
cell_11002,1.8256,3.8051,cluster_6
cell_11003,9.7698,6.5301,cluster_3
cell_11004,13.7474,7.0915,cluster_1
cell_11005,12.1804,9.0101,cluster_2
cell_11006,15.6931,7.2212,cluster_1
cell_11007,9.9113,7.2171,cluster_3
cell_11008,13.9252,8.5561,cluster_2
cell_11009,-0.8059,6.8043,cluster_3
cell_1101,1.0611,8.8208,cluster_5
cell_11010,9.0170,6.3745,cluster_3
cell_11011,1.6098,2.6679,cluster_6
cell_11012,13.6265,7.8074,cluster_1
cell_11013,14.9469,9.8870,cluster_2
cell_11014,15.3963,9.5072,cluster_2
cell_11015,3.9233,5.0505,cluster_6
cell_11016,15.7490,7.8075,cluster_1
cell_11017,16.1468,7.5033,cluster_1
cell_11018,12.3826,6.1293,cluster_1
cell_11019,15.8644,6.8282,cluster_1
cell_1102,3.6288,3.9024,cluster_6
cell_11020,11.6014,7.0504,cluster_1
cell_11021,14.1955,8.4789,cluster_2
cell_11022,15.2889,6.3776,cluster_1
cell_11023,14.8113,8.1057,cluster_1
cell_11024,14.8467,11.1262,cluster_2
cell_11025,13.1236,8.4028,cluster_2
cell_11026,13.0480,7.8519,cluster_1
cell_11027,14.6685,9.1475,cluster_2
cell_11028,12.1453,7.2951,cluster_1
cell_11029,15.3323,10.9788,cluster_2
cell_1103,5.8021,2.9406,cluster_8
cell_11030,15.3276,7.1095,cluster_1
cell_11031,13.8660,7.7481,cluster_1
cell_11032,12.7681,6.5026,cluster_1
cell_11033,10.5393,6.2757,cluster_1
cell_11034,13.2959,8.4657,cluster_2
cell_11035,14.0409,6.2209,cluster_1
cell_11036,15.1980,10.6813,cluster_2
cell_11037,14.8197,9.0722,cluster_2
cell_11038,12.8348,5.7613,cluster_1
cell_11039,16.1091,6.2848,cluster_1
cell_1104,2.2755,3.9007,cluster_6
cell_11040,15.0311,5.6480,cluster_1
cell_11041,3.6715,12.4035,cluster_5
cell_11042,1.9330,6.6086,cluster_3
cell_11043,13.0492,5.3081,cluster_1
cell_11044,16.0221,7.0742,cluster_1
cell_11045,3.6592,-0.4964,cluster_4
cell_11046,13.5200,8.5645,cluster_2
cell_11047,15.1417,6.0214,cluster_1
cell_11048,4.4769,1.8302,cluster_4
cell_11049,12.7131,8.8236,cluster_2
cell_1105,8.2576,6.5444,cluster_3
cell_11050,2.1978,2.3848,cluster_6
cell_11051,10.1087,7.0275,cluster_6
cell_11052,14.5094,10.3123,cluster_2
cell_11053,14.0730,8.7804,cluster_2
cell_11054,12.8952,10.0712,cluster_2
cell_11055,15.1120,5.3154,cluster_1
cell_11056,14.2390,5.1127,cluster_1
cell_11057,3.2799,4.4454,cluster_6
cell_11058,4.3423,4.6030,cluster_6
cell_11059,8.3259,6.4418,cluster_3
cell_1106,1.9734,10.9822,cluster_5
cell_11060,10.8997,7.4784,cluster_2
cell_11061,11.1365,6.5097,cluster_1
cell_11062,1.2424,10.9885,cluster_5
cell_11063,0.6723,6.7152,cluster_3
cell_11064,14.7785,9.1089,cluster_1
cell_11065,2.3061,1.0098,cluster_4
cell_11066,2.2671,9.8315,cluster_5
cell_11067,13.0419,9.9034,cluster_2
cell_11068,13.9990,9.4929,cluster_2
cell_11069,14.3395,6.0927,cluster_1
cell_1107,15.2680,7.3853,cluster_1
cell_11070,14.7280,7.7523,cluster_2
cell_11071,13.8074,8.6071,cluster_1
cell_11072,14.9547,8.6733,cluster_1
cell_11073,3.4107,-0.9969,cluster_4
cell_11074,14.0328,5.3891,cluster_1
cell_11075,1.1370,2.1139,cluster_6
cell_11076,3.7029,-1.3300,cluster_4
cell_11077,12.5626,7.7154,cluster_2
cell_11078,11.2612,8.3291,cluster_2
cell_11079,3.7383,11.1528,cluster_5
cell_1108,0.0757,6.7254,cluster_3
cell_11080,11.6060,6.0466,cluster_1
cell_11081,3.8309,12.1850,cluster_5
cell_11082,3.5530,9.9906,cluster_1
cell_11083,13.2457,5.6394,cluster_2
cell_11084,-1.3112,6.2297,cluster_3
cell_11085,12.8559,9.0903,cluster_2
cell_11086,14.1837,9.1109,cluster_2
cell_11087,3.0839,4.7585,cluster_6
cell_11088,12.4785,5.5166,cluster_1
cell_11089,3.5847,-1.2329,cluster_4
cell_1109,2.3280,1.9113,cluster_4
cell_11090,12.6801,7.0469,cluster_1
cell_11091,2.7310,-0.7362,cluster_4
cell_11092,14.4990,6.1792,cluster_1
cell_11093,2.3304,3.5672,cluster_6
cell_11094,10.5884,7.7440,cluster_3
cell_11095,3.6386,4.6138,cluster_6
cell_11096,11.6615,5.5111,cluster_1
cell_11097,14.7926,9.6232,cluster_2
cell_11098,13.2489,8.8992,cluster_2
cell_11099,14.6327,5.9173,cluster_1
cell_111,11.3316,7.8751,cluster_2
cell_1110,14.6634,10.9264,cluster_2
cell_11100,13.0502,10.9575,cluster_2
cell_11101,4.2898,1.6144,cluster_4
cell_11102,15.5974,9.0986,cluster_1
cell_11103,14.0997,11.4270,cluster_2
cell_11104,14.1347,9.8687,cluster_2
cell_11105,15.9218,8.8408,cluster_2
cell_11106,2.5931,3.3508,cluster_6
cell_11107,10.6540,7.5564,cluster_2
cell_11108,14.7054,10.9190,cluster_2
cell_11109,11.5849,6.3977,cluster_1
cell_1111,13.4870,11.6061,cluster_2
cell_11110,15.7497,8.9242,cluster_2
cell_11111,4.3762,4.6079,cluster_6
cell_11112,14.1576,8.0288,cluster_1
cell_11113,14.1486,5.5316,cluster_1
cell_11114,13.1205,9.8412,cluster_2
cell_11115,14.7841,7.2739,cluster_1
cell_11116,14.5052,7.8096,cluster_1
cell_11117,14.5354,11.1854,cluster_2
cell_11118,15.2580,8.7887,cluster_1
cell_11119,12.0304,9.0609,cluster_2
cell_1112,1.5566,3.7750,cluster_6
cell_11120,12.7228,10.1745,cluster_2
cell_11121,13.4984,6.5536,cluster_1
cell_11122,13.0749,5.6723,cluster_1
cell_11123,15.0530,5.5628,cluster_1
cell_11124,12.2254,8.1930,cluster_2
cell_11125,12.0998,10.1865,cluster_2
cell_11126,13.6984,9.4597,cluster_2
cell_11127,13.3666,6.6076,cluster_1
cell_11128,12.2506,5.7643,cluster_1
cell_11129,13.8854,6.1030,cluster_1
cell_1113,13.0310,6.0372,cluster_1
cell_11130,14.5062,8.1348,cluster_1
cell_11131,11.2979,6.5172,cluster_1
cell_11132,13.4481,6.6930,cluster_2
cell_11133,1.5870,2.6165,cluster_6
cell_11134,10.3264,7.6658,cluster_3
cell_11135,13.8927,7.3172,cluster_1
cell_11136,14.6034,10.4397,cluster_2
cell_11137,16.3444,6.7230,cluster_1
cell_11138,2.9897,0.5724,cluster_4
cell_11139,11.5004,7.0667,cluster_1
cell_1114,1.7118,10.9774,cluster_5
cell_11140,15.5736,7.2222,cluster_1
cell_11141,12.7860,5.5080,cluster_1
cell_11142,2.8503,-0.8938,cluster_4
cell_11143,3.4807,3.3229,cluster_6
cell_11144,0.9744,10.8743,cluster_5
cell_11145,1.4999,2.3050,cluster_6
cell_11146,14.7246,10.2345,cluster_2
cell_11147,12.9359,9.5910,cluster_1
cell_11148,15.5147,6.9899,cluster_1
cell_11149,10.9243,7.7659,cluster_1
cell_1115,1.7180,3.7046,cluster_6
cell_11150,13.8089,8.2447,cluster_1
cell_11151,-1.0108,6.2515,cluster_3
cell_11152,15.1604,7.0262,cluster_1
cell_11153,13.8158,5.7891,cluster_1
cell_11154,14.5338,5.8786,cluster_1
cell_11155,15.4545,7.0487,cluster_1
cell_11156,14.5371,5.9023,cluster_1
cell_11157,12.5664,8.0788,cluster_1
cell_11158,3.5096,0.4523,cluster_4
cell_11159,3.7445,0.9018,cluster_4
cell_1116,1.9881,12.0373,cluster_5
cell_11160,3.2052,6.6929,cluster_3
cell_11161,13.9303,5.0363,cluster_1
cell_11162,14.8687,8.1901,cluster_1
cell_11163,14.3296,9.9930,cluster_2
cell_11164,3.1477,11.5721,cluster_5
cell_11165,12.5655,5.2259,cluster_1
cell_11166,3.1224,11.4252,cluster_5
cell_11167,9.7602,5.9596,cluster_1
cell_11168,13.4905,5.7110,cluster_1
cell_11169,12.0057,9.5679,cluster_2
cell_1117,2.5400,9.7862,cluster_5
cell_11170,4.1378,1.6677,cluster_6
cell_11171,15.2782,8.5415,cluster_1
cell_11172,1.0446,3.0626,cluster_6
cell_11173,0.7911,1.7834,cluster_6
cell_11174,15.9756,6.2148,cluster_1
cell_11175,4.0920,5.2896,cluster_6
cell_11176,12.1508,5.9380,cluster_1
cell_11177,12.1444,8.4476,cluster_2
cell_11178,14.8346,6.9114,cluster_1
cell_11179,14.6895,9.5762,cluster_2
cell_1118,14.4018,7.9156,cluster_1
cell_11180,4.3994,4.9925,cluster_6
cell_11181,14.7981,6.6246,cluster_2
cell_11182,13.8476,9.5943,cluster_2
cell_11183,3.8942,5.2661,cluster_2
cell_11184,11.6714,5.3246,cluster_1
cell_11185,14.4382,6.5244,cluster_1
cell_11186,12.4932,9.8528,cluster_2
cell_11187,0.1702,6.4321,cluster_3
cell_11188,15.0425,8.7043,cluster_2
cell_11189,3.2751,0.8876,cluster_4
cell_1119,-0.4176,7.7954,cluster_3
cell_11190,11.9672,6.4619,cluster_1
cell_11191,14.3360,8.0714,cluster_2
cell_11192,14.0177,7.5430,cluster_2
cell_11193,12.3830,7.6339,cluster_1
cell_11194,15.6782,9.4044,cluster_2
cell_11195,11.0097,7.1730,cluster_1
cell_11196,-1.4600,6.1289,cluster_3
cell_11197,1.7853,6.6649,cluster_3
cell_11198,4.1807,5.5840,cluster_3
cell_11199,4.4455,4.8029,cluster_6
cell_112,-0.7539,7.4854,cluster_3
cell_1120,12.1921,9.4627,cluster_2
cell_11200,15.8596,6.2631,cluster_1
cell_11201,-1.3223,6.6355,cluster_3
cell_11202,11.0049,6.2781,cluster_6
cell_11203,12.2167,8.8086,cluster_2
cell_11204,1.7179,3.3178,cluster_6
cell_11205,-0.7883,5.8479,cluster_3
cell_11206,12.8672,8.1579,cluster_1
cell_11207,13.7507,5.3395,cluster_1
cell_11208,3.4949,0.2712,cluster_4
cell_11209,2.3416,6.6682,cluster_3
cell_1121,1.7120,8.9846,cluster_5
cell_11210,14.6228,5.3759,cluster_1
cell_11211,13.7113,8.2231,cluster_2
cell_11212,10.3425,6.8843,cluster_6
cell_11213,2.7179,12.2382,cluster_5
cell_11214,3.3637,11.6882,cluster_5
cell_11215,9.0600,7.2130,cluster_3
cell_11216,1.5218,6.9416,cluster_3
cell_11217,13.2166,9.0139,cluster_1
cell_11218,-0.8607,5.5528,cluster_3
cell_11219,11.0176,7.9578,cluster_2
cell_1122,2.9317,11.5157,cluster_5
cell_11220,1.9175,2.6450,cluster_6
cell_11221,1.6530,10.1069,cluster_5
cell_11222,10.1163,6.8449,cluster_3
cell_11223,4.0056,12.0323,cluster_5
cell_11224,13.5253,5.0352,cluster_1
cell_11225,-0.3921,6.2566,cluster_3
cell_11226,2.0920,2.1261,cluster_6
cell_11227,-1.3009,6.5475,cluster_3
cell_11228,1.8527,10.1281,cluster_5
cell_11229,15.1944,6.8757,cluster_1
cell_1123,9.1544,7.1637,cluster_3
cell_11230,10.9158,6.9639,cluster_2
cell_11231,15.9323,5.9886,cluster_1
cell_11232,2.7775,2.8306,cluster_6
cell_11233,10.8063,8.0312,cluster_2
cell_11234,1.0098,1.5507,cluster_6
cell_11235,1.6621,6.4115,cluster_3
cell_11236,15.0390,4.8212,cluster_1
cell_11237,2.5492,2.2488,cluster_6
cell_11238,8.6045,7.0375,cluster_6
cell_11239,13.4317,5.5293,cluster_1
cell_1124,14.1754,6.4832,cluster_1
cell_11240,1.7047,3.2975,cluster_6
cell_11241,2.3951,2.8670,cluster_6
cell_11242,13.1723,5.1906,cluster_1
cell_11243,12.5978,5.6073,cluster_1
cell_11244,14.9104,5.5999,cluster_1
cell_11245,3.8634,2.9225,cluster_6
cell_11246,9.5286,7.3598,cluster_3
cell_11247,13.8208,5.4302,cluster_1
cell_11248,0.7254,11.9344,cluster_5
cell_11249,4.2026,5.3508,cluster_3
cell_1125,5.9303,3.9256,cluster_8
cell_11250,-1.5738,5.9700,cluster_3
cell_11251,2.5390,2.7744,cluster_6
cell_11252,1.0019,3.2084,cluster_6
cell_11253,2.2923,2.4305,cluster_6
cell_11254,15.1649,5.5690,cluster_1
cell_11255,15.6251,5.4434,cluster_1
cell_11256,3.0372,4.0527,cluster_6
cell_11257,10.8135,7.6613,cluster_3
cell_11258,1.4397,2.0683,cluster_6
cell_11259,15.4071,6.0988,cluster_1
cell_1126,2.5471,10.8245,cluster_5
cell_11260,1.0801,3.8285,cluster_6
cell_11261,0.1962,6.5856,cluster_3
cell_11262,14.9093,5.2049,cluster_1
cell_11263,0.0668,7.4039,cluster_3
cell_11264,2.9842,7.8572,cluster_3
cell_11265,2.5746,4.4499,cluster_6
cell_11266,10.3129,7.5972,cluster_3
cell_11267,10.0782,7.4536,cluster_3
cell_11268,10.4421,6.7100,cluster_3
cell_11269,13.0640,5.5003,cluster_1
cell_1127,3.4656,8.5729,cluster_5
cell_11270,-1.1819,8.0617,cluster_3
cell_11271,0.9292,6.5642,cluster_3
cell_11272,-0.8482,6.9796,cluster_3
cell_11273,1.3927,11.5647,cluster_5
cell_11274,7.5423,7.1075,cluster_3
cell_11275,1.6683,6.6721,cluster_3
cell_11276,7.4138,6.3611,cluster_3
cell_11277,11.7724,5.9721,cluster_1
cell_11278,-1.1008,6.3905,cluster_3
cell_11279,15.1429,7.0475,cluster_1
cell_1128,6.1183,3.3279,cluster_8
cell_11280,9.3194,7.4767,cluster_6
cell_11281,7.8117,6.2152,cluster_6
cell_11282,2.1789,3.2749,cluster_6
cell_11283,14.8444,5.5467,cluster_1
cell_11284,10.8552,6.5094,cluster_6
cell_11285,15.2280,6.3890,cluster_1
cell_11286,7.9382,6.9067,cluster_3
cell_11287,3.4319,4.0161,cluster_6
cell_11288,10.9911,8.0427,cluster_2
cell_11289,14.4211,9.4109,cluster_2
cell_1129,-0.7062,7.1161,cluster_3
cell_11290,12.3910,6.5325,cluster_1
cell_11291,13.8971,10.1586,cluster_2
cell_11292,11.6285,8.9556,cluster_2
cell_11293,8.1352,6.6071,cluster_3
cell_11294,7.2291,6.7503,cluster_3
cell_113,12.4960,7.2331,cluster_2
cell_1130,9.1747,3.1001,cluster_8
cell_1131,5.8205,3.1169,cluster_8
cell_1132,3.6959,12.1071,cluster_5
cell_1133,0.9015,11.3916,cluster_5
cell_1134,15.0646,5.9396,cluster_1
cell_1135,0.4208,10.5645,cluster_5
cell_1136,3.0351,10.7781,cluster_5
cell_1137,2.1353,7.3217,cluster_3
cell_1138,0.8088,11.7187,cluster_5
cell_1139,13.9394,10.5681,cluster_2
cell_114,1.2443,12.0892,cluster_5
cell_1140,0.8914,6.7199,cluster_3
cell_1141,11.9367,9.2107,cluster_2
cell_1142,14.4427,6.2095,cluster_1
cell_1143,1.8549,2.3519,cluster_6
cell_1144,1.8710,2.5444,cluster_6
cell_1145,1.4408,11.5035,cluster_5
cell_1146,-1.0751,8.1677,cluster_3
cell_1147,9.1449,3.1709,cluster_8
cell_1148,2.3134,11.7912,cluster_5
cell_1149,-0.8832,7.6415,cluster_3
cell_115,11.8753,7.0102,cluster_4
cell_1150,2.6046,11.3839,cluster_5
cell_1151,1.9286,11.2324,cluster_5
cell_1152,1.8582,12.1026,cluster_5
cell_1153,-0.1802,7.5585,cluster_3
cell_1154,11.1215,8.2820,cluster_8
cell_1155,2.0794,4.1426,cluster_6
cell_1156,13.5022,6.5367,cluster_1
cell_1157,1.2657,10.8392,cluster_5
cell_1158,9.6587,3.3098,cluster_8
cell_1159,2.9590,1.4986,cluster_4
cell_116,13.8029,6.6016,cluster_1
cell_1160,1.8304,2.5659,cluster_6
cell_1161,1.2396,10.1598,cluster_5
cell_1162,13.9808,8.4117,cluster_1
cell_1163,14.5182,5.9328,cluster_1
cell_1164,14.5640,9.9705,cluster_2
cell_1165,1.7296,11.5131,cluster_5
cell_1166,2.6142,4.2622,cluster_6
cell_1167,2.9406,10.6516,cluster_5
cell_1168,3.4445,10.4802,cluster_5
cell_1169,15.0501,7.4235,cluster_1
cell_117,2.8967,3.0087,cluster_6
cell_1170,15.4011,5.8275,cluster_1
cell_1171,-0.2038,7.8777,cluster_3
cell_1172,13.6041,7.3887,cluster_2
cell_1173,1.1824,12.1779,cluster_5
cell_1174,2.1723,10.0083,cluster_5
cell_1175,13.3857,8.5614,cluster_2
cell_1176,4.1350,-0.2468,cluster_4
cell_1177,-1.0898,7.4089,cluster_3
cell_1178,15.4266,8.8230,cluster_2
cell_1179,13.2425,9.0830,cluster_2
cell_118,0.8037,10.3181,cluster_5
cell_1180,4.2203,11.7121,cluster_5
cell_1181,2.9235,11.7846,cluster_5
cell_1182,1.9074,6.9507,cluster_3
cell_1183,3.0300,4.8393,cluster_6
cell_1184,-0.8364,8.1441,cluster_3
cell_1185,15.4661,7.3166,cluster_1
cell_1186,9.7212,3.6382,cluster_8
cell_1187,15.2478,6.6488,cluster_1
cell_1188,0.6672,11.8364,cluster_5
cell_1189,-0.3112,7.8550,cluster_3
cell_119,1.1994,9.7539,cluster_5
cell_1190,2.4477,3.7370,cluster_6
cell_1191,11.5700,5.9501,cluster_3
cell_1192,9.8634,6.3496,cluster_5
cell_1193,12.5388,4.8489,cluster_1
cell_1194,2.1786,7.0808,cluster_3
cell_1195,2.8659,10.2491,cluster_5
cell_1196,2.6288,10.3452,cluster_5
cell_1197,0.6284,11.8450,cluster_5
cell_1198,0.9900,11.9422,cluster_5
cell_1199,3.5630,12.2245,cluster_5
cell_12,2.9084,11.2705,cluster_5
cell_120,2.3848,9.7831,cluster_5
cell_1200,11.8462,9.7916,cluster_2
cell_1201,3.2080,12.0064,cluster_5
cell_1202,13.9846,6.9409,cluster_1
cell_1203,6.9146,3.5690,cluster_8
cell_1204,1.9483,10.6405,cluster_5
cell_1205,3.5097,11.1445,cluster_5
cell_1206,0.4096,7.6742,cluster_3
cell_1207,3.0455,11.7851,cluster_5
cell_1208,14.7979,7.9276,cluster_1
cell_1209,2.0160,9.0725,cluster_5
cell_121,1.9502,3.0549,cluster_6
cell_1210,15.0352,7.5330,cluster_1
cell_1211,13.7500,11.1227,cluster_2
cell_1212,3.9790,11.3626,cluster_5
cell_1213,1.8969,11.0762,cluster_5
cell_1214,15.1553,7.4421,cluster_1
cell_1215,1.2515,11.7705,cluster_5
cell_1216,-1.5627,7.5801,cluster_3
cell_1217,1.8072,10.7920,cluster_5
cell_1218,1.0738,2.5346,cluster_6
cell_1219,5.3935,3.1801,cluster_8
cell_122,4.5731,5.4881,cluster_3
cell_1220,1.3547,7.3538,cluster_3
cell_1221,2.7484,12.1247,cluster_5
cell_1222,3.7007,12.2355,cluster_5
cell_1223,0.8012,10.8171,cluster_5
cell_1224,1.3225,1.8432,cluster_6
cell_1225,8.0559,6.6316,cluster_3
cell_1226,7.3602,6.4321,cluster_4
cell_1227,12.2430,8.6155,cluster_2
cell_1228,3.3770,-1.2653,cluster_4
cell_1229,9.4398,2.9185,cluster_8
cell_123,1.6471,7.2088,cluster_3
cell_1230,13.7844,7.9343,cluster_1
cell_1231,5.1969,3.6842,cluster_6
cell_1232,14.0296,8.8979,cluster_2
cell_1233,13.6008,6.4150,cluster_1
cell_1234,3.4534,12.1042,cluster_5
cell_1235,12.6439,10.7201,cluster_2
cell_1236,8.9458,5.7703,cluster_3
cell_1237,9.7299,3.1479,cluster_8
cell_1238,7.4021,6.6434,cluster_3
cell_1239,8.6661,6.2984,cluster_8
cell_124,0.6979,10.8225,cluster_5
cell_1240,12.3842,6.4863,cluster_1
cell_1241,13.0613,10.5897,cluster_2
cell_1242,2.3291,11.1233,cluster_5
cell_1243,14.5340,6.5505,cluster_1
cell_1244,13.9259,5.7068,cluster_1
cell_1245,3.8946,10.8476,cluster_5
cell_1246,2.8072,6.7557,cluster_3
cell_1247,1.3476,9.8684,cluster_5
cell_1248,-1.1501,7.5036,cluster_3
cell_1249,3.1115,4.0387,cluster_6
cell_125,10.8883,6.8419,cluster_6
cell_1250,6.8340,5.9986,cluster_3
cell_1251,10.0077,3.2694,cluster_8
cell_1252,9.7877,3.3656,cluster_8
cell_1253,1.9472,12.0322,cluster_5
cell_1254,-0.1317,7.4920,cluster_3
cell_1255,15.0703,7.0574,cluster_1
cell_1256,3.6998,4.2877,cluster_6
cell_1257,1.2496,9.4762,cluster_5
cell_1258,-0.7668,7.3723,cluster_3
cell_1259,6.0815,3.6893,cluster_8
cell_126,13.8574,6.2385,cluster_1
cell_1260,0.5219,6.6002,cluster_3
cell_1261,8.7101,6.5954,cluster_3
cell_1262,13.0614,9.7082,cluster_2
cell_1263,11.0110,7.2399,cluster_3
cell_1264,2.9675,11.1903,cluster_5
cell_1265,0.5291,5.9728,cluster_3
cell_1266,13.2535,11.5072,cluster_2
cell_1267,14.2513,8.8303,cluster_1
cell_1268,14.2611,9.9062,cluster_2
cell_1269,7.0760,6.3656,cluster_6
cell_127,4.5208,-0.6298,cluster_4
cell_1270,3.6558,11.9497,cluster_5
cell_1271,1.5611,9.0035,cluster_5
cell_1272,1.1203,11.8402,cluster_5
cell_1273,0.8655,2.7011,cluster_6
cell_1274,0.9803,11.8061,cluster_5
cell_1275,1.1936,11.3347,cluster_5
cell_1276,-0.5099,8.0524,cluster_3
cell_1277,2.4738,11.8538,cluster_5
cell_1278,-0.5438,7.4264,cluster_3
cell_1279,3.1811,8.8899,cluster_5
cell_128,2.1308,9.7085,cluster_5
cell_1280,5.7744,3.0019,cluster_8
cell_1281,-0.6150,8.0114,cluster_3
cell_1282,0.7323,11.9985,cluster_5
cell_1283,9.8738,3.3550,cluster_8
cell_1284,15.6852,5.7434,cluster_1
cell_1285,9.9076,7.2440,cluster_3
cell_1286,14.9216,8.1588,cluster_2
cell_1287,1.3889,11.6593,cluster_5
cell_1288,2.8791,11.8622,cluster_5
cell_1289,1.7486,7.2920,cluster_3
cell_129,2.1564,10.3398,cluster_5
cell_1290,9.8461,2.9313,cluster_8
cell_1291,11.8123,6.0532,cluster_1
cell_1292,12.1077,10.2969,cluster_2
cell_1293,9.7299,3.1188,cluster_8
cell_1294,1.4597,10.8722,cluster_5
cell_1295,3.0848,3.6445,cluster_6
cell_1296,14.7252,9.2526,cluster_2
cell_1297,1.1452,9.7327,cluster_5
cell_1298,6.2791,3.8447,cluster_8
cell_1299,12.6535,10.2894,cluster_2
cell_13,1.1037,11.0135,cluster_5
cell_130,0.6466,11.2420,cluster_5
cell_1300,9.7913,2.8569,cluster_8
cell_1301,6.0339,3.3356,cluster_8
cell_1302,14.3439,7.8423,cluster_1
cell_1303,8.2459,6.6158,cluster_3
cell_1304,15.3639,7.1867,cluster_1
cell_1305,1.3412,10.3375,cluster_5
cell_1306,2.3303,11.7920,cluster_5
cell_1307,3.8076,11.9444,cluster_5
cell_1308,13.8036,7.5358,cluster_1
cell_1309,8.1453,3.6712,cluster_8
cell_131,2.1527,10.1588,cluster_5
cell_1310,3.7454,10.8687,cluster_5
cell_1311,0.5187,10.5876,cluster_5
cell_1312,-0.6094,6.3477,cluster_3
cell_1313,0.8526,8.3000,cluster_3
cell_1314,13.2173,9.6797,cluster_2
cell_1315,2.7574,12.0323,cluster_5
cell_1316,0.2952,10.7952,cluster_5
cell_1317,1.0680,10.0610,cluster_5
cell_1318,-0.4758,7.5994,cluster_3
cell_1319,2.6564,11.3647,cluster_5
cell_132,1.8404,9.1602,cluster_5
cell_1320,0.0079,7.4225,cluster_3
cell_1321,-1.5060,7.1524,cluster_3
cell_1322,1.6796,10.9930,cluster_5
cell_1323,8.8828,3.3199,cluster_8
cell_1324,9.3861,3.7644,cluster_8
cell_1325,13.7961,11.3446,cluster_2
cell_1326,1.6694,10.7203,cluster_5
cell_1327,14.2194,7.2421,cluster_1
cell_1328,3.7059,4.8936,cluster_6
cell_1329,15.3720,7.5466,cluster_1
cell_133,1.4819,11.9680,cluster_5
cell_1330,11.5966,8.1845,cluster_3
cell_1331,-0.5230,7.2502,cluster_3
cell_1332,14.9782,9.5921,cluster_2
cell_1333,15.9725,7.2042,cluster_1
cell_1334,13.2047,9.4027,cluster_2
cell_1335,2.7075,10.7013,cluster_5
cell_1336,9.2150,7.0082,cluster_3
cell_1337,-0.8257,7.7388,cluster_3
cell_1338,8.5949,3.2260,cluster_8
cell_1339,1.5926,7.0446,cluster_6
cell_134,4.1386,0.2944,cluster_4
cell_1340,2.4376,9.4219,cluster_5
cell_1341,-1.1803,7.0663,cluster_3
cell_1342,14.9067,9.5512,cluster_2
cell_1343,3.5672,12.2930,cluster_5
cell_1344,10.0772,3.1987,cluster_8
cell_1345,14.3044,6.8732,cluster_1
cell_1346,4.1713,3.6446,cluster_6
cell_1347,12.3487,10.2438,cluster_2
cell_1348,-0.2745,8.0807,cluster_3
cell_1349,13.5963,7.1246,cluster_1
cell_135,2.4032,11.9504,cluster_5
cell_1350,14.5907,6.9179,cluster_1
cell_1351,6.2666,3.4773,cluster_8
cell_1352,3.0968,4.2981,cluster_6
cell_1353,-0.7020,7.8547,cluster_3
cell_1354,1.4902,11.0294,cluster_5
cell_1355,12.1144,8.5373,cluster_2
cell_1356,2.0187,11.4832,cluster_5
cell_1357,0.5936,10.6275,cluster_5
cell_1358,13.5320,5.5951,cluster_1
cell_1359,2.9045,12.3698,cluster_5
cell_136,2.8065,8.5589,cluster_5
cell_1360,13.4517,8.6161,cluster_1
cell_1361,2.5666,10.7827,cluster_5
cell_1362,9.1260,3.2349,cluster_8
cell_1363,14.2464,10.4338,cluster_2
cell_1364,12.2349,8.5732,cluster_2
cell_1365,12.6413,10.8095,cluster_2
cell_1366,1.6077,12.1632,cluster_5
cell_1367,2.0156,9.2073,cluster_5
cell_1368,9.4516,4.3985,cluster_8
cell_1369,-1.3249,7.3733,cluster_3
cell_137,4.0420,3.6094,cluster_6
cell_1370,1.7195,7.1466,cluster_3
cell_1371,3.1529,10.3523,cluster_5
cell_1372,7.8305,6.3298,cluster_3
cell_1373,3.6977,0.1485,cluster_4
cell_1374,1.8987,11.0321,cluster_5
cell_1375,0.9868,10.4656,cluster_5
cell_1376,14.7404,7.5355,cluster_1
cell_1377,-0.9371,7.1426,cluster_3
cell_1378,1.1947,8.4360,cluster_5
cell_1379,4.0443,11.3175,cluster_5
cell_138,15.0734,6.1471,cluster_1
cell_1380,2.3442,10.5261,cluster_5
cell_1381,2.3158,11.5270,cluster_5
cell_1382,1.5019,7.0179,cluster_5
cell_1383,14.6552,7.4136,cluster_1
cell_1384,0.9499,10.8405,cluster_5
cell_1385,14.9835,6.8204,cluster_1
cell_1386,14.9935,6.9667,cluster_1
cell_1387,12.9132,9.9469,cluster_2
cell_1388,1.1052,10.6600,cluster_5
cell_1389,1.0185,10.2960,cluster_5
cell_139,1.5645,3.0977,cluster_6
cell_1390,12.3713,7.3870,cluster_1
cell_1391,14.4157,7.1095,cluster_1
cell_1392,14.8114,5.2089,cluster_8
cell_1393,-0.8130,7.9327,cluster_3
cell_1394,14.5817,7.3742,cluster_1
cell_1395,-1.0360,8.0629,cluster_3
cell_1396,3.6761,3.2987,cluster_6
cell_1397,0.4921,10.8727,cluster_5
cell_1398,6.2914,3.6229,cluster_8
cell_1399,9.1009,3.3353,cluster_8
cell_14,2.5042,9.4990,cluster_5
cell_140,2.9306,1.2753,cluster_4
cell_1400,0.6224,11.7205,cluster_5
cell_1401,15.5318,7.3892,cluster_1
cell_1402,9.0433,3.2119,cluster_8
cell_1403,13.1001,9.3722,cluster_2
cell_1404,9.0763,3.0466,cluster_8
cell_1405,3.6259,5.1594,cluster_6
cell_1406,6.4368,3.4338,cluster_8
cell_1407,16.1213,8.6563,cluster_1
cell_1408,1.8500,11.9315,cluster_5
cell_1409,9.2488,3.4016,cluster_8
cell_141,0.7138,11.2976,cluster_5
cell_1410,2.4123,10.6512,cluster_5
cell_1411,0.2857,8.1649,cluster_3
cell_1412,12.7960,6.8838,cluster_2
cell_1413,1.8851,11.3249,cluster_5
cell_1414,1.5309,2.7509,cluster_6
cell_1415,12.1982,7.7334,cluster_1
cell_1416,0.4714,7.7942,cluster_3
cell_1417,1.5078,9.0238,cluster_5
cell_1418,14.1189,7.0154,cluster_1
cell_1419,15.3227,9.0891,cluster_2
cell_142,12.1802,7.2401,cluster_2
cell_1420,2.0259,11.3237,cluster_5
cell_1421,1.4145,11.0716,cluster_5
cell_1422,3.5126,-0.3196,cluster_4
cell_1423,13.3365,9.9581,cluster_2
cell_1424,8.6509,3.7301,cluster_8
cell_1425,15.2748,7.0863,cluster_1
cell_1426,8.2534,3.6551,cluster_8
cell_1427,-1.2897,5.8381,cluster_3
cell_1428,2.0307,2.3967,cluster_6
cell_1429,0.0673,11.3428,cluster_5
cell_143,1.1168,11.6046,cluster_5
cell_1430,14.2710,6.7197,cluster_1
cell_1431,3.6927,4.0102,cluster_6
cell_1432,1.2954,11.6338,cluster_5
cell_1433,-1.5686,6.6480,cluster_3
cell_1434,-0.4584,8.1593,cluster_3
cell_1435,0.3642,10.8740,cluster_5
cell_1436,14.6607,7.4017,cluster_1
cell_1437,2.9200,9.4555,cluster_5
cell_1438,11.7659,8.4987,cluster_2
cell_1439,13.5386,10.7213,cluster_2
cell_144,11.9714,7.7846,cluster_4
cell_1440,9.4630,3.0841,cluster_8
cell_1441,15.7945,6.5828,cluster_1
cell_1442,14.1940,10.3892,cluster_2
cell_1443,11.8993,6.8491,cluster_1
cell_1444,2.7588,-0.5794,cluster_4
cell_1445,13.6014,8.1690,cluster_2
cell_1446,14.4768,8.0406,cluster_1
cell_1447,3.6600,11.9305,cluster_5
cell_1448,13.2102,6.4645,cluster_1
cell_1449,0.9196,10.0362,cluster_5
cell_145,1.0365,10.3199,cluster_5
cell_1450,11.4459,5.4242,cluster_1
cell_1451,6.6275,6.6331,cluster_3
cell_1452,14.5173,7.9449,cluster_8
cell_1453,14.9091,6.3485,cluster_1
cell_1454,10.1328,3.5231,cluster_8
cell_1455,14.8740,11.2412,cluster_2
cell_1456,1.4367,10.5814,cluster_5
cell_1457,14.3340,9.7809,cluster_2
cell_1458,2.6328,3.5075,cluster_6
cell_1459,11.7604,7.5775,cluster_1
cell_146,2.3427,3.6886,cluster_6
cell_1460,0.7592,3.2916,cluster_6
cell_1461,10.1551,3.4316,cluster_1
cell_1462,2.5232,8.5224,cluster_5
cell_1463,4.4489,-0.4431,cluster_4
cell_1464,14.2146,10.2020,cluster_2
cell_1465,12.8130,9.6618,cluster_2
cell_1466,0.9946,8.8469,cluster_5
cell_1467,14.5050,8.0698,cluster_1
cell_1468,15.7999,6.9167,cluster_1
cell_1469,8.9645,6.6199,cluster_5
cell_147,1.0322,11.7587,cluster_5
cell_1470,3.7728,-0.5362,cluster_4
cell_1471,-0.7125,8.1770,cluster_3
cell_1472,0.0293,8.0674,cluster_3
cell_1473,3.0439,-0.4211,cluster_4
cell_1474,12.4546,9.6593,cluster_2
cell_1475,0.2960,7.6419,cluster_3
cell_1476,3.3066,4.0662,cluster_6
cell_1477,-1.3086,6.5829,cluster_3
cell_1478,8.2458,3.8730,cluster_8
cell_1479,3.5725,12.5021,cluster_5
cell_148,2.1083,0.5773,cluster_4
cell_1480,13.6982,9.3118,cluster_2
cell_1481,10.2078,3.2897,cluster_8
cell_1482,9.7958,3.4099,cluster_8
cell_1483,-0.5389,8.2562,cluster_3
cell_1484,1.6775,2.8757,cluster_6
cell_1485,1.7721,11.3628,cluster_5
cell_1486,0.3763,7.7021,cluster_3
cell_1487,3.2299,10.9856,cluster_5
cell_1488,4.9524,9.0886,cluster_7
cell_1489,13.6631,9.4000,cluster_2
cell_149,4.0335,-1.3653,cluster_4
cell_1490,2.9382,12.0945,cluster_5
cell_1491,16.2642,7.5751,cluster_1
cell_1492,8.4283,3.7361,cluster_8
cell_1493,12.1790,10.2544,cluster_2
cell_1494,5.9512,3.0404,cluster_8
cell_1495,10.0013,3.0103,cluster_8
cell_1496,10.9865,6.2793,cluster_3
cell_1497,13.3019,6.8611,cluster_1
cell_1498,16.0192,7.2687,cluster_1
cell_1499,2.9949,3.7014,cluster_6
cell_15,2.0475,9.2265,cluster_5
cell_150,2.0549,11.3437,cluster_5
cell_1500,14.2141,7.6692,cluster_2
cell_1501,3.0440,12.2028,cluster_5
cell_1502,3.5565,4.0792,cluster_6
cell_1503,15.2801,7.2061,cluster_1
cell_1504,2.9249,12.4002,cluster_5
cell_1505,2.9024,-0.5112,cluster_4
cell_1506,3.6942,11.9387,cluster_5
cell_1507,14.1083,9.6222,cluster_2
cell_1508,2.7296,3.1782,cluster_6
cell_1509,7.5752,3.4421,cluster_8
cell_151,1.6262,9.2767,cluster_5
cell_1510,-0.4009,8.1363,cluster_3
cell_1511,4.4897,-0.5216,cluster_4
cell_1512,3.9209,11.7331,cluster_5
cell_1513,0.7664,11.6305,cluster_5
cell_1514,4.6181,0.3664,cluster_4
cell_1515,3.5757,10.3317,cluster_5
cell_1516,2.5694,-0.6289,cluster_4
cell_1517,13.5380,9.6728,cluster_2
cell_1518,10.8710,8.2072,cluster_5
cell_1519,15.9031,6.9279,cluster_1
cell_152,2.2334,11.1771,cluster_5
cell_1520,14.8753,6.6560,cluster_1
cell_1521,14.8597,9.0775,cluster_1
cell_1522,13.5319,10.7583,cluster_2
cell_1523,9.0866,3.0795,cluster_8
cell_1524,2.2741,10.5058,cluster_5
cell_1525,0.2706,8.4846,cluster_3
cell_1526,-1.1829,7.4876,cluster_3
cell_1527,9.9540,3.3138,cluster_8
cell_1528,2.1285,2.8461,cluster_6
cell_1529,9.7911,3.5799,cluster_8
cell_153,0.4978,10.7153,cluster_5
cell_1530,-1.3789,6.0524,cluster_3
cell_1531,15.0816,6.0615,cluster_1
cell_1532,1.8656,10.7775,cluster_5
cell_1533,14.2717,9.6374,cluster_2
cell_1534,13.9736,8.2143,cluster_2
cell_1535,1.8519,9.0222,cluster_5
cell_1536,1.5229,2.4803,cluster_6
cell_1537,14.3456,9.7981,cluster_2
cell_1538,6.3651,3.2781,cluster_8
cell_1539,13.7007,7.4895,cluster_1
cell_154,2.1011,10.4826,cluster_5
cell_1540,-0.0794,7.3458,cluster_3
cell_1541,0.8853,10.7786,cluster_5
cell_1542,12.1921,5.3308,cluster_1
cell_1543,0.5408,2.6744,cluster_6
cell_1544,0.7502,11.0682,cluster_5
cell_1545,14.4755,10.3295,cluster_2
cell_1546,-1.2732,7.8570,cluster_3
cell_1547,10.6130,8.2207,cluster_5
cell_1548,9.6746,7.5287,cluster_3
cell_1549,2.9215,3.7181,cluster_6
cell_155,0.6550,11.6511,cluster_5
cell_1550,13.6116,10.8243,cluster_2
cell_1551,0.9936,12.1681,cluster_5
cell_1552,2.7740,-0.5667,cluster_4
cell_1553,14.6654,7.7930,cluster_1
cell_1554,3.3055,-0.5546,cluster_4
cell_1555,9.3715,2.5698,cluster_8
cell_1556,11.3519,7.2879,cluster_2
cell_1557,6.6540,3.5807,cluster_8
cell_1558,-0.6108,6.7873,cluster_3
cell_1559,4.4154,-0.1021,cluster_4
cell_156,13.5840,9.0564,cluster_2
cell_1560,3.8698,3.8861,cluster_3
cell_1561,1.7364,7.3960,cluster_3
cell_1562,13.4527,10.7577,cluster_2
cell_1563,2.9376,9.4660,cluster_5
cell_1564,2.4801,11.9789,cluster_5
cell_1565,2.1425,11.2474,cluster_5
cell_1566,4.9734,9.1461,cluster_7
cell_1567,1.6324,9.3529,cluster_5
cell_1568,-0.9361,8.3467,cluster_3
cell_1569,15.9911,7.3500,cluster_1
cell_157,13.9640,9.7531,cluster_2
cell_1570,3.1051,-0.9101,cluster_4
cell_1571,-0.4814,8.2923,cluster_3
cell_1572,3.0246,12.3401,cluster_5
cell_1573,2.2519,10.4763,cluster_5
cell_1574,8.1535,3.5833,cluster_8
cell_1575,15.1835,8.9542,cluster_1
cell_1576,8.4855,3.3803,cluster_8
cell_1577,1.1498,11.7952,cluster_5
cell_1578,0.7204,10.8986,cluster_5
cell_1579,1.6522,2.3242,cluster_6
cell_158,2.2743,10.6586,cluster_5
cell_1580,1.8859,10.2427,cluster_5
cell_1581,13.3320,7.4347,cluster_1
cell_1582,15.3347,7.1110,cluster_1
cell_1583,4.6416,-0.3331,cluster_4
cell_1584,2.6415,3.0647,cluster_6
cell_1585,2.6535,12.4688,cluster_5
cell_1586,13.3512,8.8552,cluster_2
cell_1587,13.6753,9.1551,cluster_1
cell_1588,2.6280,-0.1613,cluster_4
cell_1589,2.7658,11.8255,cluster_5
cell_159,-0.4346,6.8226,cluster_3
cell_1590,14.4940,6.9751,cluster_1
cell_1591,-1.2094,8.2282,cluster_3
cell_1592,3.8016,10.9012,cluster_5
cell_1593,11.6350,9.1053,cluster_2
cell_1594,1.4393,2.4269,cluster_6
cell_1595,3.1448,12.3072,cluster_5
cell_1596,8.1393,3.7179,cluster_8
cell_1597,-1.0060,7.9123,cluster_3
cell_1598,14.5947,7.6343,cluster_1
cell_1599,14.0536,7.0469,cluster_1
cell_16,2.0021,7.0112,cluster_3
cell_160,0.0893,6.9546,cluster_3
cell_1600,-0.1249,8.2729,cluster_3
cell_1601,6.9257,3.4202,cluster_8
cell_1602,1.3173,4.0235,cluster_6
cell_1603,2.9845,7.3120,cluster_8
cell_1604,13.3475,7.6225,cluster_1
cell_1605,11.5121,7.5660,cluster_1
cell_1606,8.9429,2.8752,cluster_8
cell_1607,1.7387,2.5832,cluster_6
cell_1608,10.0426,4.5285,cluster_8
cell_1609,13.3243,7.2671,cluster_1
cell_161,1.9416,1.6285,cluster_6
cell_1610,3.0600,4.8180,cluster_6
cell_1611,3.4793,11.4986,cluster_5
cell_1612,8.7089,2.9571,cluster_8
cell_1613,14.4467,8.0171,cluster_1
cell_1614,-1.3396,7.2564,cluster_3
cell_1615,-1.1613,7.8463,cluster_3
cell_1616,-1.6226,6.7710,cluster_3
cell_1617,3.9080,4.8795,cluster_6
cell_1618,15.6385,7.9546,cluster_1
cell_1619,1.7349,11.3027,cluster_5
cell_162,12.0575,9.0536,cluster_2
cell_1620,1.9510,10.4237,cluster_5
cell_1621,1.3894,9.3323,cluster_5
cell_1622,13.3462,6.7388,cluster_1
cell_1623,12.7447,7.3455,cluster_1
cell_1624,0.8467,7.7082,cluster_3
cell_1625,6.3461,3.1904,cluster_8
cell_1626,-0.0946,6.3898,cluster_3
cell_1627,8.3846,3.9587,cluster_8
cell_1628,1.8770,2.4506,cluster_6
cell_1629,12.7244,10.3613,cluster_2
cell_163,1.0861,8.7094,cluster_3
cell_1630,3.1085,-0.2495,cluster_4
cell_1631,0.3828,5.9853,cluster_3
cell_1632,14.0773,6.9973,cluster_1
cell_1633,13.7261,9.4470,cluster_2
cell_1634,1.1762,9.9851,cluster_5
cell_1635,14.1725,5.8920,cluster_1
cell_1636,1.7882,3.2200,cluster_6
cell_1637,14.2230,9.4717,cluster_2
cell_1638,2.5508,6.9089,cluster_3
cell_1639,2.8407,9.3958,cluster_5
cell_164,-1.0603,8.2724,cluster_3
cell_1640,3.1209,11.1591,cluster_5
cell_1641,3.3770,3.7375,cluster_6
cell_1642,14.8982,9.8555,cluster_2
cell_1643,14.0995,8.0165,cluster_1
cell_1644,1.0352,2.1581,cluster_6
cell_1645,9.4322,6.8404,cluster_3
cell_1646,5.9627,3.8470,cluster_8
cell_1647,0.8627,11.4022,cluster_5
cell_1648,8.6788,5.9611,cluster_3
cell_1649,14.2144,6.9691,cluster_1
cell_165,2.4016,9.7539,cluster_5
cell_1650,-0.2413,6.3780,cluster_3
cell_1651,14.5922,9.6379,cluster_2
cell_1652,3.9537,-1.2942,cluster_4
cell_1653,8.8210,6.2835,cluster_3
cell_1654,8.5900,6.7680,cluster_2
cell_1655,2.4689,9.1696,cluster_5
cell_1656,1.9978,2.3879,cluster_6
cell_1657,14.7956,10.1916,cluster_2
cell_1658,13.8297,8.7655,cluster_1
cell_1659,13.1855,10.0022,cluster_2
cell_166,13.7798,6.7080,cluster_2
cell_1660,1.1738,3.1058,cluster_6
cell_1661,9.0714,2.9738,cluster_8
cell_1662,14.1989,7.2101,cluster_1
cell_1663,1.0848,11.7647,cluster_5
cell_1664,4.3628,-0.7992,cluster_4
cell_1665,0.3221,11.1297,cluster_5
cell_1666,12.5870,10.8063,cluster_2
cell_1667,1.1793,11.2971,cluster_5
cell_1668,14.2015,6.4973,cluster_1
cell_1669,-0.3184,6.6426,cluster_3
cell_167,12.2646,7.2628,cluster_4
cell_1670,14.3616,5.9512,cluster_1
cell_1671,15.1538,8.5776,cluster_2
cell_1672,0.9075,10.9708,cluster_5
cell_1673,14.3145,5.7967,cluster_1
cell_1674,3.2971,4.9023,cluster_6
cell_1675,2.4913,10.0828,cluster_5
cell_1676,8.6433,3.3859,cluster_8
cell_1677,15.2882,6.2022,cluster_1
cell_1678,3.9834,0.0655,cluster_4
cell_1679,3.4474,4.8359,cluster_6
cell_168,0.9966,10.3977,cluster_5
cell_1680,0.6706,11.2586,cluster_5
cell_1681,2.2186,11.0869,cluster_5
cell_1682,9.2556,6.2224,cluster_3
cell_1683,8.5830,3.1574,cluster_8
cell_1684,10.8330,5.8788,cluster_3
cell_1685,8.4076,4.3515,cluster_8
cell_1686,-0.6744,6.5254,cluster_3
cell_1687,1.5994,10.3428,cluster_5
cell_1688,15.2767,7.1828,cluster_1
cell_1689,0.7760,3.3145,cluster_5
cell_169,2.2842,11.8486,cluster_5
cell_1690,0.9486,2.1096,cluster_6
cell_1691,8.6167,3.0360,cluster_8
cell_1692,1.3802,10.3742,cluster_5
cell_1693,15.9658,9.0648,cluster_1
cell_1694,11.4446,8.1551,cluster_5
cell_1695,12.8154,8.0448,cluster_5
cell_1696,-0.5567,7.4986,cluster_3
cell_1697,1.3273,9.3757,cluster_5
cell_1698,6.0329,3.0756,cluster_6
cell_1699,6.5881,3.3838,cluster_8
cell_17,-0.2669,7.4928,cluster_3
cell_170,-0.6005,7.9621,cluster_3
cell_1700,3.4629,12.1827,cluster_5
cell_1701,12.8644,6.1667,cluster_1
cell_1702,2.5642,12.2973,cluster_5
cell_1703,6.7012,3.4727,cluster_8
cell_1704,6.8197,3.3479,cluster_8
cell_1705,0.5011,11.0864,cluster_5
cell_1706,2.2578,2.9189,cluster_6
cell_1707,-1.1059,8.1142,cluster_3
cell_1708,14.7826,9.3147,cluster_2
cell_1709,8.5922,6.5812,cluster_8
cell_171,-0.3315,8.1667,cluster_3
cell_1710,1.6438,1.4976,cluster_6
cell_1711,16.0516,6.2639,cluster_1
cell_1712,15.5995,6.8397,cluster_1
cell_1713,2.4033,-0.5187,cluster_4
cell_1714,6.2850,3.7211,cluster_8
cell_1715,9.5175,3.0899,cluster_8
cell_1716,-0.5649,8.2267,cluster_3
cell_1717,10.5199,7.0362,cluster_1
cell_1718,-0.8466,8.2680,cluster_3
cell_1719,0.3760,11.9713,cluster_5
cell_172,2.8401,7.1991,cluster_6
cell_1720,1.7418,7.2966,cluster_3
cell_1721,3.4689,-0.0538,cluster_4
cell_1722,14.6476,11.0053,cluster_2
cell_1723,9.2271,3.1091,cluster_8
cell_1724,8.9178,2.8033,cluster_8
cell_1725,2.9819,-0.3424,cluster_4
cell_1726,1.9078,2.1224,cluster_6
cell_1727,12.2483,6.0310,cluster_1
cell_1728,15.7424,7.3468,cluster_1
cell_1729,2.9787,12.0250,cluster_5
cell_173,3.6181,10.5757,cluster_5
cell_1730,11.1079,5.8365,cluster_1
cell_1731,-0.6215,8.3669,cluster_3
cell_1732,14.6537,7.7902,cluster_1
cell_1733,8.8020,3.1006,cluster_8
cell_1734,0.9758,10.6520,cluster_5
cell_1735,9.3901,3.0131,cluster_8
cell_1736,12.3473,8.0006,cluster_2
cell_1737,5.9594,3.8512,cluster_8
cell_1738,4.3472,5.3953,cluster_6
cell_1739,2.1571,2.9734,cluster_6
cell_174,2.0419,10.9062,cluster_5
cell_1740,2.9063,4.6101,cluster_6
cell_1741,1.5883,11.2576,cluster_5
cell_1742,3.0884,4.7744,cluster_6
cell_1743,9.7970,4.4072,cluster_8
cell_1744,15.9123,5.8410,cluster_1
cell_1745,3.6382,-0.4526,cluster_4
cell_1746,2.5727,8.6631,cluster_5
cell_1747,13.3865,6.3683,cluster_1
cell_1748,0.6168,5.8980,cluster_3
cell_1749,12.4897,5.6084,cluster_1
cell_175,1.2159,10.2802,cluster_5
cell_1750,3.4370,11.4050,cluster_5
cell_1751,3.0249,1.3723,cluster_4
cell_1752,5.8297,3.8189,cluster_8
cell_1753,0.6253,2.9861,cluster_6
cell_1754,6.3904,3.5994,cluster_8
cell_1755,11.6231,7.5836,cluster_1
cell_1756,14.2055,8.3928,cluster_1
cell_1757,-0.8845,7.8827,cluster_3
cell_1758,-0.7770,7.8752,cluster_3
cell_1759,8.8496,3.1726,cluster_8
cell_176,1.0537,11.6706,cluster_5
cell_1760,-1.0206,7.1771,cluster_3
cell_1761,1.3170,7.2750,cluster_6
cell_1762,8.5500,2.9394,cluster_8
cell_1763,-0.9688,8.1153,cluster_3
cell_1764,2.5113,7.0123,cluster_3
cell_1765,15.1799,7.4238,cluster_1
cell_1766,0.5348,11.5666,cluster_5
cell_1767,13.2938,7.9308,cluster_2
cell_1768,8.6508,3.1086,cluster_8
cell_1769,11.9006,7.8361,cluster_1
cell_177,-1.0856,7.6475,cluster_3
cell_1770,9.0069,3.1202,cluster_8
cell_1771,14.5466,7.3852,cluster_1
cell_1772,3.1794,0.0361,cluster_4
cell_1773,5.6772,3.3004,cluster_8
cell_1774,1.5180,2.0186,cluster_6
cell_1775,12.3295,8.4980,cluster_1
cell_1776,3.8799,-0.0867,cluster_4
cell_1777,4.1205,2.6783,cluster_6
cell_1778,3.0385,-0.8401,cluster_4
cell_1779,4.7167,5.5002,cluster_6
cell_178,11.8837,9.3073,cluster_2
cell_1780,-0.2545,8.0445,cluster_3
cell_1781,6.6308,3.3774,cluster_8
cell_1782,5.3248,4.3968,cluster_8
cell_1783,4.3671,-0.5890,cluster_4
cell_1784,-0.7043,8.1698,cluster_3
cell_1785,4.2000,-0.3648,cluster_4
cell_1786,13.2705,7.0279,cluster_1
cell_1787,8.6009,5.2693,cluster_8
cell_1788,1.5260,7.3009,cluster_3
cell_1789,3.9679,-0.2775,cluster_4
cell_179,1.3912,11.6223,cluster_5
cell_1790,11.8968,5.7637,cluster_1
cell_1791,5.2935,2.8379,cluster_6
cell_1792,-1.2257,7.5826,cluster_3
cell_1793,8.2437,5.7960,cluster_3
cell_1794,12.2923,8.2614,cluster_2
cell_1795,0.0217,7.7416,cluster_3
cell_1796,15.5852,7.2413,cluster_1
cell_1797,6.0637,3.1253,cluster_8
cell_1798,4.4090,-0.1715,cluster_4
cell_1799,0.7763,11.0459,cluster_5
cell_18,2.8378,12.1568,cluster_5
cell_180,1.4869,9.3191,cluster_5
cell_1800,3.1463,11.5777,cluster_5
cell_1801,2.6657,9.0091,cluster_3
cell_1802,0.8047,2.5829,cluster_6
cell_1803,2.6803,7.3168,cluster_7
cell_1804,9.9128,2.8716,cluster_8
cell_1805,15.1423,6.6187,cluster_1
cell_1806,-1.2907,7.1197,cluster_3
cell_1807,15.3583,7.6367,cluster_1
cell_1808,-0.8725,6.5967,cluster_3
cell_1809,2.8569,10.8609,cluster_5
cell_181,2.5864,4.2270,cluster_6
cell_1810,15.3283,8.3511,cluster_1
cell_1811,15.1450,5.4453,cluster_1
cell_1812,14.9919,6.8943,cluster_1
cell_1813,3.9111,7.6851,cluster_5
cell_1814,-1.0522,8.2016,cluster_3
cell_1815,13.8028,7.5103,cluster_1
cell_1816,3.7005,11.6683,cluster_5
cell_1817,11.8952,7.1572,cluster_1
cell_1818,14.4691,9.7466,cluster_1
cell_1819,-0.3799,7.6562,cluster_3
cell_182,3.0115,3.8860,cluster_6
cell_1820,9.9387,3.1132,cluster_8
cell_1821,7.8341,6.2730,cluster_3
cell_1822,11.9950,7.8945,cluster_3
cell_1823,1.8662,1.6449,cluster_6
cell_1824,0.6776,2.7436,cluster_6
cell_1825,9.3358,3.0156,cluster_8
cell_1826,-0.6586,7.1750,cluster_3
cell_1827,11.2758,7.2788,cluster_3
cell_1828,15.0849,10.0687,cluster_2
cell_1829,3.8333,-0.3348,cluster_4
cell_183,-0.6391,7.0101,cluster_3
cell_1830,11.6592,8.9539,cluster_2
cell_1831,-1.1047,7.3159,cluster_3
cell_1832,8.8395,7.0130,cluster_3
cell_1833,1.6589,9.4385,cluster_5
cell_1834,15.0194,7.6633,cluster_1
cell_1835,2.4490,3.5245,cluster_6
cell_1836,4.4010,-0.3481,cluster_4
cell_1837,1.7182,11.9792,cluster_5
cell_1838,1.0281,11.8003,cluster_5
cell_1839,-0.5095,7.3575,cluster_3
cell_184,2.8196,3.8102,cluster_6
cell_1840,15.2252,7.0715,cluster_1
cell_1841,7.9198,3.5810,cluster_8
cell_1842,8.0668,3.4080,cluster_8
cell_1843,1.3406,9.2985,cluster_5
cell_1844,14.7346,7.7150,cluster_1
cell_1845,13.1127,10.9315,cluster_2
cell_1846,15.2473,9.5202,cluster_1
cell_1847,-1.3751,7.8449,cluster_3
cell_1848,15.2489,7.1377,cluster_1
cell_1849,14.8967,7.3369,cluster_1
cell_185,13.0383,9.6503,cluster_2
cell_1850,13.2609,8.6047,cluster_2
cell_1851,0.7022,2.9917,cluster_6
cell_1852,15.4999,7.1088,cluster_1
cell_1853,1.0920,2.7835,cluster_6
cell_1854,1.6397,11.8291,cluster_5
cell_1855,4.8112,8.9037,cluster_7
cell_1856,15.2636,8.0827,cluster_2
cell_1857,13.8159,7.6736,cluster_1
cell_1858,12.5008,8.6591,cluster_2
cell_1859,2.2977,6.9379,cluster_3
cell_186,-0.8156,7.4038,cluster_3
cell_1860,3.0478,7.5281,cluster_2
cell_1861,10.7335,7.0093,cluster_3
cell_1862,3.1333,10.3802,cluster_5
cell_1863,3.0316,11.2175,cluster_5
cell_1864,1.3090,1.4332,cluster_6
cell_1865,12.8530,7.3269,cluster_1
cell_1866,9.6123,2.5899,cluster_8
cell_1867,9.9120,3.1805,cluster_8
cell_1868,8.6262,3.1425,cluster_8
cell_1869,7.9390,3.4023,cluster_8
cell_187,14.8253,7.3260,cluster_1
cell_1870,1.5597,11.8603,cluster_5
cell_1871,2.6647,3.4202,cluster_6
cell_1872,14.4726,9.2847,cluster_2
cell_1873,14.3338,8.2815,cluster_1
cell_1874,9.6940,3.0965,cluster_8
cell_1875,13.3982,7.9093,cluster_1
cell_1876,-0.6829,7.7423,cluster_3
cell_1877,15.0413,7.7879,cluster_2
cell_1878,9.2330,2.8786,cluster_8
cell_1879,-0.1248,5.8601,cluster_3
cell_188,14.7597,8.4406,cluster_1
cell_1880,1.8429,9.0728,cluster_5
cell_1881,10.4812,6.9291,cluster_3
cell_1882,8.3713,5.6511,cluster_8
cell_1883,9.5579,3.2963,cluster_8
cell_1884,9.3860,3.4285,cluster_8
cell_1885,3.9533,1.8517,cluster_6
cell_1886,12.8364,10.8139,cluster_2
cell_1887,15.3419,6.6745,cluster_1
cell_1888,3.5815,-0.3024,cluster_4
cell_1889,1.2529,11.5629,cluster_5
cell_189,1.0633,8.9504,cluster_5
cell_1890,1.2528,12.1453,cluster_5
cell_1891,1.4864,3.8179,cluster_6
cell_1892,-0.0451,6.8834,cluster_3
cell_1893,10.4422,3.6157,cluster_8
cell_1894,9.9058,3.2098,cluster_8
cell_1895,0.8947,11.1371,cluster_5
cell_1896,1.9821,10.2292,cluster_5
cell_1897,3.2400,4.7387,cluster_6
cell_1898,14.0092,10.9257,cluster_2
cell_1899,13.3529,8.4471,cluster_1
cell_19,2.1092,10.1839,cluster_5
cell_190,2.0114,11.5113,cluster_5
cell_1900,1.9444,11.8375,cluster_5
cell_1901,14.7501,7.7652,cluster_2
cell_1902,1.6843,11.8424,cluster_5
cell_1903,0.7430,11.4043,cluster_5
cell_1904,13.7243,9.2514,cluster_2
cell_1905,7.1936,6.0236,cluster_5
cell_1906,1.1344,11.8582,cluster_5
cell_1907,0.3742,7.6326,cluster_3
cell_1908,13.9017,7.0688,cluster_1
cell_1909,12.6045,7.7630,cluster_1
cell_191,1.6421,11.7363,cluster_5
cell_1910,3.5034,1.7016,cluster_4
cell_1911,1.7925,8.8687,cluster_5
cell_1912,12.5861,9.0259,cluster_2
cell_1913,3.4618,4.4639,cluster_6
cell_1914,9.4475,3.3998,cluster_8
cell_1915,14.1069,7.4676,cluster_2
cell_1916,14.6558,7.0861,cluster_1
cell_1917,6.2371,3.2491,cluster_8
cell_1918,13.2503,6.9491,cluster_1
cell_1919,15.7168,8.1123,cluster_1
cell_192,1.9194,10.2992,cluster_5
cell_1920,11.5586,6.7439,cluster_1
cell_1921,-1.2284,7.8291,cluster_3
cell_1922,-1.0441,7.7570,cluster_3
cell_1923,14.9904,5.5218,cluster_1
cell_1924,3.6521,5.0270,cluster_6
cell_1925,9.9410,3.4584,cluster_8
cell_1926,15.5717,7.2740,cluster_1
cell_1927,0.4430,6.7943,cluster_3
cell_1928,2.0663,12.1480,cluster_5
cell_1929,9.8623,3.1325,cluster_8
cell_193,0.6867,10.9909,cluster_5
cell_1930,8.4264,3.1592,cluster_8
cell_1931,2.0516,7.0325,cluster_3
cell_1932,6.7684,3.3513,cluster_8
cell_1933,2.6170,0.0303,cluster_4
cell_1934,15.0559,9.8401,cluster_2
cell_1935,15.1570,7.4852,cluster_1
cell_1936,14.9951,8.7990,cluster_2
cell_1937,2.6908,12.3019,cluster_5
cell_1938,2.5256,4.5330,cluster_6
cell_1939,9.7960,3.0246,cluster_8
cell_194,2.8480,11.7893,cluster_5
cell_1940,12.7863,6.3383,cluster_2
cell_1941,4.3387,8.8149,cluster_7
cell_1942,9.2605,2.9003,cluster_8
cell_1943,14.7344,8.0960,cluster_1
cell_1944,15.7860,7.8737,cluster_1
cell_1945,12.7300,7.7805,cluster_2
cell_1946,1.8822,9.2550,cluster_5
cell_1947,9.7959,3.5085,cluster_8
cell_1948,14.7595,8.1366,cluster_1
cell_1949,8.4400,3.2075,cluster_8
cell_195,12.5681,9.9129,cluster_2
cell_1950,6.1227,5.0640,cluster_3
cell_1951,14.4074,11.1675,cluster_2
cell_1952,-1.4319,7.2995,cluster_3
cell_1953,0.3506,11.1820,cluster_5
cell_1954,13.5534,9.7144,cluster_2
cell_1955,9.4136,2.5745,cluster_8
cell_1956,12.0340,8.4933,cluster_1
cell_1957,0.7645,11.5661,cluster_5
cell_1958,1.7689,10.9904,cluster_5
cell_1959,13.7000,8.8868,cluster_2
cell_196,12.1846,9.1236,cluster_2
cell_1960,1.3225,10.6627,cluster_5
cell_1961,14.6415,9.9186,cluster_2
cell_1962,0.0655,7.5659,cluster_3
cell_1963,0.7956,3.1074,cluster_6
cell_1964,14.1241,8.0434,cluster_2
cell_1965,2.8038,4.4375,cluster_6
cell_1966,11.9148,8.9738,cluster_2
cell_1967,3.8050,3.3900,cluster_6
cell_1968,2.3630,1.2899,cluster_4
cell_1969,15.6603,10.7827,cluster_2
cell_197,-0.9019,6.4278,cluster_3
cell_1970,1.5230,8.9571,cluster_5
cell_1971,3.3997,8.9581,cluster_5
cell_1972,14.2963,8.0566,cluster_1
cell_1973,4.3828,1.1349,cluster_4
cell_1974,2.4115,9.7516,cluster_5
cell_1975,2.8432,3.5425,cluster_5
cell_1976,8.8141,6.3166,cluster_3
cell_1977,9.0760,3.2857,cluster_8
cell_1978,3.3327,11.8878,cluster_5
cell_1979,15.3792,6.9695,cluster_1
cell_198,2.8291,11.2677,cluster_5
cell_1980,13.9632,9.2936,cluster_1
cell_1981,2.2663,4.6808,cluster_6
cell_1982,3.5597,-1.4620,cluster_4
cell_1983,14.4576,7.7410,cluster_1
cell_1984,3.0998,9.5970,cluster_5
cell_1985,14.9918,7.4718,cluster_1
cell_1986,14.4642,7.5515,cluster_1
cell_1987,14.4934,8.4607,cluster_1
cell_1988,9.8119,3.7129,cluster_8
cell_1989,0.4831,11.3474,cluster_5
cell_199,3.9384,9.1501,cluster_5
cell_1990,12.8502,5.3461,cluster_1
cell_1991,4.8823,5.0076,cluster_5
cell_1992,14.6196,10.1639,cluster_2
cell_1993,13.9544,8.6136,cluster_2
cell_1994,1.0577,10.4770,cluster_5
cell_1995,8.9059,6.2608,cluster_3
cell_1996,14.0362,10.4227,cluster_2
cell_1997,9.2339,2.8081,cluster_8
cell_1998,2.6372,4.2110,cluster_6
cell_1999,12.4812,9.3963,cluster_2
cell_2,4.9623,8.8503,cluster_7
cell_20,2.4435,9.7675,cluster_5
cell_200,2.9244,8.2325,cluster_5
cell_2000,12.6130,9.1602,cluster_1
cell_2001,6.3975,3.3698,cluster_8
cell_2002,14.6993,6.7177,cluster_1
cell_2003,14.9175,8.3052,cluster_2
cell_2004,0.2390,10.6738,cluster_5
cell_2005,1.1068,10.5625,cluster_5
cell_2006,-0.4188,6.8704,cluster_3
cell_2007,0.4232,6.9848,cluster_3
cell_2008,9.9856,2.9304,cluster_8
cell_2009,9.8652,3.7222,cluster_8
cell_201,1.0761,11.6242,cluster_5
cell_2010,10.0825,7.7273,cluster_3
cell_2011,15.7585,9.3614,cluster_2
cell_2012,10.3034,3.3252,cluster_2
cell_2013,15.7999,5.6990,cluster_1
cell_2014,13.0169,10.0611,cluster_2
cell_2015,9.9931,4.0885,cluster_8
cell_2016,13.2316,10.3710,cluster_2
cell_2017,12.4302,9.4651,cluster_2
cell_2018,-1.5136,7.0894,cluster_3
cell_2019,12.5088,9.7036,cluster_2
cell_202,1.6782,9.7427,cluster_5
cell_2020,14.2345,10.0374,cluster_2
cell_2021,8.3429,3.3795,cluster_8
cell_2022,3.3935,-0.1724,cluster_4
cell_2023,14.6993,7.0144,cluster_1
cell_2024,13.4373,8.9579,cluster_2
cell_2025,2.9972,2.8144,cluster_6
cell_2026,9.4573,3.4041,cluster_8
cell_2027,13.2765,10.4102,cluster_2
cell_2028,0.9841,11.6868,cluster_5
cell_2029,-0.9956,6.9455,cluster_3
cell_203,0.3776,11.3015,cluster_5
cell_2030,1.6374,11.2374,cluster_5
cell_2031,13.7648,6.0038,cluster_1
cell_2032,-0.3434,7.1625,cluster_3
cell_2033,0.6089,6.9698,cluster_3
cell_2034,15.0384,10.1587,cluster_2
cell_2035,9.7090,3.1975,cluster_8
cell_2036,5.7914,3.2311,cluster_8
cell_2037,1.5638,10.8350,cluster_5
cell_2038,2.2347,11.7746,cluster_5
cell_2039,12.1241,6.8643,cluster_1
cell_204,1.2592,2.8936,cluster_6
cell_2040,13.1113,5.8209,cluster_1
cell_2041,-1.2996,7.2077,cluster_3
cell_2042,3.1176,12.0583,cluster_5
cell_2043,13.4034,10.9374,cluster_2
cell_2044,12.0219,7.8285,cluster_1
cell_2045,11.5963,7.1689,cluster_2
cell_2046,9.5184,7.1444,cluster_3
cell_2047,9.6841,3.7199,cluster_8
cell_2048,9.1249,2.6202,cluster_8
cell_2049,1.4897,6.3107,cluster_3
cell_205,1.6052,8.4528,cluster_5
cell_2050,9.4004,2.8850,cluster_8
cell_2051,0.3770,6.7500,cluster_3
cell_2052,14.3990,8.8652,cluster_2
cell_2053,9.9823,3.5868,cluster_8
cell_2054,3.3516,10.8909,cluster_5
cell_2055,1.1462,11.5651,cluster_5
cell_2056,2.9995,8.7383,cluster_5
cell_2057,1.8135,2.4835,cluster_6
cell_2058,13.4410,9.2661,cluster_2
cell_2059,8.6356,3.0372,cluster_8
cell_206,13.5819,9.7024,cluster_2
cell_2060,13.5908,10.7859,cluster_2
cell_2061,-0.7547,7.7625,cluster_3
cell_2062,-0.2176,6.8983,cluster_3
cell_2063,9.5175,3.8555,cluster_8
cell_2064,-1.3549,5.5198,cluster_3
cell_2065,3.2388,9.4198,cluster_5
cell_2066,9.4328,2.5563,cluster_8
cell_2067,12.9998,6.2456,cluster_1
cell_2068,13.3571,7.3402,cluster_1
cell_2069,14.5262,11.5024,cluster_2
cell_207,1.2264,4.0063,cluster_6
cell_2070,13.6566,8.8030,cluster_2
cell_2071,0.5819,10.4907,cluster_5
cell_2072,0.8116,7.7146,cluster_3
cell_2073,13.5043,11.1760,cluster_2
cell_2074,2.7907,10.2034,cluster_5
cell_2075,10.2116,6.7617,cluster_2
cell_2076,9.8754,3.6602,cluster_8
cell_2077,13.9542,10.2942,cluster_2
cell_2078,14.4187,7.6798,cluster_1
cell_2079,0.7966,11.2359,cluster_5
cell_208,2.3437,9.2598,cluster_5
cell_2080,0.7976,6.1112,cluster_3
cell_2081,3.2776,12.1284,cluster_5
cell_2082,2.2764,12.3537,cluster_5
cell_2083,13.2557,10.7056,cluster_2
cell_2084,2.6520,12.1028,cluster_5
cell_2085,15.4060,7.5835,cluster_1
cell_2086,10.3334,3.1617,cluster_8
cell_2087,15.7897,8.3991,cluster_1
cell_2088,12.2646,9.3243,cluster_2
cell_2089,9.4338,3.3081,cluster_8
cell_209,1.8681,10.3698,cluster_5
cell_2090,14.7296,7.4342,cluster_1
cell_2091,12.6873,10.8596,cluster_2
cell_2092,2.5487,12.3202,cluster_5
cell_2093,14.3071,10.1828,cluster_2
cell_2094,-1.1322,7.3210,cluster_3
cell_2095,0.5329,6.0533,cluster_3
cell_2096,9.6290,2.9490,cluster_8
cell_2097,1.2999,9.1105,cluster_5
cell_2098,0.8702,3.8843,cluster_6
cell_2099,2.4562,3.3041,cluster_6
cell_21,2.2256,8.8245,cluster_5
cell_210,1.1618,3.3596,cluster_6
cell_2100,2.7631,10.0963,cluster_5
cell_2101,13.5157,9.3440,cluster_1
cell_2102,4.8375,3.2091,cluster_6
cell_2103,13.9860,10.2127,cluster_2
cell_2104,6.3753,3.3799,cluster_8
cell_2105,14.3323,9.5234,cluster_2
cell_2106,14.5124,9.1603,cluster_1
cell_2107,1.6003,9.1405,cluster_5
cell_2108,2.9739,3.5345,cluster_6
cell_2109,15.3587,10.3327,cluster_2
cell_211,11.8238,7.4133,cluster_4
cell_2110,13.3971,7.0905,cluster_1
cell_2111,14.6634,8.9992,cluster_2
cell_2112,10.5331,5.9902,cluster_3
cell_2113,0.0222,7.0285,cluster_3
cell_2114,13.6945,7.2420,cluster_1
cell_2115,9.2881,3.1664,cluster_8
cell_2116,13.9028,8.1339,cluster_2
cell_2117,1.9528,9.4772,cluster_5
cell_2118,15.1419,9.5634,cluster_2
cell_2119,1.9557,9.1780,cluster_5
cell_212,4.7714,1.2629,cluster_4
cell_2120,13.3525,11.2263,cluster_2
cell_2121,13.5015,6.8818,cluster_1
cell_2122,9.8222,3.1546,cluster_8
cell_2123,1.2258,9.8025,cluster_5
cell_2124,15.0987,5.8158,cluster_1
cell_2125,10.9973,6.2454,cluster_2
cell_2126,2.9414,6.8784,cluster_3
cell_2127,15.2582,7.4834,cluster_1
cell_2128,8.9881,7.0037,cluster_1
cell_2129,3.9263,11.4892,cluster_5
cell_213,0.5053,11.2313,cluster_5
cell_2130,3.4538,3.8604,cluster_6
cell_2131,15.9632,7.1732,cluster_1
cell_2132,3.5507,10.1514,cluster_5
cell_2133,3.8355,-0.1601,cluster_4
cell_2134,15.0684,9.5919,cluster_1
cell_2135,1.9977,12.3637,cluster_5
cell_2136,13.7542,8.0731,cluster_2
cell_2137,1.5559,10.3186,cluster_5
cell_2138,14.2476,7.2934,cluster_1
cell_2139,14.7293,7.4939,cluster_1
cell_214,1.6686,10.9184,cluster_5
cell_2140,6.0108,3.2603,cluster_8
cell_2141,14.4530,11.7214,cluster_2
cell_2142,0.4157,7.2540,cluster_5
cell_2143,14.6523,7.5701,cluster_1
cell_2144,1.8812,8.7626,cluster_5
cell_2145,10.1346,3.5649,cluster_8
cell_2146,6.6861,3.3154,cluster_8
cell_2147,0.4078,6.1807,cluster_3
cell_2148,15.2230,8.9978,cluster_1
cell_2149,9.8173,3.2032,cluster_8
cell_215,0.9818,10.9667,cluster_5
cell_2150,16.0329,8.9207,cluster_1
cell_2151,12.4280,9.0304,cluster_2
cell_2152,-1.2506,6.4631,cluster_3
cell_2153,16.0079,6.9074,cluster_1
cell_2154,9.5506,3.6053,cluster_8
cell_2155,13.3936,10.9227,cluster_2
cell_2156,12.4021,8.8590,cluster_2
cell_2157,2.4648,9.4683,cluster_5
cell_2158,1.2738,2.1542,cluster_6
cell_2159,3.2437,10.8889,cluster_5
cell_216,1.3738,10.8724,cluster_5
cell_2160,1.0185,3.3140,cluster_6
cell_2161,15.1811,6.6580,cluster_1
cell_2162,12.7887,10.9416,cluster_2
cell_2163,1.0585,6.6236,cluster_3
cell_2164,3.6115,10.7353,cluster_5
cell_2165,1.9358,3.4362,cluster_6
cell_2166,9.2522,3.6350,cluster_8
cell_2167,1.9141,2.0451,cluster_6
cell_2168,0.5595,7.8126,cluster_3
cell_2169,1.7993,2.6286,cluster_6
cell_217,2.8939,1.1202,cluster_4
cell_2170,1.3568,11.1956,cluster_3
cell_2171,0.8360,11.7203,cluster_5
cell_2172,6.3264,7.0537,cluster_3
cell_2173,3.9319,4.6161,cluster_6
cell_2174,0.6493,10.7975,cluster_5
cell_2175,14.2216,7.3886,cluster_1
cell_2176,13.8158,6.5415,cluster_1
cell_2177,1.7123,10.3617,cluster_5
cell_2178,15.0675,6.0866,cluster_1
cell_2179,2.9461,11.8989,cluster_5
cell_218,2.0349,12.1326,cluster_5
cell_2180,2.9669,-0.8932,cluster_4
cell_2181,14.1699,6.8562,cluster_1
cell_2182,-0.3042,5.9614,cluster_3
cell_2183,0.4291,6.3132,cluster_3
cell_2184,13.1797,9.7375,cluster_2
cell_2185,13.5785,5.5819,cluster_1
cell_2186,15.0267,9.6133,cluster_2
cell_2187,0.8471,10.9408,cluster_5
cell_2188,14.3405,8.2635,cluster_1
cell_2189,1.7395,3.1063,cluster_6
cell_219,1.3305,8.9519,cluster_5
cell_2190,1.0660,11.4505,cluster_5
cell_2191,12.3658,6.5868,cluster_8
cell_2192,14.1443,9.2363,cluster_2
cell_2193,14.7372,7.4003,cluster_1
cell_2194,9.2179,6.9511,cluster_3
cell_2195,14.4911,11.0853,cluster_2
cell_2196,3.1171,4.7335,cluster_6
cell_2197,15.8621,6.2956,cluster_1
cell_2198,-1.7158,6.4852,cluster_3
cell_2199,10.2859,3.3580,cluster_8
cell_22,4.7806,9.1072,cluster_7
cell_220,12.6076,9.9175,cluster_2
cell_2200,12.5679,6.9233,cluster_1
cell_2201,9.6921,2.7786,cluster_8
cell_2202,2.4900,11.8476,cluster_5
cell_2203,14.9434,7.1456,cluster_1
cell_2204,9.6314,2.9565,cluster_8
cell_2205,14.9352,10.5910,cluster_2
cell_2206,3.2002,7.6026,cluster_3
cell_2207,14.7049,9.9214,cluster_2
cell_2208,1.5636,11.6042,cluster_5
cell_2209,14.8410,10.3041,cluster_2
cell_221,1.1507,7.2087,cluster_3
cell_2210,9.5371,3.1337,cluster_8
cell_2211,16.1124,7.0563,cluster_1
cell_2212,2.2506,10.4957,cluster_5
cell_2213,0.3312,10.8664,cluster_5
cell_2214,13.6046,8.7263,cluster_1
cell_2215,2.0095,3.7240,cluster_6
cell_2216,15.0287,10.1142,cluster_2
cell_2217,10.0045,3.4996,cluster_8
cell_2218,13.4588,11.1258,cluster_2
cell_2219,1.9360,11.9459,cluster_5
cell_222,2.4818,0.5882,cluster_4
cell_2220,9.0047,3.0403,cluster_8
cell_2221,11.8545,8.5281,cluster_2
cell_2222,0.6218,10.8072,cluster_5
cell_2223,15.1415,5.8082,cluster_1
cell_2224,14.9654,6.8434,cluster_1
cell_2225,2.1274,9.6527,cluster_5
cell_2226,14.1216,8.7787,cluster_1
cell_2227,9.8311,3.2724,cluster_8
cell_2228,15.5904,6.7508,cluster_1
cell_2229,0.2459,11.7615,cluster_5
cell_223,2.0920,10.0664,cluster_5
cell_2230,14.0439,7.0853,cluster_1
cell_2231,14.1052,10.6364,cluster_2
cell_2232,9.8182,3.7703,cluster_8
cell_2233,-0.1058,8.4184,cluster_3
cell_2234,14.3205,8.7992,cluster_1
cell_2235,14.2111,9.2866,cluster_2
cell_2236,14.0442,6.1113,cluster_1
cell_2237,14.7249,8.1716,cluster_1
cell_2238,1.9261,1.1195,cluster_4
cell_2239,14.9336,5.2759,cluster_1
cell_224,3.0754,6.7612,cluster_3
cell_2240,3.5278,-0.7168,cluster_4
cell_2241,2.2693,9.8362,cluster_5
cell_2242,14.1907,10.5532,cluster_2
cell_2243,14.7834,11.1599,cluster_2
cell_2244,15.3423,5.6596,cluster_1
cell_2245,14.1584,8.3564,cluster_2
cell_2246,14.7150,9.5400,cluster_2
cell_2247,14.4155,9.7985,cluster_2
cell_2248,13.3895,9.9094,cluster_2
cell_2249,2.0688,7.5006,cluster_3
cell_225,3.6809,3.8840,cluster_6
cell_2250,-1.4744,6.0607,cluster_3
cell_2251,1.2313,9.1098,cluster_5
cell_2252,0.0092,6.2644,cluster_3
cell_2253,1.4953,6.9155,cluster_3
cell_2254,13.7974,11.0642,cluster_2
cell_2255,0.9897,2.5169,cluster_6
cell_2256,12.9593,9.0723,cluster_2
cell_2257,1.2390,2.0962,cluster_6
cell_2258,3.0663,8.9962,cluster_3
cell_2259,14.6261,7.6147,cluster_1
cell_226,2.5102,7.8848,cluster_3
cell_2260,10.4549,3.6406,cluster_8
cell_2261,8.9880,3.0453,cluster_8
cell_2262,0.6449,2.7614,cluster_6
cell_2263,13.2150,6.6792,cluster_1
cell_2264,10.6783,6.2407,cluster_3
cell_2265,0.3576,10.7492,cluster_5
cell_2266,0.9435,7.2803,cluster_3
cell_2267,3.7868,8.7241,cluster_5
cell_2268,7.8259,5.5156,cluster_8
cell_2269,9.8401,2.8473,cluster_8
cell_227,3.7257,3.7797,cluster_6
cell_2270,13.3532,7.9794,cluster_2
cell_2271,11.6986,6.0682,cluster_1
cell_2272,13.6528,8.0423,cluster_1
cell_2273,15.0265,7.5027,cluster_2
cell_2274,1.5487,3.5597,cluster_6
cell_2275,2.1437,4.2815,cluster_6
cell_2276,9.8878,3.6681,cluster_8
cell_2277,0.4789,7.5507,cluster_3
cell_2278,1.4373,2.3460,cluster_6
cell_2279,3.5596,10.4677,cluster_5
cell_228,11.6743,7.8842,cluster_2
cell_2280,9.0504,6.4130,cluster_3
cell_2281,10.8764,7.2037,cluster_3
cell_2282,13.3149,10.9821,cluster_2
cell_2283,0.2333,11.6126,cluster_5
cell_2284,3.5196,10.9357,cluster_5
cell_2285,2.6980,12.0575,cluster_5
cell_2286,1.6449,12.1688,cluster_5
cell_2287,12.9911,9.2275,cluster_2
cell_2288,9.2670,5.0522,cluster_3
cell_2289,0.0290,8.2438,cluster_3
cell_229,3.3177,4.8270,cluster_6
cell_2290,4.3291,5.8934,cluster_2
cell_2291,14.5936,11.5673,cluster_2
cell_2292,14.2624,5.5358,cluster_1
cell_2293,-0.7664,8.4138,cluster_3
cell_2294,3.1110,10.6733,cluster_5
cell_2295,15.9603,7.3359,cluster_1
cell_2296,9.9930,3.6488,cluster_8
cell_2297,14.1970,8.9169,cluster_2
cell_2298,12.3902,9.6167,cluster_2
cell_2299,10.4041,3.3505,cluster_1
cell_23,1.7520,8.8565,cluster_5
cell_230,1.0577,9.7556,cluster_5
cell_2300,8.4738,6.6369,cluster_3
cell_2301,1.4363,1.9474,cluster_6
cell_2302,12.7581,9.0822,cluster_2
cell_2303,-0.9619,8.1807,cluster_3
cell_2304,14.4539,9.0756,cluster_2
cell_2305,9.5404,3.2117,cluster_8
cell_2306,0.8052,9.3675,cluster_5
cell_2307,15.7370,6.6317,cluster_1
cell_2308,1.6100,11.9947,cluster_5
cell_2309,15.0280,9.7998,cluster_2
cell_231,2.6632,9.5937,cluster_5
cell_2310,15.0708,9.6994,cluster_2
cell_2311,1.6850,11.6643,cluster_5
cell_2312,12.1176,6.5398,cluster_2
cell_2313,-1.1544,7.1767,cluster_3
cell_2314,-0.2241,6.5490,cluster_3
cell_2315,15.4056,8.0492,cluster_1
cell_2316,13.9172,10.2139,cluster_2
cell_2317,9.6477,3.3721,cluster_8
cell_2318,13.2722,6.3235,cluster_1
cell_2319,-0.7815,8.2435,cluster_3
cell_232,4.5680,1.1948,cluster_4
cell_2320,-1.6291,6.9785,cluster_3
cell_2321,13.7681,9.7155,cluster_2
cell_2322,0.3974,11.5206,cluster_5
cell_2323,2.4755,9.9702,cluster_5
cell_2324,9.1523,6.8042,cluster_3
cell_2325,12.6935,8.0304,cluster_2
cell_2326,1.8402,2.3863,cluster_6
cell_2327,11.7014,9.3037,cluster_2
cell_2328,3.7225,12.2099,cluster_5
cell_2329,1.3326,11.4485,cluster_5
cell_233,13.1395,7.6398,cluster_4
cell_2330,1.1337,9.9587,cluster_5
cell_2331,15.8559,7.6177,cluster_1
cell_2332,13.8123,7.4170,cluster_1
cell_2333,13.5376,11.1031,cluster_2
cell_2334,9.6998,3.4346,cluster_8
cell_2335,14.5185,7.6014,cluster_1
cell_2336,13.5807,8.5833,cluster_1
cell_2337,1.1750,9.9582,cluster_5
cell_2338,12.2667,10.1957,cluster_2
cell_2339,10.2423,3.2214,cluster_8
cell_234,0.2357,11.2600,cluster_5
cell_2340,14.0633,11.5288,cluster_2
cell_2341,1.1504,11.1868,cluster_5
cell_2342,1.2746,9.9006,cluster_5
cell_2343,9.1260,3.4510,cluster_8
cell_2344,1.5464,2.9232,cluster_6
cell_2345,-0.9595,8.3885,cluster_3
cell_2346,14.9757,6.4824,cluster_1
cell_2347,8.8335,6.3905,cluster_3
cell_2348,9.6224,3.2590,cluster_8
cell_2349,2.0093,4.0533,cluster_6
cell_235,13.2701,10.9508,cluster_2
cell_2350,11.8888,9.0364,cluster_2
cell_2351,13.5773,7.5625,cluster_1
cell_2352,15.0575,6.8664,cluster_1
cell_2353,14.7651,7.5954,cluster_1
cell_2354,14.0245,10.7832,cluster_2
cell_2355,14.7308,8.2471,cluster_1
cell_2356,2.7564,12.1217,cluster_5
cell_2357,14.3032,7.8221,cluster_1
cell_2358,14.4226,8.3905,cluster_1
cell_2359,15.7163,6.5392,cluster_1
cell_236,-0.3184,8.0790,cluster_3
cell_2360,2.0308,6.9230,cluster_3
cell_2361,14.7399,6.3524,cluster_1
cell_2362,7.7479,6.6492,cluster_3
cell_2363,1.3506,7.1526,cluster_3
cell_2364,2.6785,3.4907,cluster_6
cell_2365,0.8177,3.5960,cluster_3
cell_2366,9.8238,3.7661,cluster_8
cell_2367,2.6256,7.7891,cluster_3
cell_2368,13.6517,6.7331,cluster_8
cell_2369,15.6484,7.6682,cluster_1
cell_237,-1.2462,7.4500,cluster_3
cell_2370,12.2534,9.4686,cluster_2
cell_2371,7.7639,6.1446,cluster_3
cell_2372,15.6547,6.5718,cluster_1
cell_2373,2.8987,3.9875,cluster_6
cell_2374,14.1330,8.3286,cluster_1
cell_2375,15.8625,5.8421,cluster_1
cell_2376,3.6351,11.0422,cluster_5
cell_2377,12.3100,9.7984,cluster_2
cell_2378,1.3433,10.1389,cluster_5
cell_2379,10.8852,8.0816,cluster_8
cell_238,13.3249,8.5293,cluster_2
cell_2380,15.0698,8.3817,cluster_1
cell_2381,2.3130,0.6564,cluster_4
cell_2382,3.3554,11.9707,cluster_5
cell_2383,14.6106,6.0641,cluster_1
cell_2384,8.7187,6.6004,cluster_2
cell_2385,13.8833,8.7198,cluster_1
cell_2386,14.2419,8.2222,cluster_1
cell_2387,3.2394,10.2314,cluster_5
cell_2388,14.0948,5.3121,cluster_1
cell_2389,14.7499,7.9073,cluster_1
cell_239,4.3622,1.8461,cluster_4
cell_2390,13.9631,5.2600,cluster_1
cell_2391,13.9705,6.9815,cluster_2
cell_2392,10.0227,2.9629,cluster_8
cell_2393,6.1739,3.8503,cluster_8
cell_2394,14.9189,10.7458,cluster_2
cell_2395,10.3612,3.1901,cluster_8
cell_2396,8.6342,6.3643,cluster_8
cell_2397,16.1495,7.2845,cluster_1
cell_2398,0.8252,11.1041,cluster_5
cell_2399,13.8581,10.7004,cluster_2
cell_24,1.6860,10.9418,cluster_5
cell_240,-0.9519,7.0678,cluster_3
cell_2400,8.2042,6.1632,cluster_3
cell_2401,1.5436,2.6198,cluster_6
cell_2402,14.1576,9.6642,cluster_2
cell_2403,2.0349,12.3604,cluster_5
cell_2404,2.5936,11.6039,cluster_5
cell_2405,14.1668,7.1741,cluster_1
cell_2406,-0.2481,7.5681,cluster_3
cell_2407,2.0676,6.9001,cluster_2
cell_2408,15.0397,7.7732,cluster_1
cell_2409,1.7825,6.2772,cluster_3
cell_241,2.0356,3.0076,cluster_6
cell_2410,-0.9145,8.0549,cluster_3
cell_2411,-0.7729,6.7545,cluster_3
cell_2412,12.3846,9.1519,cluster_2
cell_2413,1.0853,11.8811,cluster_5
cell_2414,11.0272,8.2441,cluster_3
cell_2415,-0.9996,6.0928,cluster_3
cell_2416,2.8469,9.9962,cluster_5
cell_2417,-0.1473,7.5113,cluster_3
cell_2418,14.7988,9.3863,cluster_2
cell_2419,9.7141,3.7269,cluster_8
cell_242,3.0343,0.4533,cluster_4
cell_2420,9.7652,4.0409,cluster_8
cell_2421,13.1090,7.8863,cluster_1
cell_2422,14.0055,7.6431,cluster_1
cell_2423,12.9273,8.2196,cluster_1
cell_2424,12.3321,10.3222,cluster_2
cell_2425,0.6999,11.4583,cluster_5
cell_2426,3.7074,3.5612,cluster_6
cell_2427,14.5876,6.9858,cluster_1
cell_2428,13.5634,9.1551,cluster_2
cell_2429,12.6562,10.2827,cluster_2
cell_243,0.9995,10.9463,cluster_5
cell_2430,10.6818,7.8666,cluster_3
cell_2431,13.5768,8.0279,cluster_2
cell_2432,9.1575,3.0473,cluster_8
cell_2433,0.7702,8.4236,cluster_3
cell_2434,10.1791,6.2863,cluster_1
cell_2435,12.0729,8.6843,cluster_2
cell_2436,10.1797,6.3035,cluster_6
cell_2437,15.4468,8.8922,cluster_2
cell_2438,4.0390,11.2144,cluster_5
cell_2439,14.0005,10.1330,cluster_2
cell_244,4.5199,1.5272,cluster_4
cell_2440,2.7027,10.9053,cluster_5
cell_2441,14.6812,9.6500,cluster_2
cell_2442,10.3117,7.0562,cluster_3
cell_2443,14.0608,8.2413,cluster_1
cell_2444,0.6096,4.2769,cluster_3
cell_2445,10.1293,3.0645,cluster_8
cell_2446,2.2183,7.1045,cluster_3
cell_2447,13.6333,5.5153,cluster_1
cell_2448,14.5457,6.4884,cluster_1
cell_2449,7.9927,6.3649,cluster_2
cell_245,14.4921,10.4953,cluster_2
cell_2450,-0.5444,7.9848,cluster_3
cell_2451,10.3363,4.1884,cluster_8
cell_2452,13.1662,7.2544,cluster_1
cell_2453,1.4753,11.6042,cluster_5
cell_2454,12.4174,10.0904,cluster_2
cell_2455,10.1162,3.2443,cluster_8
cell_2456,15.4859,8.0693,cluster_1
cell_2457,14.2612,8.4395,cluster_1
cell_2458,15.5216,8.6291,cluster_1
cell_2459,-1.2180,7.7622,cluster_3
cell_246,10.1530,7.1220,cluster_3
cell_2460,3.5740,-0.7124,cluster_4
cell_2461,-0.1070,7.3155,cluster_3
cell_2462,0.1994,7.7888,cluster_3
cell_2463,9.3516,3.1639,cluster_8
cell_2464,15.6290,5.9654,cluster_1
cell_2465,14.3574,8.1560,cluster_1
cell_2466,15.0413,6.7739,cluster_1
cell_2467,13.2267,9.5821,cluster_2
cell_2468,15.2847,7.5558,cluster_1
cell_2469,9.1154,3.4300,cluster_8
cell_247,15.1854,7.9516,cluster_2
cell_2470,3.1126,11.1063,cluster_5
cell_2471,-1.1610,8.2361,cluster_3
cell_2472,11.4589,5.5489,cluster_3
cell_2473,13.0323,7.7684,cluster_1
cell_2474,13.8538,10.9417,cluster_2
cell_2475,2.5172,12.2342,cluster_5
cell_2476,15.2048,6.7752,cluster_1
cell_2477,15.0612,7.3607,cluster_1
cell_2478,14.3591,6.4764,cluster_1
cell_2479,1.1216,11.6623,cluster_5
cell_248,13.9456,8.0679,cluster_1
cell_2480,5.0342,9.2514,cluster_7
cell_2481,10.8205,6.5835,cluster_1
cell_2482,13.5247,9.8852,cluster_2
cell_2483,13.5147,10.2868,cluster_2
cell_2484,10.5069,7.6480,cluster_3
cell_2485,1.2428,12.1581,cluster_5
cell_2486,2.2488,4.4194,cluster_6
cell_2487,10.0230,3.4442,cluster_8
cell_2488,2.5353,8.5450,cluster_5
cell_2489,1.2118,3.9910,cluster_6
cell_249,1.3460,10.0048,cluster_5
cell_2490,14.1209,6.8743,cluster_1
cell_2491,1.4096,9.7684,cluster_5
cell_2492,4.9599,7.2175,cluster_8
cell_2493,15.3324,9.4767,cluster_2
cell_2494,3.2862,11.3900,cluster_5
cell_2495,15.2281,7.4720,cluster_1
cell_2496,8.6077,6.5140,cluster_1
cell_2497,13.7550,8.0421,cluster_1
cell_2498,-1.4347,6.0787,cluster_3
cell_2499,14.2494,6.2304,cluster_1
cell_25,-0.5300,7.4992,cluster_3
cell_250,12.4257,8.3993,cluster_2
cell_2500,-0.4383,6.4368,cluster_3
cell_2501,1.0494,6.2374,cluster_3
cell_2502,14.8522,8.3414,cluster_1
cell_2503,1.2376,8.0441,cluster_3
cell_2504,1.2147,7.0229,cluster_3
cell_2505,9.8616,7.1417,cluster_3
cell_2506,3.8597,12.1389,cluster_5
cell_2507,15.7127,6.7321,cluster_1
cell_2508,15.6950,8.1155,cluster_2
cell_2509,4.7225,5.6022,cluster_2
cell_251,0.4269,11.2562,cluster_5
cell_2510,13.5592,9.9948,cluster_2
cell_2511,15.2590,7.0302,cluster_1
cell_2512,9.4422,2.8042,cluster_8
cell_2513,7.5069,6.3605,cluster_8
cell_2514,14.4264,8.5386,cluster_2
cell_2515,4.6500,9.8148,cluster_7
cell_2516,6.5753,3.4855,cluster_8
cell_2517,9.1612,3.0625,cluster_8
cell_2518,3.7816,3.2997,cluster_6
cell_2519,14.4644,7.3754,cluster_1
cell_252,1.0399,11.9703,cluster_5
cell_2520,14.0831,10.5500,cluster_2
cell_2521,15.7495,7.0810,cluster_1
cell_2522,8.5889,3.0588,cluster_8
cell_2523,0.7451,10.8822,cluster_5
cell_2524,0.0506,8.2499,cluster_3
cell_2525,7.5823,6.3996,cluster_5
cell_2526,1.9816,4.0304,cluster_6
cell_2527,14.2329,7.1574,cluster_1
cell_2528,9.7396,3.1280,cluster_8
cell_2529,8.4640,3.3467,cluster_8
cell_253,8.9802,7.0923,cluster_2
cell_2530,13.9246,10.5172,cluster_2
cell_2531,-1.2595,7.8600,cluster_3
cell_2532,6.1001,3.0064,cluster_8
cell_2533,12.3341,9.2840,cluster_2
cell_2534,8.9442,2.9828,cluster_8
cell_2535,13.4797,7.7473,cluster_1
cell_2536,9.3467,3.2633,cluster_8
cell_2537,1.4485,2.4168,cluster_6
cell_2538,14.1385,9.7569,cluster_2
cell_2539,2.5634,-0.4438,cluster_4
cell_254,-0.8272,8.2901,cluster_3
cell_2540,13.7695,9.3061,cluster_2
cell_2541,11.7535,8.0461,cluster_2
cell_2542,13.5839,6.2635,cluster_2
cell_2543,9.7147,3.3770,cluster_8
cell_2544,0.2534,11.5774,cluster_5
cell_2545,-0.0319,6.1791,cluster_3
cell_2546,1.4654,11.9751,cluster_5
cell_2547,14.9919,10.2782,cluster_2
cell_2548,12.0731,8.2640,cluster_2
cell_2549,13.3946,6.6091,cluster_1
cell_255,2.9870,10.1027,cluster_5
cell_2550,12.5977,10.2239,cluster_2
cell_2551,-1.4580,7.0867,cluster_3
cell_2552,2.9116,11.8793,cluster_5
cell_2553,1.6413,1.8423,cluster_6
cell_2554,13.2754,4.9269,cluster_8
cell_2555,12.5177,8.4648,cluster_2
cell_2556,-0.4609,6.5658,cluster_3
cell_2557,6.3698,3.3027,cluster_8
cell_2558,3.4620,7.9582,cluster_4
cell_2559,6.1671,3.7164,cluster_8
cell_256,-0.1307,7.8660,cluster_3
cell_2560,1.5973,11.4478,cluster_5
cell_2561,12.0023,5.7099,cluster_2
cell_2562,3.9869,11.7006,cluster_5
cell_2563,1.3592,10.2864,cluster_5
cell_2564,14.6432,8.6993,cluster_1
cell_2565,3.8613,12.0535,cluster_5
cell_2566,11.6798,8.5176,cluster_3
cell_2567,13.6945,6.5520,cluster_1
cell_2568,7.6095,6.1293,cluster_3
cell_2569,13.0237,8.2988,cluster_1
cell_257,1.6656,2.9253,cluster_6
cell_2570,14.8696,8.5549,cluster_2
cell_2571,4.0360,5.0391,cluster_2
cell_2572,-0.8407,7.6771,cluster_3
cell_2573,14.9012,6.9303,cluster_1
cell_2574,15.4582,10.2877,cluster_2
cell_2575,6.8619,6.8949,cluster_3
cell_2576,15.0952,7.7250,cluster_1
cell_2577,10.0760,2.9689,cluster_8
cell_2578,0.8270,2.4288,cluster_6
cell_2579,14.3445,7.7665,cluster_1
cell_258,1.7513,6.9032,cluster_3
cell_2580,2.9708,-1.0943,cluster_4
cell_2581,1.2465,2.9493,cluster_6
cell_2582,2.6023,6.6388,cluster_3
cell_2583,-0.8663,7.8725,cluster_3
cell_2584,0.4271,11.5442,cluster_5
cell_2585,0.3194,10.1968,cluster_5
cell_2586,13.9895,6.7730,cluster_1
cell_2587,8.2393,3.7046,cluster_8
cell_2588,6.2928,3.0483,cluster_8
cell_2589,14.4080,5.7203,cluster_1
cell_259,13.5082,8.4599,cluster_2
cell_2590,15.6308,7.6855,cluster_1
cell_2591,6.3848,3.2809,cluster_8
cell_2592,8.7261,3.1937,cluster_8
cell_2593,15.1831,7.2762,cluster_1
cell_2594,-1.5603,7.4848,cluster_3
cell_2595,2.3970,9.7600,cluster_5
cell_2596,10.3398,3.3135,cluster_8
cell_2597,8.7893,2.9732,cluster_8
cell_2598,13.8088,8.7246,cluster_1
cell_2599,14.7623,8.3614,cluster_1
cell_26,-0.5182,6.7526,cluster_3
cell_260,12.7608,8.6371,cluster_2
cell_2600,15.4331,6.9949,cluster_1
cell_2601,4.0722,3.8580,cluster_6
cell_2602,2.3900,9.7756,cluster_5
cell_2603,0.5046,7.0311,cluster_3
cell_2604,14.5603,7.0000,cluster_1
cell_2605,14.6402,6.2861,cluster_1
cell_2606,3.9805,-0.8731,cluster_4
cell_2607,14.0147,9.8749,cluster_2
cell_2608,8.2039,3.1629,cluster_8
cell_2609,9.5403,3.2107,cluster_8
cell_261,12.9020,9.3220,cluster_2
cell_2610,7.2383,6.4993,cluster_3
cell_2611,2.5424,-0.3032,cluster_4
cell_2612,1.3530,3.6397,cluster_6
cell_2613,9.2255,3.1915,cluster_8
cell_2614,0.8382,11.7561,cluster_5
cell_2615,2.2281,1.2799,cluster_6
cell_2616,-0.3767,7.7632,cluster_3
cell_2617,2.8016,-0.4489,cluster_4
cell_2618,1.2833,11.3683,cluster_5
cell_2619,7.5186,6.6838,cluster_3
cell_262,0.8975,10.4104,cluster_5
cell_2620,1.3167,11.0162,cluster_5
cell_2621,8.7650,2.7930,cluster_8
cell_2622,9.4951,3.1353,cluster_8
cell_2623,8.9756,3.2258,cluster_8
cell_2624,10.4973,7.6732,cluster_3
cell_2625,8.9397,3.1459,cluster_8
cell_2626,6.4851,5.3222,cluster_8
cell_2627,13.4507,5.2218,cluster_1
cell_2628,12.6171,7.6965,cluster_1
cell_2629,-0.5721,5.9695,cluster_3
cell_263,2.4797,11.5189,cluster_5
cell_2630,2.9425,1.3847,cluster_6
cell_2631,3.0606,4.4789,cluster_6
cell_2632,9.5095,3.1876,cluster_8
cell_2633,-1.3219,6.0283,cluster_3
cell_2634,14.9016,6.4171,cluster_1
cell_2635,-1.1317,7.8247,cluster_3
cell_2636,1.3131,11.0955,cluster_5
cell_2637,0.9687,2.0787,cluster_6
cell_2638,10.1070,3.3858,cluster_8
cell_2639,9.2804,3.2278,cluster_8
cell_264,1.4329,10.5063,cluster_5
cell_2640,13.0124,10.0469,cluster_2
cell_2641,15.8809,8.7246,cluster_2
cell_2642,13.4930,6.7350,cluster_1
cell_2643,8.5709,2.9846,cluster_8
cell_2644,14.0844,11.2027,cluster_2
cell_2645,0.6993,7.2109,cluster_3
cell_2646,0.5445,6.0840,cluster_3
cell_2647,10.1152,3.3322,cluster_8
cell_2648,2.8811,-0.9415,cluster_4
cell_2649,12.0463,7.4675,cluster_1
cell_265,-0.2764,7.1321,cluster_3
cell_2650,15.3288,7.5148,cluster_1
cell_2651,4.5393,0.6803,cluster_4
cell_2652,14.8641,7.7775,cluster_1
cell_2653,2.1475,3.8337,cluster_6
cell_2654,9.2100,3.1203,cluster_8
cell_2655,5.8855,5.4409,cluster_3
cell_2656,9.7071,3.0562,cluster_8
cell_2657,15.7696,7.0783,cluster_1
cell_2658,-0.8377,8.4252,cluster_3
cell_2659,1.4101,3.6146,cluster_6
cell_266,-0.5997,7.4687,cluster_3
cell_2660,9.4672,2.9907,cluster_8
cell_2661,13.4130,10.5241,cluster_2
cell_2662,2.7355,11.3589,cluster_5
cell_2663,2.9011,9.6205,cluster_5
cell_2664,5.1404,4.0332,cluster_8
cell_2665,4.1266,4.9573,cluster_3
cell_2666,12.6010,9.5516,cluster_2
cell_2667,3.7979,7.4277,cluster_6
cell_2668,2.8776,1.2785,cluster_4
cell_2669,13.5608,7.3949,cluster_1
cell_267,14.8177,5.8521,cluster_1
cell_2670,-1.7893,6.2301,cluster_3
cell_2671,12.9614,9.0851,cluster_2
cell_2672,-0.3935,6.9603,cluster_3
cell_2673,13.4140,10.8479,cluster_2
cell_2674,12.8901,8.4525,cluster_2
cell_2675,9.5629,3.2571,cluster_8
cell_2676,1.4309,10.2379,cluster_5
cell_2677,6.5345,3.6357,cluster_8
cell_2678,11.7543,8.5089,cluster_2
cell_2679,1.1131,11.4190,cluster_5
cell_268,2.7000,10.6060,cluster_5
cell_2680,2.4953,12.2440,cluster_5
cell_2681,12.9662,6.4828,cluster_1
cell_2682,3.5761,10.1301,cluster_5
cell_2683,4.0171,-0.9712,cluster_4
cell_2684,2.2607,11.4700,cluster_5
cell_2685,3.3192,11.8194,cluster_5
cell_2686,14.9161,6.6648,cluster_1
cell_2687,3.2907,12.3227,cluster_5
cell_2688,1.3991,12.2788,cluster_5
cell_2689,6.4555,3.3205,cluster_8
cell_269,13.2169,7.8503,cluster_1
cell_2690,3.5520,-1.2203,cluster_4
cell_2691,14.6840,10.8287,cluster_2
cell_2692,12.4873,10.0933,cluster_2
cell_2693,2.6944,3.6287,cluster_6
cell_2694,9.4380,3.0305,cluster_8
cell_2695,3.7932,10.7080,cluster_5
cell_2696,6.0848,6.5598,cluster_3
cell_2697,3.1214,1.3587,cluster_4
cell_2698,4.0460,-1.0203,cluster_4
cell_2699,3.0056,4.1047,cluster_6
cell_27,1.7019,8.7534,cluster_5
cell_270,1.0736,10.8168,cluster_5
cell_2700,6.3964,3.4840,cluster_8
cell_2701,15.1269,8.6568,cluster_2
cell_2702,7.6763,6.4365,cluster_1
cell_2703,2.6293,-0.7390,cluster_4
cell_2704,2.2419,3.2674,cluster_6
cell_2705,8.8820,3.3972,cluster_8
cell_2706,3.4819,1.8519,cluster_6
cell_2707,2.0613,9.2796,cluster_5
cell_2708,9.0162,3.4875,cluster_8
cell_2709,13.2812,7.1798,cluster_1
cell_271,2.9274,0.3763,cluster_4
cell_2710,8.1103,6.5006,cluster_3
cell_2711,1.9408,2.8992,cluster_6
cell_2712,2.5441,6.6949,cluster_6
cell_2713,10.8213,5.7612,cluster_3
cell_2714,-0.8393,7.0169,cluster_3
cell_2715,2.7410,-0.3121,cluster_4
cell_2716,15.1025,6.6409,cluster_1
cell_2717,0.9244,11.2290,cluster_6
cell_2718,1.4036,3.1561,cluster_6
cell_2719,14.7807,8.7761,cluster_1
cell_272,14.1381,7.7574,cluster_1
cell_2720,12.9425,9.8713,cluster_2
cell_2721,8.0218,3.1318,cluster_8
cell_2722,1.8037,11.3953,cluster_5
cell_2723,15.5759,6.2118,cluster_1
cell_2724,14.7344,6.8851,cluster_1
cell_2725,-1.3228,6.0588,cluster_3
cell_2726,2.9902,-1.1197,cluster_4
cell_2727,1.8587,6.8419,cluster_3
cell_2728,2.1900,9.9255,cluster_5
cell_2729,14.6835,11.3966,cluster_2
cell_273,16.1789,6.5778,cluster_1
cell_2730,12.8478,10.4967,cluster_2
cell_2731,13.8055,8.3775,cluster_1
cell_2732,-1.2287,7.4094,cluster_3
cell_2733,14.4719,6.6994,cluster_1
cell_2734,7.3917,6.2737,cluster_1
cell_2735,14.4498,9.0736,cluster_2
cell_2736,15.9797,6.9226,cluster_1
cell_2737,14.2794,7.5823,cluster_1
cell_2738,3.0876,0.9589,cluster_4
cell_2739,3.9877,11.7597,cluster_5
cell_274,14.1408,10.4467,cluster_2
cell_2740,10.0802,3.0124,cluster_8
cell_2741,14.5699,6.9750,cluster_1
cell_2742,15.3815,8.9559,cluster_1
cell_2743,9.4335,2.7313,cluster_8
cell_2744,6.2557,3.8748,cluster_8
cell_2745,5.7638,3.8755,cluster_8
cell_2746,9.3038,3.1358,cluster_8
cell_2747,8.8424,2.8891,cluster_8
cell_2748,2.8370,4.7220,cluster_6
cell_2749,3.1212,3.9750,cluster_6
cell_275,14.5883,8.6655,cluster_1
cell_2750,12.9980,7.4092,cluster_1
cell_2751,15.5923,6.8021,cluster_1
cell_2752,14.2077,7.5882,cluster_1
cell_2753,15.7713,9.2538,cluster_1
cell_2754,9.7045,2.8738,cluster_8
cell_2755,2.3413,3.8202,cluster_5
cell_2756,15.3580,6.9944,cluster_1
cell_2757,-1.4383,6.6597,cluster_3
cell_2758,13.4719,6.5652,cluster_2
cell_2759,16.2561,8.1551,cluster_1
cell_276,0.9941,11.1236,cluster_5
cell_2760,1.3375,6.7936,cluster_3
cell_2761,0.9962,7.0022,cluster_3
cell_2762,14.1265,7.7585,cluster_1
cell_2763,2.1877,11.7518,cluster_5
cell_2764,-1.1760,6.6501,cluster_3
cell_2765,2.5556,9.7345,cluster_5
cell_2766,15.1371,6.7082,cluster_1
cell_2767,15.0918,9.1869,cluster_2
cell_2768,3.8567,10.0685,cluster_5
cell_2769,9.8287,2.7234,cluster_8
cell_277,4.5761,4.8599,cluster_3
cell_2770,9.6237,3.5216,cluster_8
cell_2771,9.7577,3.7097,cluster_8
cell_2772,2.6332,-0.7944,cluster_4
cell_2773,1.7271,10.2741,cluster_5
cell_2774,8.7066,3.1790,cluster_8
cell_2775,-0.8726,7.3459,cluster_3
cell_2776,1.1879,11.8032,cluster_5
cell_2777,14.2650,5.6803,cluster_1
cell_2778,15.5879,8.3884,cluster_2
cell_2779,3.0152,11.8225,cluster_5
cell_278,1.8846,11.6835,cluster_5
cell_2780,-0.9822,6.4419,cluster_3
cell_2781,-0.3741,5.9592,cluster_3
cell_2782,-0.1948,6.5988,cluster_3
cell_2783,15.6841,9.2323,cluster_2
cell_2784,12.8839,9.6624,cluster_2
cell_2785,3.5015,4.1071,cluster_5
cell_2786,3.8454,3.9096,cluster_6
cell_2787,15.2900,6.3227,cluster_1
cell_2788,2.8855,3.1619,cluster_6
cell_2789,7.4015,3.3475,cluster_8
cell_279,14.4502,7.7248,cluster_1
cell_2790,2.8170,12.5300,cluster_5
cell_2791,15.2758,8.1333,cluster_1
cell_2792,11.3985,5.2368,cluster_3
cell_2793,3.1133,2.0018,cluster_6
cell_2794,3.6133,4.9705,cluster_6
cell_2795,3.5236,-1.0427,cluster_4
cell_2796,10.0343,3.5959,cluster_8
cell_2797,7.7468,6.8554,cluster_3
cell_2798,9.4782,2.5023,cluster_8
cell_2799,9.4295,3.6933,cluster_8
cell_28,0.9805,10.7234,cluster_5
cell_280,0.9874,11.8705,cluster_5
cell_2800,13.1345,8.0429,cluster_1
cell_2801,10.4577,7.7815,cluster_3
cell_2802,9.2000,2.9134,cluster_8
cell_2803,2.6400,3.5184,cluster_3
cell_2804,9.4554,3.4307,cluster_8
cell_2805,9.9976,3.4098,cluster_8
cell_2806,14.5958,7.3294,cluster_1
cell_2807,12.5894,8.2627,cluster_1
cell_2808,1.5171,4.1247,cluster_6
cell_2809,3.5808,-0.8935,cluster_4
cell_281,1.0459,11.3637,cluster_5
cell_2810,13.1776,5.3652,cluster_1
cell_2811,1.3774,11.9825,cluster_5
cell_2812,1.6296,6.6197,cluster_6
cell_2813,12.2292,7.2170,cluster_1
cell_2814,9.7439,2.8031,cluster_2
cell_2815,12.3799,7.6699,cluster_1
cell_2816,3.7580,-0.9413,cluster_4
cell_2817,2.4022,-0.4246,cluster_4
cell_2818,3.1554,12.0184,cluster_5
cell_2819,13.5032,6.9692,cluster_1
cell_282,-0.9089,8.3901,cluster_3
cell_2820,2.8656,3.9190,cluster_6
cell_2821,14.5369,9.7380,cluster_2
cell_2822,1.3570,10.8598,cluster_5
cell_2823,13.7623,7.4813,cluster_1
cell_2824,15.8802,6.7205,cluster_1
cell_2825,-0.5974,7.5035,cluster_3
cell_2826,13.5429,5.8754,cluster_1
cell_2827,1.4724,2.7703,cluster_6
cell_2828,9.2220,3.2413,cluster_8
cell_2829,4.2650,-0.4006,cluster_4
cell_283,1.2609,12.2456,cluster_5
cell_2830,1.3793,10.6266,cluster_5
cell_2831,13.7483,10.6732,cluster_2
cell_2832,-0.6284,8.2511,cluster_3
cell_2833,0.7102,11.5018,cluster_5
cell_2834,8.8422,2.9796,cluster_8
cell_2835,2.8273,0.8576,cluster_4
cell_2836,-1.7380,6.4500,cluster_3
cell_2837,3.0318,4.2893,cluster_6
cell_2838,3.8865,11.2624,cluster_5
cell_2839,2.1513,1.1918,cluster_4
cell_284,-1.1598,8.0915,cluster_3
cell_2840,14.9731,9.3067,cluster_2
cell_2841,14.7084,7.2356,cluster_2
cell_2842,1.9736,2.4113,cluster_6
cell_2843,14.5340,9.8310,cluster_2
cell_2844,13.8287,8.6519,cluster_2
cell_2845,0.1971,5.9421,cluster_3
cell_2846,2.9427,12.0155,cluster_5
cell_2847,2.4910,3.9757,cluster_6
cell_2848,13.6664,9.9221,cluster_2
cell_2849,-1.1580,8.0323,cluster_3
cell_285,13.7632,9.7951,cluster_2
cell_2850,13.7869,9.9326,cluster_2
cell_2851,10.0953,3.1328,cluster_8
cell_2852,16.0559,6.9530,cluster_1
cell_2853,14.5714,8.5949,cluster_2
cell_2854,13.6341,8.4025,cluster_1
cell_2855,15.5259,7.0518,cluster_1
cell_2856,14.9236,9.1113,cluster_2
cell_2857,3.1425,12.5642,cluster_5
cell_2858,1.6688,9.7882,cluster_5
cell_2859,16.0321,7.7142,cluster_1
cell_286,15.0327,7.6707,cluster_1
cell_2860,2.4177,10.1660,cluster_5
cell_2861,2.5480,4.2484,cluster_6
cell_2862,3.4409,3.8408,cluster_6
cell_2863,4.1451,5.2967,cluster_6
cell_2864,9.7626,3.5554,cluster_8
cell_2865,15.5292,8.6045,cluster_1
cell_2866,9.6145,2.9903,cluster_8
cell_2867,2.6676,6.9393,cluster_3
cell_2868,14.0104,8.8334,cluster_1
cell_2869,15.4614,7.9323,cluster_1
cell_287,2.4534,2.8201,cluster_6
cell_2870,-0.5670,7.9846,cluster_3
cell_2871,13.7699,10.1399,cluster_2
cell_2872,8.4396,2.8826,cluster_8
cell_2873,1.3747,9.0891,cluster_5
cell_2874,11.5797,6.7339,cluster_3
cell_2875,6.8823,6.3854,cluster_2
cell_2876,-0.3943,6.3891,cluster_3
cell_2877,14.7983,6.7860,cluster_1
cell_2878,-0.4076,7.9081,cluster_3
cell_2879,13.7972,6.7216,cluster_1
cell_288,3.7560,5.2195,cluster_6
cell_2880,14.5578,9.8089,cluster_2
cell_2881,15.2486,9.4760,cluster_2
cell_2882,15.0264,9.7475,cluster_2
cell_2883,1.2625,11.2292,cluster_5
cell_2884,9.0436,3.3982,cluster_8
cell_2885,10.5475,3.4049,cluster_8
cell_2886,1.1331,12.1037,cluster_5
cell_2887,2.9997,4.4843,cluster_6
cell_2888,1.5632,10.4974,cluster_5
cell_2889,13.8901,7.1676,cluster_2
cell_289,13.3444,9.6582,cluster_2
cell_2890,1.3535,11.5150,cluster_5
cell_2891,-0.0369,6.4311,cluster_3
cell_2892,-1.4142,5.7671,cluster_3
cell_2893,11.6854,7.9218,cluster_3
cell_2894,2.7017,1.0499,cluster_4
cell_2895,10.0806,3.4804,cluster_8
cell_2896,14.1893,5.2592,cluster_1
cell_2897,1.7394,11.7770,cluster_5
cell_2898,9.6078,3.7151,cluster_8
cell_2899,6.0021,3.0168,cluster_8
cell_29,1.4875,12.0990,cluster_5
cell_290,14.1388,10.0865,cluster_2
cell_2900,9.2354,3.5963,cluster_8
cell_2901,8.1446,6.5033,cluster_5
cell_2902,10.5474,5.2030,cluster_8
cell_2903,1.2131,12.4483,cluster_5
cell_2904,8.9654,2.9792,cluster_8
cell_2905,9.6062,2.9843,cluster_8
cell_2906,8.8792,7.0273,cluster_3
cell_2907,13.3131,10.3411,cluster_2
cell_2908,15.4555,8.6881,cluster_1
cell_2909,3.6063,11.4870,cluster_5
cell_291,1.7912,10.7901,cluster_5
cell_2910,12.9903,8.0254,cluster_2
cell_2911,0.9976,10.2870,cluster_5
cell_2912,4.6649,9.6502,cluster_7
cell_2913,3.4443,-0.8712,cluster_4
cell_2914,14.6280,9.5119,cluster_2
cell_2915,3.5852,11.5156,cluster_5
cell_2916,14.1459,11.3074,cluster_2
cell_2917,2.6302,11.3330,cluster_5
cell_2918,1.8552,9.8897,cluster_5
cell_2919,13.1704,6.7557,cluster_1
cell_292,4.1507,0.6299,cluster_4
cell_2920,-1.2991,7.4728,cluster_3
cell_2921,6.5347,3.5694,cluster_8
cell_2922,2.5119,10.8713,cluster_5
cell_2923,13.0565,7.5746,cluster_1
cell_2924,1.2642,2.4424,cluster_6
cell_2925,14.1701,11.3338,cluster_2
cell_2926,13.7980,7.1596,cluster_1
cell_2927,-0.8912,7.9470,cluster_3
cell_2928,13.6984,10.5707,cluster_2
cell_2929,9.0699,3.1982,cluster_8
cell_293,15.9587,7.0500,cluster_1
cell_2930,13.7527,9.8438,cluster_2
cell_2931,0.9739,6.5599,cluster_6
cell_2932,16.1027,8.0758,cluster_1
cell_2933,16.1348,7.7700,cluster_1
cell_2934,9.3060,2.6052,cluster_8
cell_2935,6.5093,3.2142,cluster_8
cell_2936,10.2234,3.3855,cluster_8
cell_2937,1.9602,6.7551,cluster_3
cell_2938,15.9630,8.8656,cluster_2
cell_2939,2.7114,0.7678,cluster_4
cell_294,2.4759,6.7903,cluster_7
cell_2940,15.2732,7.9433,cluster_1
cell_2941,-0.3917,5.7078,cluster_3
cell_2942,1.3511,11.4682,cluster_5
cell_2943,10.8229,6.9207,cluster_3
cell_2944,12.4177,5.0570,cluster_8
cell_2945,0.9121,3.1740,cluster_6
cell_2946,13.6373,10.4591,cluster_2
cell_2947,2.8973,1.2639,cluster_4
cell_2948,14.1119,8.6170,cluster_2
cell_2949,14.3953,10.7254,cluster_2
cell_295,1.6056,10.3607,cluster_5
cell_2950,9.6598,7.3175,cluster_3
cell_2951,14.8606,8.1028,cluster_1
cell_2952,10.1793,3.2375,cluster_8
cell_2953,14.9325,5.1264,cluster_1
cell_2954,4.5617,-0.3380,cluster_4
cell_2955,11.1505,7.8078,cluster_3
cell_2956,13.7678,10.5657,cluster_2
cell_2957,15.9467,6.0607,cluster_1
cell_2958,2.1929,6.7129,cluster_8
cell_2959,3.2793,12.2973,cluster_5
cell_296,1.8224,3.4346,cluster_6
cell_2960,15.4311,7.7474,cluster_1
cell_2961,14.9610,10.6559,cluster_2
cell_2962,3.3564,9.9135,cluster_5
cell_2963,0.6414,11.0921,cluster_5
cell_2964,9.4770,2.9031,cluster_8
cell_2965,0.8185,2.7224,cluster_6
cell_2966,-1.1745,7.4475,cluster_3
cell_2967,14.0583,8.6247,cluster_1
cell_2968,12.7928,8.1944,cluster_2
cell_2969,14.6814,6.0938,cluster_1
cell_297,2.7507,11.4962,cluster_5
cell_2970,15.6679,7.8632,cluster_1
cell_2971,4.3294,-0.3658,cluster_4
cell_2972,-0.0133,6.1028,cluster_3
cell_2973,12.3586,6.7421,cluster_1
cell_2974,1.3327,10.1897,cluster_5
cell_2975,13.6061,9.8925,cluster_2
cell_2976,13.9074,8.4070,cluster_2
cell_2977,6.6106,3.2005,cluster_8
cell_2978,1.1387,11.0406,cluster_5
cell_2979,13.9830,6.0996,cluster_1
cell_298,1.8055,9.6584,cluster_5
cell_2980,6.2844,3.3827,cluster_8
cell_2981,13.9179,5.5597,cluster_1
cell_2982,1.7385,10.6657,cluster_5
cell_2983,15.8020,7.1644,cluster_1
cell_2984,4.0279,10.7339,cluster_5
cell_2985,3.7071,5.1969,cluster_5
cell_2986,3.9777,11.9638,cluster_5
cell_2987,1.8965,10.0908,cluster_5
cell_2988,2.8610,6.2380,cluster_3
cell_2989,6.4731,3.1333,cluster_8
cell_299,-0.2252,6.7953,cluster_3
cell_2990,9.2188,2.6763,cluster_8
cell_2991,1.6251,10.6400,cluster_5
cell_2992,2.2013,7.0054,cluster_3
cell_2993,-1.6091,6.1846,cluster_3
cell_2994,9.5271,6.8045,cluster_3
cell_2995,14.4626,6.6139,cluster_1
cell_2996,14.9573,5.4928,cluster_1
cell_2997,3.3259,12.4421,cluster_5
cell_2998,14.7570,9.5792,cluster_2
cell_2999,12.6262,10.6458,cluster_2
cell_3,4.8669,8.8257,cluster_7
cell_30,0.7371,10.8873,cluster_5
cell_300,0.7705,10.6098,cluster_5
cell_3000,0.1328,7.9221,cluster_3
cell_3001,14.6400,9.3446,cluster_1
cell_3002,3.8469,5.4699,cluster_6
cell_3003,12.5452,9.4998,cluster_2
cell_3004,15.5253,7.9491,cluster_1
cell_3005,14.0394,8.6470,cluster_2
cell_3006,15.6815,5.9074,cluster_1
cell_3007,3.5123,11.7617,cluster_5
cell_3008,2.7404,10.5808,cluster_5
cell_3009,10.1738,3.0722,cluster_8
cell_301,2.4411,3.2028,cluster_6
cell_3010,7.1835,3.2935,cluster_8
cell_3011,4.2041,0.3265,cluster_4
cell_3012,8.7992,3.0856,cluster_8
cell_3013,0.5339,8.3434,cluster_3
cell_3014,6.2694,3.3665,cluster_3
cell_3015,1.7471,11.7668,cluster_5
cell_3016,6.8604,5.8704,cluster_3
cell_3017,14.9819,10.0305,cluster_2
cell_3018,9.5298,3.1717,cluster_8
cell_3019,9.6266,3.4183,cluster_8
cell_302,15.6061,8.2401,cluster_1
cell_3020,14.9095,8.3898,cluster_1
cell_3021,14.7399,10.9840,cluster_2
cell_3022,13.8520,10.4819,cluster_2
cell_3023,13.5341,9.5862,cluster_2
cell_3024,14.3995,9.7339,cluster_2
cell_3025,13.4391,11.1438,cluster_2
cell_3026,1.8513,2.6435,cluster_6
cell_3027,11.4396,8.7259,cluster_3
cell_3028,4.3541,-0.4162,cluster_4
cell_3029,14.7826,7.9447,cluster_1
cell_303,4.3984,-0.5708,cluster_4
cell_3030,15.9994,8.5926,cluster_1
cell_3031,-1.0455,6.0090,cluster_3
cell_3032,2.4080,8.9102,cluster_5
cell_3033,13.0998,6.1957,cluster_1
cell_3034,2.9227,-0.9211,cluster_4
cell_3035,1.8025,9.0574,cluster_5
cell_3036,9.7072,3.5750,cluster_8
cell_3037,13.0691,7.5007,cluster_1
cell_3038,2.7669,11.2478,cluster_5
cell_3039,15.2872,7.5413,cluster_1
cell_304,3.0272,3.7101,cluster_6
cell_3040,12.8843,5.4304,cluster_1
cell_3041,5.6732,3.0309,cluster_8
cell_3042,13.6722,9.0387,cluster_1
cell_3043,12.1317,8.7037,cluster_2
cell_3044,13.4479,8.8828,cluster_1
cell_3045,8.9357,2.9432,cluster_8
cell_3046,0.9960,1.4325,cluster_6
cell_3047,3.2314,11.7994,cluster_5
cell_3048,9.8305,2.8210,cluster_8
cell_3049,9.7959,6.8300,cluster_1
cell_305,14.3572,7.5127,cluster_2
cell_3050,14.0315,11.2462,cluster_2
cell_3051,3.6209,12.4048,cluster_5
cell_3052,0.5942,5.9921,cluster_3
cell_3053,9.8096,3.6422,cluster_1
cell_3054,15.6703,8.3872,cluster_2
cell_3055,9.2174,3.4551,cluster_8
cell_3056,13.3323,9.0340,cluster_2
cell_3057,13.0892,7.9883,cluster_2
cell_3058,2.9423,11.8764,cluster_5
cell_3059,16.0733,8.8662,cluster_1
cell_306,0.5266,11.7091,cluster_5
cell_3060,7.3997,6.7986,cluster_5
cell_3061,0.8365,2.8370,cluster_6
cell_3062,12.7765,10.5149,cluster_2
cell_3063,3.3439,9.8397,cluster_5
cell_3064,14.8257,8.3463,cluster_1
cell_3065,1.7265,3.5917,cluster_6
cell_3066,10.0646,3.0639,cluster_8
cell_3067,9.3685,3.3319,cluster_8
cell_3068,-1.0837,7.5985,cluster_3
cell_3069,1.6940,10.5506,cluster_5
cell_307,2.0787,10.1518,cluster_5
cell_3070,12.7788,7.4522,cluster_1
cell_3071,1.5809,9.8439,cluster_3
cell_3072,12.7053,9.3824,cluster_2
cell_3073,8.7111,3.3329,cluster_8
cell_3074,-0.0140,7.9801,cluster_3
cell_3075,0.5014,6.2984,cluster_3
cell_3076,14.7705,6.7234,cluster_1
cell_3077,2.8926,6.5370,cluster_3
cell_3078,15.8719,9.7721,cluster_2
cell_3079,3.5304,1.4320,cluster_4
cell_308,4.6639,-0.0871,cluster_4
cell_3080,1.4466,7.0648,cluster_3
cell_3081,12.8908,10.0136,cluster_2
cell_3082,12.7273,8.8845,cluster_2
cell_3083,2.8890,3.5514,cluster_6
cell_3084,2.3853,3.7263,cluster_6
cell_3085,0.7421,6.8572,cluster_3
cell_3086,15.3353,7.4288,cluster_1
cell_3087,1.9353,7.1208,cluster_3
cell_3088,14.8875,7.7818,cluster_2
cell_3089,7.3876,6.8976,cluster_3
cell_309,12.3195,9.2674,cluster_2
cell_3090,8.5050,3.0980,cluster_8
cell_3091,6.4760,3.4151,cluster_8
cell_3092,14.3327,9.0644,cluster_2
cell_3093,3.9430,10.8108,cluster_5
cell_3094,12.9581,11.3373,cluster_2
cell_3095,-0.6536,6.2450,cluster_3
cell_3096,15.3391,7.4975,cluster_1
cell_3097,3.6698,11.9676,cluster_5
cell_3098,6.0810,4.1795,cluster_8
cell_3099,13.6359,9.9682,cluster_2
cell_31,1.9949,11.8002,cluster_5
cell_310,0.9913,11.3031,cluster_5
cell_3100,14.7970,8.5500,cluster_1
cell_3101,4.9281,9.5980,cluster_7
cell_3102,12.0972,8.7540,cluster_2
cell_3103,13.4379,8.8798,cluster_2
cell_3104,14.9566,6.6870,cluster_1
cell_3105,13.3569,6.9218,cluster_1
cell_3106,12.8465,8.8099,cluster_2
cell_3107,15.5293,10.0591,cluster_2
cell_3108,12.4398,5.7771,cluster_1
cell_3109,13.3190,10.8319,cluster_2
cell_311,10.9760,7.3697,cluster_4
cell_3110,3.2723,10.8073,cluster_5
cell_3111,3.2797,1.7026,cluster_6
cell_3112,1.4464,6.3190,cluster_3
cell_3113,2.5801,3.5494,cluster_6
cell_3114,12.6611,6.1739,cluster_1
cell_3115,13.0367,10.7815,cluster_2
cell_3116,1.9445,11.4702,cluster_5
cell_3117,1.9028,6.7845,cluster_3
cell_3118,1.1669,3.4868,cluster_6
cell_3119,2.1963,8.8565,cluster_5
cell_312,0.2095,7.1781,cluster_3
cell_3120,12.8792,9.2448,cluster_8
cell_3121,2.1859,9.1189,cluster_5
cell_3122,-0.5698,6.5244,cluster_3
cell_3123,3.3503,9.5789,cluster_5
cell_3124,14.2131,8.9416,cluster_2
cell_3125,14.5802,7.7303,cluster_2
cell_3126,15.4178,9.0685,cluster_1
cell_3127,-1.2432,7.3891,cluster_3
cell_3128,12.8345,10.0782,cluster_2
cell_3129,13.3786,6.3761,cluster_1
cell_313,4.9828,9.0286,cluster_7
cell_3130,1.9623,9.7122,cluster_5
cell_3131,0.9097,11.8441,cluster_5
cell_3132,14.9373,8.8740,cluster_2
cell_3133,-1.1075,6.5854,cluster_3
cell_3134,14.7590,6.9185,cluster_1
cell_3135,10.0191,3.8837,cluster_8
cell_3136,13.0882,7.8583,cluster_1
cell_3137,-0.7456,7.0035,cluster_3
cell_3138,4.7082,8.8677,cluster_7
cell_3139,2.1059,4.2796,cluster_6
cell_314,-1.2197,7.7707,cluster_3
cell_3140,-1.4317,7.0193,cluster_3
cell_3141,-1.2508,7.6408,cluster_3
cell_3142,14.0196,11.4008,cluster_2
cell_3143,9.8964,6.8770,cluster_1
cell_3144,-0.7304,7.6274,cluster_3
cell_3145,2.6359,11.2486,cluster_5
cell_3146,13.0452,5.4244,cluster_1
cell_3147,13.3346,10.0740,cluster_2
cell_3148,12.1822,7.9978,cluster_2
cell_3149,13.5867,5.5146,cluster_1
cell_315,15.4447,6.6572,cluster_1
cell_3150,8.6697,5.9912,cluster_3
cell_3151,0.7927,6.1699,cluster_3
cell_3152,0.9806,6.7119,cluster_3
cell_3153,15.2099,11.0384,cluster_2
cell_3154,8.1189,6.6821,cluster_3
cell_3155,3.4483,11.1486,cluster_5
cell_3156,10.0821,6.9840,cluster_2
cell_3157,0.5672,5.9173,cluster_3
cell_3158,12.5058,9.8881,cluster_2
cell_3159,10.0169,3.5420,cluster_8
cell_316,15.8066,5.5952,cluster_1
cell_3160,14.0682,6.9025,cluster_1
cell_3161,14.3842,6.6488,cluster_1
cell_3162,3.6824,11.9377,cluster_5
cell_3163,14.8297,10.5500,cluster_2
cell_3164,1.1579,11.0287,cluster_5
cell_3165,6.6464,3.2783,cluster_8
cell_3166,0.6795,2.6674,cluster_6
cell_3167,-0.3375,8.1493,cluster_3
cell_3168,3.2418,10.8227,cluster_5
cell_3169,15.8460,8.4932,cluster_1
cell_317,14.0169,8.4000,cluster_2
cell_3170,3.3983,11.0381,cluster_5
cell_3171,9.5232,2.6160,cluster_8
cell_3172,13.5082,10.5296,cluster_2
cell_3173,1.2807,2.2913,cluster_6
cell_3174,2.5750,3.3187,cluster_6
cell_3175,12.7070,5.3400,cluster_1
cell_3176,14.9080,11.0157,cluster_2
cell_3177,2.7543,10.9297,cluster_5
cell_3178,4.6867,3.4355,cluster_8
cell_3179,-0.7438,5.6877,cluster_3
cell_318,-0.0962,7.2993,cluster_3
cell_3180,2.3965,11.3204,cluster_5
cell_3181,13.3171,11.4613,cluster_2
cell_3182,1.4864,9.9221,cluster_5
cell_3183,1.5575,2.6093,cluster_6
cell_3184,2.3931,11.5783,cluster_5
cell_3185,13.3355,6.7181,cluster_1
cell_3186,3.4016,11.8161,cluster_5
cell_3187,14.0638,6.7828,cluster_1
cell_3188,13.6605,7.7961,cluster_2
cell_3189,2.3439,11.8598,cluster_5
cell_319,0.2104,11.1473,cluster_5
cell_3190,10.0847,7.4104,cluster_3
cell_3191,1.0911,9.4754,cluster_5
cell_3192,1.6730,3.3865,cluster_6
cell_3193,14.1002,9.2998,cluster_1
cell_3194,16.1306,7.2775,cluster_1
cell_3195,14.0667,7.2826,cluster_1
cell_3196,0.5189,10.9885,cluster_5
cell_3197,14.4997,8.5979,cluster_2
cell_3198,4.9453,9.1011,cluster_7
cell_3199,6.4962,3.5555,cluster_8
cell_32,0.9940,6.7981,cluster_3
cell_320,4.1679,2.9003,cluster_6
cell_3200,15.7577,7.0811,cluster_1
cell_3201,2.3082,9.4747,cluster_5
cell_3202,0.6908,6.7997,cluster_3
cell_3203,14.2194,7.8021,cluster_1
cell_3204,14.1502,10.1847,cluster_2
cell_3205,3.7854,10.6624,cluster_5
cell_3206,-1.2171,7.7709,cluster_3
cell_3207,3.2741,10.3990,cluster_5
cell_3208,4.0727,12.3724,cluster_5
cell_3209,14.3686,11.3289,cluster_2
cell_321,6.8077,5.5672,cluster_4
cell_3210,14.5722,9.4279,cluster_2
cell_3211,2.2787,3.3933,cluster_6
cell_3212,15.6424,8.8644,cluster_1
cell_3213,13.5163,7.0159,cluster_1
cell_3214,7.3960,6.1276,cluster_3
cell_3215,0.5823,10.5098,cluster_5
cell_3216,2.4808,10.6905,cluster_3
cell_3217,14.9623,10.2671,cluster_2
cell_3218,11.9885,9.0336,cluster_2
cell_3219,3.5281,3.7581,cluster_6
cell_322,3.6809,-1.1968,cluster_4
cell_3220,9.5754,6.7987,cluster_3
cell_3221,14.7941,6.5810,cluster_1
cell_3222,2.6726,6.4787,cluster_1
cell_3223,8.8197,3.1159,cluster_8
cell_3224,3.5863,4.3325,cluster_6
cell_3225,3.4599,-0.2699,cluster_4
cell_3226,15.8126,8.1923,cluster_2
cell_3227,9.6379,2.5905,cluster_8
cell_3228,-0.3257,6.9950,cluster_3
cell_3229,13.3453,7.5763,cluster_1
cell_323,13.8245,10.6988,cluster_2
cell_3230,13.1431,11.3805,cluster_2
cell_3231,1.7770,1.5571,cluster_6
cell_3232,3.4116,3.7570,cluster_6
cell_3233,-1.2343,7.1950,cluster_3
cell_3234,2.9520,-0.2528,cluster_4
cell_3235,3.7035,4.3523,cluster_6
cell_3236,3.0568,5.3286,cluster_5
cell_3237,13.5879,6.8768,cluster_1
cell_3238,14.3943,7.3597,cluster_1
cell_3239,3.7217,11.9239,cluster_5
cell_324,4.5781,9.6084,cluster_7
cell_3240,6.3391,3.4190,cluster_8
cell_3241,13.6288,6.8213,cluster_1
cell_3242,3.2368,3.4654,cluster_6
cell_3243,1.4115,6.6722,cluster_3
cell_3244,14.6718,8.4235,cluster_2
cell_3245,3.2447,4.7013,cluster_6
cell_3246,13.7345,8.2146,cluster_2
cell_3247,-1.2267,7.3956,cluster_3
cell_3248,3.1931,10.9271,cluster_5
cell_3249,13.4034,7.2588,cluster_1
cell_325,11.4190,7.3952,cluster_4
cell_3250,13.2457,10.1962,cluster_2
cell_3251,13.3794,11.3810,cluster_2
cell_3252,13.3046,6.2489,cluster_1
cell_3253,3.7878,3.7739,cluster_6
cell_3254,9.4316,6.9494,cluster_3
cell_3255,6.5046,6.4614,cluster_3
cell_3256,12.9643,7.0166,cluster_1
cell_3257,1.0230,2.3585,cluster_6
cell_3258,1.4163,10.9914,cluster_5
cell_3259,0.3107,3.9603,cluster_6
cell_326,3.0176,4.6437,cluster_6
cell_3260,13.5207,11.3162,cluster_2
cell_3261,15.4578,5.3738,cluster_1
cell_3262,15.3340,6.7056,cluster_1
cell_3263,12.2646,9.2365,cluster_1
cell_3264,12.6380,6.3700,cluster_1
cell_3265,1.5200,6.8254,cluster_3
cell_3266,14.1066,10.0279,cluster_2
cell_3267,-0.4634,6.8144,cluster_3
cell_3268,2.8014,-0.2239,cluster_4
cell_3269,4.8485,9.4521,cluster_7
cell_327,4.6508,-0.6267,cluster_4
cell_3270,9.6150,3.3111,cluster_8
cell_3271,3.1334,4.0179,cluster_6
cell_3272,14.3385,11.7236,cluster_2
cell_3273,1.7189,2.3597,cluster_6
cell_3274,4.3307,-0.0299,cluster_4
cell_3275,8.9629,2.9675,cluster_8
cell_3276,8.0353,7.0778,cluster_1
cell_3277,3.9074,7.1077,cluster_3
cell_3278,13.5025,7.3784,cluster_1
cell_3279,-0.4897,5.5022,cluster_3
cell_328,4.2264,-0.3053,cluster_4
cell_3280,8.9067,3.3743,cluster_8
cell_3281,12.0964,6.3753,cluster_1
cell_3282,2.6270,3.8440,cluster_6
cell_3283,13.9213,9.0154,cluster_2
cell_3284,15.0117,7.1069,cluster_1
cell_3285,-1.0373,5.9755,cluster_3
cell_3286,15.5481,9.2478,cluster_2
cell_3287,2.7336,9.9331,cluster_5
cell_3288,3.7926,3.7627,cluster_6
cell_3289,7.3213,6.5777,cluster_2
cell_329,12.9553,9.3608,cluster_2
cell_3290,14.4382,7.6269,cluster_2
cell_3291,1.5321,10.2026,cluster_5
cell_3292,2.8621,4.4187,cluster_6
cell_3293,14.7142,6.1098,cluster_1
cell_3294,3.5576,3.6534,cluster_6
cell_3295,3.5741,10.8547,cluster_5
cell_3296,13.7304,9.4426,cluster_2
cell_3297,3.2294,11.5499,cluster_5
cell_3298,13.7274,9.8612,cluster_2
cell_3299,13.6788,8.0935,cluster_2
cell_33,2.4181,10.7077,cluster_5
cell_330,3.7313,2.2419,cluster_6
cell_3300,-1.1844,7.9664,cluster_3
cell_3301,1.1277,7.1675,cluster_3
cell_3302,3.4172,10.5942,cluster_5
cell_3303,3.2438,1.9790,cluster_6
cell_3304,14.8726,6.7448,cluster_1
cell_3305,13.8275,9.6969,cluster_2
cell_3306,15.8160,6.8002,cluster_1
cell_3307,15.3631,6.3640,cluster_1
cell_3308,2.7551,10.5438,cluster_5
cell_3309,16.1312,6.7780,cluster_1
cell_331,1.0626,7.0591,cluster_3
cell_3310,3.1044,11.9630,cluster_5
cell_3311,14.2172,10.0195,cluster_2
cell_3312,0.1288,6.8557,cluster_5
cell_3313,9.3767,6.7363,cluster_3
cell_3314,2.6239,11.9649,cluster_5
cell_3315,13.4542,7.5552,cluster_2
cell_3316,3.2191,4.3970,cluster_6
cell_3317,12.6280,7.7222,cluster_1
cell_3318,1.6951,4.0186,cluster_6
cell_3319,-0.4980,8.1941,cluster_3
cell_332,3.1271,10.9200,cluster_5
cell_3320,-1.1398,7.1043,cluster_3
cell_3321,1.2830,11.2276,cluster_5
cell_3322,14.5164,5.9037,cluster_1
cell_3323,1.6901,9.4294,cluster_5
cell_3324,3.5346,12.3694,cluster_5
cell_3325,1.0326,7.1460,cluster_3
cell_3326,2.8323,10.0706,cluster_7
cell_3327,14.3261,6.8343,cluster_1
cell_3328,11.6879,6.4845,cluster_1
cell_3329,15.2327,7.4443,cluster_1
cell_333,3.4903,3.5845,cluster_6
cell_3330,2.0329,10.3551,cluster_5
cell_3331,13.4049,8.7858,cluster_2
cell_3332,13.6670,9.6695,cluster_2
cell_3333,14.0691,10.8358,cluster_2
cell_3334,2.6386,-0.4916,cluster_4
cell_3335,3.4240,3.6909,cluster_6
cell_3336,4.7681,9.1085,cluster_7
cell_3337,5.0847,9.3093,cluster_7
cell_3338,-0.6212,7.9753,cluster_3
cell_3339,-0.5220,7.6476,cluster_3
cell_334,1.2345,1.9190,cluster_6
cell_3340,12.5557,10.2667,cluster_2
cell_3341,3.9423,11.1686,cluster_5
cell_3342,12.9717,9.5303,cluster_2
cell_3343,3.3760,11.3055,cluster_5
cell_3344,13.0041,8.6297,cluster_2
cell_3345,13.0449,7.2859,cluster_1
cell_3346,4.8536,9.5318,cluster_7
cell_3347,13.2066,6.4175,cluster_1
cell_3348,3.3196,10.3930,cluster_5
cell_3349,4.9054,8.9721,cluster_7
cell_335,1.8619,11.3318,cluster_5
cell_3350,13.8846,9.6676,cluster_2
cell_3351,0.1792,7.2767,cluster_3
cell_3352,0.0387,6.3588,cluster_3
cell_3353,3.6803,-0.2757,cluster_4
cell_3354,0.7361,10.2385,cluster_5
cell_3355,3.9207,-0.9192,cluster_4
cell_3356,2.4474,11.7486,cluster_5
cell_3357,13.7139,10.4848,cluster_2
cell_3358,14.3157,6.4118,cluster_1
cell_3359,15.2844,10.9284,cluster_2
cell_336,4.1292,-0.5130,cluster_4
cell_3360,3.8015,0.1729,cluster_4
cell_3361,11.4284,6.2031,cluster_1
cell_3362,15.6363,6.3045,cluster_1
cell_3363,1.9503,9.9386,cluster_5
cell_3364,3.0731,0.3152,cluster_4
cell_3365,13.5249,6.9534,cluster_1
cell_3366,3.1480,10.1402,cluster_5
cell_3367,4.4384,1.2491,cluster_4
cell_3368,1.4572,1.9168,cluster_6
cell_3369,14.3350,8.6002,cluster_2
cell_337,2.2046,4.1625,cluster_6
cell_3370,1.4516,6.8861,cluster_3
cell_3371,2.3319,9.3065,cluster_5
cell_3372,-1.3877,7.0254,cluster_3
cell_3373,3.0485,10.1467,cluster_5
cell_3374,15.5678,7.0866,cluster_1
cell_3375,7.0561,6.3934,cluster_3
cell_3376,14.3246,11.6744,cluster_2
cell_3377,15.4912,6.1321,cluster_1
cell_3378,15.0820,7.3307,cluster_1
cell_3379,1.6628,6.7966,cluster_3
cell_338,13.6153,10.9431,cluster_2
cell_3380,3.0177,11.7269,cluster_5
cell_3381,2.7801,4.0929,cluster_6
cell_3382,8.7748,6.8701,cluster_3
cell_3383,-1.2339,7.5905,cluster_3
cell_3384,1.0509,12.4813,cluster_5
cell_3385,2.9961,11.5030,cluster_5
cell_3386,-0.9225,7.3708,cluster_3
cell_3387,0.7380,1.7297,cluster_6
cell_3388,14.1009,7.5534,cluster_1
cell_3389,13.6810,11.0902,cluster_2
cell_339,1.8585,3.6113,cluster_6
cell_3390,3.1515,12.2311,cluster_5
cell_3391,2.8579,-0.2827,cluster_4
cell_3392,14.5005,8.9402,cluster_1
cell_3393,3.3412,12.5192,cluster_5
cell_3394,15.7439,9.0963,cluster_2
cell_3395,9.7491,7.9078,cluster_2
cell_3396,14.3185,6.6583,cluster_1
cell_3397,1.2236,6.2771,cluster_3
cell_3398,1.1563,8.4532,cluster_7
cell_3399,14.8606,8.3804,cluster_2
cell_34,1.6346,3.9894,cluster_6
cell_340,12.3925,8.0991,cluster_3
cell_3400,12.4888,10.1097,cluster_2
cell_3401,1.1134,10.5338,cluster_5
cell_3402,2.5574,9.2150,cluster_5
cell_3403,3.3667,3.7391,cluster_6
cell_3404,13.7225,10.5364,cluster_2
cell_3405,14.2649,5.4573,cluster_1
cell_3406,11.7300,9.1879,cluster_2
cell_3407,13.2571,10.9647,cluster_2
cell_3408,13.3108,9.3074,cluster_2
cell_3409,15.0289,9.6226,cluster_2
cell_341,14.3419,6.9322,cluster_1
cell_3410,0.5674,11.2369,cluster_5
cell_3411,1.0087,10.8545,cluster_5
cell_3412,14.6813,6.0379,cluster_1
cell_3413,0.8795,3.6998,cluster_6
cell_3414,0.1809,6.1922,cluster_3
cell_3415,3.4154,10.5527,cluster_5
cell_3416,13.0402,8.5366,cluster_1
cell_3417,1.1397,3.6106,cluster_6
cell_3418,15.0613,8.7437,cluster_1
cell_3419,13.1026,10.1298,cluster_2
cell_342,11.4299,6.0271,cluster_1
cell_3420,13.8729,9.2770,cluster_2
cell_3421,14.4670,6.6710,cluster_1
cell_3422,2.4014,0.4581,cluster_4
cell_3423,-0.7373,7.0567,cluster_3
cell_3424,2.3768,3.7899,cluster_4
cell_3425,3.0091,12.1223,cluster_5
cell_3426,12.5826,9.0876,cluster_2
cell_3427,2.9220,-0.3288,cluster_4
cell_3428,14.0376,5.3243,cluster_1
cell_3429,13.1236,11.2155,cluster_2
cell_343,0.4094,8.2466,cluster_3
cell_3430,14.0713,11.9027,cluster_2
cell_3431,1.3052,1.9809,cluster_6
cell_3432,15.6409,6.8136,cluster_1
cell_3433,1.4355,3.8493,cluster_6
cell_3434,3.5488,11.2977,cluster_5
cell_3435,14.5669,5.5392,cluster_1
cell_3436,13.0179,11.1474,cluster_2
cell_3437,15.9216,8.9188,cluster_2
cell_3438,0.5187,9.9830,cluster_5
cell_3439,12.8722,9.2856,cluster_2
cell_344,1.7448,9.4353,cluster_5
cell_3440,12.3917,9.1415,cluster_2
cell_3441,3.0652,10.2808,cluster_5
cell_3442,10.7614,7.6996,cluster_5
cell_3443,12.7644,9.3240,cluster_2
cell_3444,12.2976,9.0813,cluster_2
cell_3445,14.5834,9.2059,cluster_2
cell_3446,15.2738,9.8246,cluster_2
cell_3447,12.9098,10.2690,cluster_2
cell_3448,-1.1552,7.0616,cluster_3
cell_3449,12.0752,5.7713,cluster_1
cell_345,3.2445,1.5178,cluster_4
cell_3450,13.8186,7.5452,cluster_1
cell_3451,10.6629,7.2845,cluster_1
cell_3452,9.1956,7.0010,cluster_3
cell_3453,1.7897,2.4527,cluster_6
cell_3454,13.4064,10.3799,cluster_2
cell_3455,1.5837,3.5351,cluster_6
cell_3456,3.3597,10.6724,cluster_5
cell_3457,2.2067,2.6666,cluster_6
cell_3458,14.9697,7.3555,cluster_1
cell_3459,14.0281,11.3492,cluster_2
cell_346,3.9360,11.7731,cluster_5
cell_3460,-1.7544,6.2935,cluster_3
cell_3461,2.2115,3.2218,cluster_6
cell_3462,-0.9470,7.6914,cluster_3
cell_3463,3.1842,11.8044,cluster_5
cell_3464,10.1663,7.0402,cluster_3
cell_3465,13.7716,10.9535,cluster_2
cell_3466,4.0500,11.5524,cluster_5
cell_3467,3.2334,11.6877,cluster_5
cell_3468,4.7021,9.3880,cluster_7
cell_3469,4.0493,12.0018,cluster_5
cell_347,0.7454,11.2025,cluster_5
cell_3470,13.8165,8.3960,cluster_2
cell_3471,4.0913,11.7312,cluster_5
cell_3472,-0.0703,8.0592,cluster_3
cell_3473,1.6050,9.9859,cluster_5
cell_3474,15.6082,8.1141,cluster_1
cell_3475,15.4706,5.9450,cluster_1
cell_3476,3.1806,4.6328,cluster_6
cell_3477,5.0727,9.1778,cluster_7
cell_3478,2.6054,8.8609,cluster_7
cell_3479,1.9562,10.6708,cluster_5
cell_348,-1.6576,6.0080,cluster_3
cell_3480,-0.9999,7.5461,cluster_3
cell_3481,11.3302,8.2043,cluster_2
cell_3482,11.3791,6.2281,cluster_1
cell_3483,3.7199,11.6616,cluster_5
cell_3484,13.8342,5.0933,cluster_1
cell_3485,1.5465,10.4600,cluster_5
cell_3486,12.4613,9.7245,cluster_2
cell_3487,-1.7162,6.3537,cluster_3
cell_3488,14.3258,9.5549,cluster_2
cell_3489,15.7897,5.9737,cluster_1
cell_349,1.1973,10.2100,cluster_5
cell_3490,2.2279,7.1739,cluster_6
cell_3491,1.8373,7.0069,cluster_3
cell_3492,-1.0468,8.3072,cluster_3
cell_3493,14.0871,8.3067,cluster_1
cell_3494,15.1638,9.3576,cluster_1
cell_3495,10.9591,8.0842,cluster_2
cell_3496,-0.1202,8.0991,cluster_3
cell_3497,14.4754,7.5859,cluster_1
cell_3498,-1.3905,6.2918,cluster_3
cell_3499,4.2851,12.3316,cluster_5
cell_35,1.4763,10.7210,cluster_5
cell_350,0.8035,11.5559,cluster_5
cell_3500,4.2165,4.0995,cluster_3
cell_3501,1.6596,11.8110,cluster_5
cell_3502,-1.1546,6.4428,cluster_3
cell_3503,12.7938,10.7583,cluster_2
cell_3504,2.5227,2.9648,cluster_6
cell_3505,2.0556,10.4500,cluster_5
cell_3506,2.6052,11.9127,cluster_5
cell_3507,15.1247,7.5012,cluster_1
cell_3508,0.3184,7.6908,cluster_3
cell_3509,13.0417,9.7942,cluster_2
cell_351,4.6439,-0.1848,cluster_4
cell_3510,4.7997,9.6612,cluster_7
cell_3511,1.2593,1.7910,cluster_6
cell_3512,2.9739,-0.4554,cluster_4
cell_3513,14.4232,9.5228,cluster_2
cell_3514,1.3959,4.0447,cluster_6
cell_3515,4.8110,9.7627,cluster_7
cell_3516,0.8713,2.2023,cluster_6
cell_3517,1.3661,6.2721,cluster_3
cell_3518,11.7907,6.4356,cluster_3
cell_3519,-0.7555,7.5961,cluster_3
cell_352,15.2760,7.2455,cluster_1
cell_3520,14.5873,10.0594,cluster_2
cell_3521,5.2601,9.3581,cluster_7
cell_3522,12.8974,6.3129,cluster_1
cell_3523,2.5249,9.0691,cluster_5
cell_3524,-0.0273,7.1342,cluster_3
cell_3525,14.7974,7.0975,cluster_2
cell_3526,13.5250,10.3186,cluster_2
cell_3527,3.8611,7.6589,cluster_5
cell_3528,14.9198,6.4989,cluster_1
cell_3529,-0.4562,8.2404,cluster_3
cell_353,1.1971,10.9956,cluster_5
cell_3530,14.5154,6.8974,cluster_1
cell_3531,2.0568,11.1832,cluster_5
cell_3532,13.9056,5.8154,cluster_1
cell_3533,14.2112,8.2265,cluster_1
cell_3534,2.8148,12.4304,cluster_5
cell_3535,12.0952,7.7045,cluster_2
cell_3536,1.1451,2.4633,cluster_6
cell_3537,15.7546,9.6660,cluster_2
cell_3538,-1.2086,7.6473,cluster_3
cell_3539,-0.9199,7.8662,cluster_3
cell_354,1.7248,10.4904,cluster_5
cell_3540,2.5767,10.0788,cluster_5
cell_3541,0.2701,11.5564,cluster_5
cell_3542,14.3682,7.3263,cluster_1
cell_3543,15.3342,8.9161,cluster_1
cell_3544,14.6446,8.9752,cluster_2
cell_3545,1.7002,3.4167,cluster_6
cell_3546,14.3781,8.4551,cluster_1
cell_3547,15.6559,8.9720,cluster_2
cell_3548,15.5960,8.0040,cluster_1
cell_3549,12.8927,10.5517,cluster_2
cell_355,2.0108,12.2540,cluster_5
cell_3550,15.8886,5.8588,cluster_1
cell_3551,2.8954,4.1869,cluster_6
cell_3552,1.2125,2.4325,cluster_6
cell_3553,4.2314,8.6621,cluster_7
cell_3554,13.6699,6.1035,cluster_1
cell_3555,9.5539,7.3723,cluster_3
cell_3556,3.4270,5.0107,cluster_6
cell_3557,0.4644,10.8509,cluster_5
cell_3558,15.1021,6.6550,cluster_1
cell_3559,14.4371,7.9589,cluster_2
cell_356,2.2072,4.6831,cluster_6
cell_3560,12.4746,7.1194,cluster_1
cell_3561,0.9037,2.5181,cluster_6
cell_3562,12.7423,10.2367,cluster_2
cell_3563,14.5565,10.2670,cluster_2
cell_3564,14.2706,7.5804,cluster_1
cell_3565,15.5675,6.2558,cluster_1
cell_3566,13.6401,6.6680,cluster_1
cell_3567,13.4287,8.8713,cluster_2
cell_3568,4.7153,9.6101,cluster_7
cell_3569,15.5863,7.5683,cluster_1
cell_357,14.3199,10.4211,cluster_2
cell_3570,16.0238,8.8295,cluster_2
cell_3571,2.5673,11.4899,cluster_5
cell_3572,0.9303,6.2402,cluster_3
cell_3573,3.1157,11.1205,cluster_5
cell_3574,-0.6183,7.7297,cluster_3
cell_3575,9.8989,6.3957,cluster_3
cell_3576,11.7639,7.1999,cluster_2
cell_3577,1.9620,7.4816,cluster_3
cell_3578,1.1839,2.2693,cluster_6
cell_3579,13.7167,5.2790,cluster_1
cell_358,2.4944,9.5913,cluster_5
cell_3580,1.8601,10.1272,cluster_5
cell_3581,-0.4154,6.5104,cluster_3
cell_3582,14.5202,7.1296,cluster_1
cell_3583,14.8660,8.3686,cluster_2
cell_3584,2.1796,10.6263,cluster_5
cell_3585,4.7511,8.7584,cluster_7
cell_3586,1.0814,7.0624,cluster_3
cell_3587,2.4913,9.6798,cluster_5
cell_3588,1.1863,3.2360,cluster_4
cell_3589,11.9967,6.0055,cluster_1
cell_359,11.0813,7.1597,cluster_4
cell_3590,14.2509,5.1373,cluster_1
cell_3591,15.9651,7.9921,cluster_2
cell_3592,13.0824,8.0182,cluster_2
cell_3593,0.3853,7.1263,cluster_3
cell_3594,2.3477,12.2131,cluster_5
cell_3595,14.0504,5.2208,cluster_1
cell_3596,11.6144,7.3126,cluster_1
cell_3597,14.7876,7.3647,cluster_1
cell_3598,1.1250,10.1684,cluster_5
cell_3599,2.7001,3.8158,cluster_6
cell_36,1.1528,3.7686,cluster_6
cell_360,1.8023,6.4888,cluster_3
cell_3600,12.7009,5.1169,cluster_1
cell_3601,4.5845,10.0955,cluster_7
cell_3602,-0.3088,7.0531,cluster_3
cell_3603,10.9315,7.5236,cluster_3
cell_3604,14.2582,10.1958,cluster_2
cell_3605,12.9361,8.9491,cluster_2
cell_3606,4.2048,0.0995,cluster_4
cell_3607,13.8263,7.3672,cluster_1
cell_3608,15.5196,6.2387,cluster_1
cell_3609,-1.1486,7.3555,cluster_3
cell_361,15.8108,7.5846,cluster_1
cell_3610,4.4944,8.7671,cluster_7
cell_3611,12.9696,8.5654,cluster_2
cell_3612,-1.4968,6.3392,cluster_3
cell_3613,1.3358,2.1464,cluster_6
cell_3614,8.4206,6.2738,cluster_3
cell_3615,0.9972,3.0237,cluster_6
cell_3616,14.5766,5.1244,cluster_1
cell_3617,1.6128,4.1424,cluster_6
cell_3618,13.5904,9.2049,cluster_1
cell_3619,1.6549,10.5935,cluster_5
cell_362,-0.8043,8.2519,cluster_3
cell_3620,-0.9135,8.2501,cluster_3
cell_3621,7.9647,6.9094,cluster_2
cell_3622,2.0481,10.2322,cluster_5
cell_3623,3.9183,10.7289,cluster_5
cell_3624,1.3347,10.7871,cluster_5
cell_3625,2.0240,3.1471,cluster_6
cell_3626,13.8886,5.6596,cluster_1
cell_3627,15.4315,9.1156,cluster_2
cell_3628,15.3429,6.8332,cluster_1
cell_3629,3.2487,12.5060,cluster_5
cell_363,2.3582,3.3913,cluster_6
cell_3630,13.9267,6.7342,cluster_1
cell_3631,13.8144,10.2002,cluster_2
cell_3632,15.7974,6.9656,cluster_1
cell_3633,0.4525,11.1439,cluster_5
cell_3634,2.9449,4.5819,cluster_6
cell_3635,13.9252,5.6979,cluster_1
cell_3636,12.4503,6.3156,cluster_1
cell_3637,9.7473,7.5336,cluster_3
cell_3638,12.9684,6.0927,cluster_1
cell_3639,1.9435,9.8794,cluster_5
cell_364,-0.8966,7.2941,cluster_3
cell_3640,1.6468,12.3771,cluster_5
cell_3641,12.8281,10.3810,cluster_2
cell_3642,14.7751,5.8787,cluster_1
cell_3643,13.7298,10.0626,cluster_2
cell_3644,-0.4652,6.7808,cluster_3
cell_3645,13.4926,11.6567,cluster_2
cell_3646,-1.6347,6.4535,cluster_3
cell_3647,12.0983,8.7029,cluster_2
cell_3648,14.9457,7.0899,cluster_1
cell_3649,15.3997,5.9899,cluster_1
cell_365,14.0505,8.0599,cluster_1
cell_3650,13.5172,8.8544,cluster_2
cell_3651,13.6071,6.4065,cluster_2
cell_3652,2.4498,6.8827,cluster_3
cell_3653,13.5018,9.8799,cluster_2
cell_3654,2.6983,11.9610,cluster_5
cell_3655,12.9405,6.8389,cluster_1
cell_3656,16.0264,7.6518,cluster_2
cell_3657,2.7724,1.4499,cluster_4
cell_3658,13.4929,7.0304,cluster_1
cell_3659,15.2826,9.2996,cluster_2
cell_366,0.7765,10.2567,cluster_5
cell_3660,15.5313,8.1427,cluster_1
cell_3661,3.1342,3.8030,cluster_6
cell_3662,14.1214,6.4796,cluster_1
cell_3663,11.8564,6.2678,cluster_2
cell_3664,3.3410,-0.2706,cluster_4
cell_3665,14.5598,9.7394,cluster_2
cell_3666,13.7483,6.4494,cluster_1
cell_3667,-1.1111,6.6875,cluster_3
cell_3668,13.0745,6.2783,cluster_1
cell_3669,2.1531,10.7005,cluster_5
cell_367,13.7444,8.2657,cluster_1
cell_3670,13.6029,6.2454,cluster_1
cell_3671,13.6994,5.4367,cluster_1
cell_3672,4.9649,9.0380,cluster_7
cell_3673,13.2531,6.7270,cluster_1
cell_3674,13.8281,11.1582,cluster_2
cell_3675,11.9242,8.9915,cluster_2
cell_3676,12.5317,6.0421,cluster_1
cell_3677,1.9242,9.3969,cluster_5
cell_3678,12.4144,9.2877,cluster_2
cell_3679,1.2519,2.6484,cluster_6
cell_368,14.5444,7.5492,cluster_2
cell_3680,2.7202,3.5258,cluster_6
cell_3681,8.2271,6.9107,cluster_2
cell_3682,3.0427,11.3923,cluster_5
cell_3683,2.7760,11.8972,cluster_5
cell_3684,14.6387,8.7074,cluster_2
cell_3685,1.1866,6.2545,cluster_3
cell_3686,3.1511,9.7326,cluster_6
cell_3687,1.8095,6.9786,cluster_5
cell_3688,1.1225,6.2822,cluster_3
cell_3689,5.1440,9.2661,cluster_7
cell_369,1.4996,11.6865,cluster_5
cell_3690,14.8518,8.0852,cluster_1
cell_3691,3.4800,5.5245,cluster_6
cell_3692,-0.3440,7.5316,cluster_3
cell_3693,0.9318,3.5005,cluster_6
cell_3694,12.5050,9.0786,cluster_2
cell_3695,14.1965,6.3726,cluster_1
cell_3696,2.6283,10.3005,cluster_5
cell_3697,14.9353,7.7446,cluster_1
cell_3698,-0.8479,6.0038,cluster_3
cell_3699,0.1883,6.3719,cluster_3
cell_37,-1.1670,7.3449,cluster_3
cell_370,11.3383,8.7053,cluster_2
cell_3700,0.9203,9.9899,cluster_3
cell_3701,8.1463,6.3127,cluster_3
cell_3702,14.1167,5.7160,cluster_1
cell_3703,13.1590,11.0591,cluster_2
cell_3704,12.4117,5.6666,cluster_3
cell_3705,12.5664,7.4501,cluster_1
cell_3706,5.1181,9.0605,cluster_7
cell_3707,12.5061,6.3735,cluster_1
cell_3708,13.1691,5.5227,cluster_1
cell_3709,14.2662,10.4888,cluster_2
cell_371,14.1471,8.4184,cluster_1
cell_3710,0.8750,10.2241,cluster_5
cell_3711,1.7164,9.4978,cluster_5
cell_3712,-0.6688,5.9343,cluster_3
cell_3713,9.6433,6.7032,cluster_3
cell_3714,13.1355,6.2882,cluster_1
cell_3715,13.0907,10.5397,cluster_1
cell_3716,2.6524,3.6589,cluster_6
cell_3717,0.5905,10.8123,cluster_5
cell_3718,13.2667,6.8160,cluster_1
cell_3719,13.1877,6.4217,cluster_1
cell_372,0.6029,10.9694,cluster_5
cell_3720,13.4034,11.0287,cluster_2
cell_3721,13.8710,9.0112,cluster_2
cell_3722,13.4809,8.8642,cluster_2
cell_3723,14.6374,7.4754,cluster_1
cell_3724,13.4379,8.9226,cluster_2
cell_3725,15.3558,6.2304,cluster_1
cell_3726,15.9758,6.8931,cluster_1
cell_3727,2.3286,3.3338,cluster_6
cell_3728,14.3959,8.8064,cluster_1
cell_3729,14.4557,7.3877,cluster_1
cell_373,3.0699,12.0760,cluster_5
cell_3730,3.3391,12.2390,cluster_5
cell_3731,5.0028,9.3136,cluster_7
cell_3732,0.4509,10.9378,cluster_5
cell_3733,1.5814,6.6466,cluster_3
cell_3734,15.7710,6.1247,cluster_1
cell_3735,14.8537,8.5396,cluster_2
cell_3736,14.8394,7.8095,cluster_1
cell_3737,2.9611,12.0930,cluster_5
cell_3738,3.1916,11.0950,cluster_5
cell_3739,3.8171,12.1608,cluster_5
cell_374,3.2782,11.8433,cluster_5
cell_3740,-1.3230,6.3288,cluster_3
cell_3741,13.0394,10.7255,cluster_2
cell_3742,3.5837,8.0512,cluster_3
cell_3743,2.1028,7.4023,cluster_3
cell_3744,13.3491,9.3338,cluster_2
cell_3745,13.8913,9.0621,cluster_2
cell_3746,1.6785,10.2259,cluster_5
cell_3747,3.5382,12.2032,cluster_5
cell_3748,13.0239,10.0632,cluster_2
cell_3749,0.9699,5.4576,cluster_3
cell_375,14.4123,8.9406,cluster_2
cell_3750,2.0346,8.8144,cluster_5
cell_3751,13.3918,6.2459,cluster_1
cell_3752,9.7560,6.9564,cluster_3
cell_3753,9.9719,7.3753,cluster_3
cell_3754,14.3991,6.4376,cluster_1
cell_3755,13.0523,6.5419,cluster_1
cell_3756,8.0742,6.9350,cluster_5
cell_3757,5.0498,9.1428,cluster_7
cell_3758,14.5953,7.1411,cluster_1
cell_3759,3.2536,11.3317,cluster_5
cell_376,2.7479,0.1424,cluster_4
cell_3760,3.6160,3.5686,cluster_6
cell_3761,13.5752,5.8779,cluster_1
cell_3762,13.9152,5.5630,cluster_1
cell_3763,13.5262,7.5340,cluster_1
cell_3764,10.3162,7.4697,cluster_5
cell_3765,6.8040,5.9172,cluster_6
cell_3766,0.8972,3.6605,cluster_5
cell_3767,2.7706,-0.8995,cluster_4
cell_3768,13.5235,9.9286,cluster_2
cell_3769,1.3936,11.8222,cluster_5
cell_377,2.4531,-0.2095,cluster_4
cell_3770,14.6966,5.3812,cluster_1
cell_3771,1.3202,2.4305,cluster_6
cell_3772,13.1167,6.0053,cluster_1
cell_3773,2.8497,2.6818,cluster_6
cell_3774,11.3900,6.2859,cluster_1
cell_3775,3.6748,11.6799,cluster_5
cell_3776,12.1903,7.5191,cluster_2
cell_3777,14.1141,9.0641,cluster_2
cell_3778,15.4409,6.2954,cluster_1
cell_3779,13.2610,7.7828,cluster_1
cell_378,2.4856,10.5197,cluster_5
cell_3780,2.4910,2.9539,cluster_6
cell_3781,14.4068,11.5751,cluster_2
cell_3782,13.4573,10.7671,cluster_2
cell_3783,13.4335,5.7402,cluster_1
cell_3784,4.9105,9.0349,cluster_7
cell_3785,13.8785,8.8435,cluster_2
cell_3786,13.4230,8.5573,cluster_1
cell_3787,13.2206,10.4284,cluster_2
cell_3788,13.1990,11.5093,cluster_2
cell_3789,10.6755,6.7262,cluster_1
cell_379,-1.3741,7.9435,cluster_3
cell_3790,2.4132,-0.3021,cluster_4
cell_3791,14.3763,10.5229,cluster_2
cell_3792,3.4580,-1.6093,cluster_4
cell_3793,-1.2430,6.1129,cluster_3
cell_3794,13.7334,7.8364,cluster_2
cell_3795,12.2243,6.0339,cluster_1
cell_3796,0.8944,10.8992,cluster_5
cell_3797,3.0200,-0.0675,cluster_4
cell_3798,0.9722,1.9616,cluster_6
cell_3799,1.1602,11.3798,cluster_5
cell_38,0.6486,11.0961,cluster_5
cell_380,2.8489,12.0742,cluster_5
cell_3800,3.6116,11.7136,cluster_5
cell_3801,13.6705,6.0245,cluster_1
cell_3802,13.4303,5.8630,cluster_1
cell_3803,-1.5436,6.9695,cluster_3
cell_3804,3.7800,12.1902,cluster_5
cell_3805,7.3550,6.9605,cluster_6
cell_3806,13.2806,5.6697,cluster_1
cell_3807,1.0282,3.6593,cluster_5
cell_3808,1.2015,7.2469,cluster_3
cell_3809,13.7161,11.8786,cluster_2
cell_381,-0.5555,7.9234,cluster_3
cell_3810,0.8891,1.7809,cluster_6
cell_3811,-0.2216,6.6712,cluster_3
cell_3812,12.6116,7.3460,cluster_1
cell_3813,14.2522,8.1860,cluster_1
cell_3814,14.9360,8.7071,cluster_2
cell_3815,12.7737,10.8651,cluster_2
cell_3816,12.9821,5.9392,cluster_1
cell_3817,13.0089,6.1457,cluster_1
cell_3818,13.7576,11.6136,cluster_2
cell_3819,1.8760,2.3727,cluster_6
cell_382,0.9674,12.4534,cluster_5
cell_3820,2.3247,2.7273,cluster_6
cell_3821,12.8056,5.5241,cluster_1
cell_3822,3.1895,4.5210,cluster_6
cell_3823,13.0477,5.9037,cluster_1
cell_3824,13.9902,6.7101,cluster_1
cell_3825,14.2270,7.0462,cluster_1
cell_3826,2.1423,7.0890,cluster_3
cell_3827,12.5870,10.4542,cluster_2
cell_3828,2.8541,9.1430,cluster_5
cell_3829,-1.0578,7.0954,cluster_3
cell_383,2.8710,3.1086,cluster_4
cell_3830,0.9461,2.8421,cluster_6
cell_3831,13.5179,5.8067,cluster_1
cell_3832,1.7645,8.8727,cluster_5
cell_3833,15.3718,8.6175,cluster_2
cell_3834,3.2100,-0.9473,cluster_4
cell_3835,3.5351,11.0778,cluster_5
cell_3836,-1.5693,5.6344,cluster_3
cell_3837,1.4626,9.5776,cluster_5
cell_3838,13.6312,10.2011,cluster_2
cell_3839,-1.3265,7.1344,cluster_3
cell_384,3.4097,11.5976,cluster_5
cell_3840,14.3973,8.1475,cluster_2
cell_3841,10.6320,6.8990,cluster_3
cell_3842,12.7652,6.0775,cluster_1
cell_3843,3.1015,10.4327,cluster_5
cell_3844,8.6557,6.0975,cluster_1
cell_3845,13.1836,6.9398,cluster_1
cell_3846,12.7652,7.3994,cluster_1
cell_3847,15.5919,6.4389,cluster_1
cell_3848,11.6469,9.5280,cluster_2
cell_3849,12.5371,9.3742,cluster_2
cell_385,13.0114,8.2121,cluster_1
cell_3850,12.8481,6.2799,cluster_1
cell_3851,13.9743,6.4547,cluster_1
cell_3852,1.3601,9.8990,cluster_5
cell_3853,13.4047,10.5535,cluster_2
cell_3854,12.9322,6.1310,cluster_1
cell_3855,12.8714,9.6359,cluster_2
cell_3856,15.3617,7.9746,cluster_1
cell_3857,4.2784,5.1527,cluster_6
cell_3858,4.0238,11.9553,cluster_5
cell_3859,2.0940,1.9455,cluster_6
cell_386,12.4900,9.7836,cluster_2
cell_3860,13.1538,7.3264,cluster_2
cell_3861,0.7021,6.7750,cluster_3
cell_3862,11.7628,5.8705,cluster_1
cell_3863,15.5641,7.4232,cluster_1
cell_3864,14.8351,7.3273,cluster_1
cell_3865,12.9567,6.6370,cluster_1
cell_3866,15.9164,9.5745,cluster_2
cell_3867,14.9662,10.8902,cluster_2
cell_3868,7.3494,6.6651,cluster_3
cell_3869,15.2604,7.2870,cluster_1
cell_387,0.1930,7.4649,cluster_3
cell_3870,15.7961,6.5196,cluster_1
cell_3871,-0.6690,5.9952,cluster_3
cell_3872,13.0777,9.0071,cluster_2
cell_3873,7.7045,7.0405,cluster_6
cell_3874,15.7597,7.6534,cluster_1
cell_3875,12.5504,6.4655,cluster_1
cell_3876,-1.2368,6.9278,cluster_3
cell_3877,16.0867,6.8370,cluster_1
cell_3878,13.0944,7.9334,cluster_1
cell_3879,3.2894,9.0145,cluster_3
cell_388,0.8402,12.1418,cluster_5
cell_3880,1.6015,2.7740,cluster_6
cell_3881,15.1279,6.0837,cluster_1
cell_3882,3.6870,-0.9110,cluster_4
cell_3883,2.8643,10.5351,cluster_5
cell_3884,2.3966,3.3105,cluster_6
cell_3885,1.5059,11.1633,cluster_5
cell_3886,3.5225,4.0718,cluster_6
cell_3887,2.4576,1.3144,cluster_4
cell_3888,15.5009,7.6430,cluster_1
cell_3889,-1.3880,6.7211,cluster_3
cell_389,2.4936,9.7086,cluster_5
cell_3890,12.9725,6.7889,cluster_1
cell_3891,3.0244,7.4914,cluster_3
cell_3892,10.9253,7.2865,cluster_3
cell_3893,15.2243,7.3204,cluster_1
cell_3894,-0.2012,7.4706,cluster_3
cell_3895,15.4486,6.0207,cluster_1
cell_3896,2.0486,9.6807,cluster_5
cell_3897,3.2362,3.3870,cluster_6
cell_3898,12.6198,6.1503,cluster_1
cell_3899,-1.3330,7.0373,cluster_3
cell_39,0.8291,3.2694,cluster_6
cell_390,2.3929,8.7267,cluster_5
cell_3900,14.6690,10.3101,cluster_2
cell_3901,14.4403,11.1972,cluster_2
cell_3902,3.7921,11.7097,cluster_5
cell_3903,13.7999,6.7295,cluster_1
cell_3904,13.2976,4.9595,cluster_1
cell_3905,12.8087,6.5089,cluster_1
cell_3906,14.7744,8.5793,cluster_1
cell_3907,14.4918,10.2094,cluster_2
cell_3908,14.4714,7.9396,cluster_1
cell_3909,14.4049,10.5900,cluster_2
cell_391,12.0279,8.5583,cluster_2
cell_3910,13.1815,5.4793,cluster_1
cell_3911,0.8574,2.6221,cluster_6
cell_3912,3.7561,11.0985,cluster_5
cell_3913,1.5235,1.7200,cluster_6
cell_3914,12.5249,6.7147,cluster_1
cell_3915,14.0253,5.0906,cluster_1
cell_3916,2.7797,11.6686,cluster_5
cell_3917,0.8230,10.9415,cluster_5
cell_3918,14.3476,4.9098,cluster_1
cell_3919,0.7514,1.9692,cluster_6
cell_392,0.6998,10.5451,cluster_5
cell_3920,2.3135,9.8627,cluster_5
cell_3921,12.9911,5.9302,cluster_1
cell_3922,14.3435,6.1324,cluster_1
cell_3923,12.2010,7.8968,cluster_1
cell_3924,14.0494,9.5828,cluster_2
cell_3925,3.3938,-1.0563,cluster_4
cell_3926,13.5094,10.3696,cluster_2
cell_3927,3.5670,-0.7393,cluster_4
cell_3928,-1.6113,5.8923,cluster_3
cell_3929,3.8956,0.5547,cluster_4
cell_393,1.1954,10.9109,cluster_5
cell_3930,14.2068,6.7745,cluster_1
cell_3931,12.3056,8.7784,cluster_2
cell_3932,1.8870,10.9020,cluster_5
cell_3933,13.4520,5.0182,cluster_1
cell_3934,-0.7948,6.1821,cluster_3
cell_3935,14.9600,8.3870,cluster_1
cell_3936,13.9134,9.7227,cluster_2
cell_3937,14.2192,6.1228,cluster_1
cell_3938,-1.0089,5.8496,cluster_3
cell_3939,2.7274,0.1169,cluster_4
cell_394,0.3481,10.0323,cluster_5
cell_3940,14.4818,8.4974,cluster_1
cell_3941,4.0094,10.4619,cluster_5
cell_3942,13.7911,11.9419,cluster_2
cell_3943,2.8784,4.2005,cluster_6
cell_3944,15.6565,8.7940,cluster_1
cell_3945,13.1640,9.6315,cluster_2
cell_3946,15.0696,5.6551,cluster_1
cell_3947,14.7157,8.4710,cluster_1
cell_3948,7.4679,6.9713,cluster_2
cell_3949,3.8210,-1.2479,cluster_4
cell_395,11.5374,7.0859,cluster_1
cell_3950,12.0456,5.5382,cluster_1
cell_3951,13.2226,11.3861,cluster_2
cell_3952,12.3900,7.6670,cluster_1
cell_3953,13.8511,10.4162,cluster_2
cell_3954,13.6215,7.4687,cluster_1
cell_3955,13.5075,11.3967,cluster_2
cell_3956,1.6439,11.2129,cluster_5
cell_3957,1.8519,10.4838,cluster_5
cell_3958,12.2158,8.0768,cluster_2
cell_3959,3.8091,2.2068,cluster_6
cell_396,3.3895,1.2425,cluster_4
cell_3960,13.8519,4.8463,cluster_1
cell_3961,3.2247,0.6981,cluster_4
cell_3962,13.3525,7.9543,cluster_1
cell_3963,14.8797,10.0912,cluster_2
cell_3964,14.2278,7.0824,cluster_2
cell_3965,15.9736,7.0918,cluster_1
cell_3966,-0.7042,6.6479,cluster_3
cell_3967,12.9356,5.9278,cluster_2
cell_3968,0.4386,6.3087,cluster_3
cell_3969,0.8634,2.2931,cluster_6
cell_397,4.9848,9.4558,cluster_7
cell_3970,13.2989,11.7987,cluster_2
cell_3971,15.3151,5.5016,cluster_1
cell_3972,0.5653,11.7145,cluster_5
cell_3973,12.6641,7.4877,cluster_1
cell_3974,-0.8631,5.9846,cluster_3
cell_3975,8.5771,6.2884,cluster_1
cell_3976,12.5007,9.9104,cluster_2
cell_3977,14.2525,9.1178,cluster_2
cell_3978,8.6204,6.8501,cluster_3
cell_3979,-0.6668,5.6936,cluster_3
cell_398,3.3058,9.0216,cluster_5
cell_3980,8.5156,6.9130,cluster_3
cell_3981,14.7123,7.5530,cluster_1
cell_3982,14.9112,5.4170,cluster_1
cell_3983,12.9183,6.8053,cluster_1
cell_3984,15.0926,9.8534,cluster_2
cell_3985,3.9456,-1.0500,cluster_4
cell_3986,14.8006,7.5237,cluster_1
cell_3987,4.1806,0.0305,cluster_4
cell_3988,14.0527,9.8121,cluster_2
cell_3989,12.7861,6.2228,cluster_1
cell_399,14.2471,7.7643,cluster_1
cell_3990,1.4874,2.2438,cluster_6
cell_3991,3.5826,-1.1767,cluster_4
cell_3992,14.5619,11.0668,cluster_2
cell_3993,1.9614,3.4930,cluster_6
cell_3994,1.1437,11.6461,cluster_5
cell_3995,3.6595,-1.1517,cluster_4
cell_3996,15.4716,9.5903,cluster_2
cell_3997,13.6039,7.8345,cluster_1
cell_3998,15.7826,8.0525,cluster_1
cell_3999,14.8490,8.5470,cluster_1
cell_4,4.0594,8.6605,cluster_7
cell_40,2.7332,8.8524,cluster_5
cell_400,1.3258,10.5913,cluster_5
cell_4000,0.8108,1.5281,cluster_6
cell_4001,8.8301,7.0335,cluster_3
cell_4002,14.7526,5.3568,cluster_1
cell_4003,13.3783,9.0988,cluster_2
cell_4004,15.3733,9.3083,cluster_2
cell_4005,1.1229,7.3005,cluster_6
cell_4006,3.0082,-0.3018,cluster_4
cell_4007,0.9212,3.0976,cluster_6
cell_4008,13.8587,5.9261,cluster_1
cell_4009,4.3816,0.3999,cluster_4
cell_401,3.2121,2.1033,cluster_6
cell_4010,12.9227,6.8917,cluster_1
cell_4011,15.9057,9.0435,cluster_2
cell_4012,4.1999,-0.2715,cluster_4
cell_4013,13.4904,11.1448,cluster_2
cell_4014,1.3800,2.9451,cluster_6
cell_4015,12.0381,8.3106,cluster_2
cell_4016,3.3789,-1.3736,cluster_4
cell_4017,11.8572,10.1576,cluster_2
cell_4018,15.0695,10.7608,cluster_2
cell_4019,1.9721,8.8299,cluster_5
cell_402,13.8287,9.3425,cluster_2
cell_4020,15.6877,7.6592,cluster_2
cell_4021,15.4703,10.3568,cluster_2
cell_4022,2.4579,3.6802,cluster_6
cell_4023,2.1717,3.3890,cluster_6
cell_4024,1.2695,11.5898,cluster_5
cell_4025,3.2904,-0.6334,cluster_4
cell_4026,14.0062,6.5472,cluster_1
cell_4027,1.2107,11.1285,cluster_5
cell_4028,14.1603,7.3849,cluster_1
cell_4029,0.5795,2.4748,cluster_6
cell_403,3.4237,11.9738,cluster_5
cell_4030,3.2464,-1.1482,cluster_4
cell_4031,14.7028,8.2122,cluster_1
cell_4032,4.0724,10.7408,cluster_5
cell_4033,13.0109,6.9223,cluster_3
cell_4034,13.7025,8.5582,cluster_2
cell_4035,13.9283,11.7135,cluster_2
cell_4036,12.7577,7.4859,cluster_2
cell_4037,15.5051,5.7021,cluster_1
cell_4038,-1.0129,5.8761,cluster_3
cell_4039,-0.1513,7.0612,cluster_3
cell_404,0.9406,11.3795,cluster_5
cell_4040,4.2988,0.1376,cluster_4
cell_4041,14.3389,11.2002,cluster_2
cell_4042,11.0434,6.4459,cluster_6
cell_4043,12.4422,6.3675,cluster_1
cell_4044,13.0522,7.1569,cluster_1
cell_4045,15.2365,8.3674,cluster_1
cell_4046,2.8830,0.3473,cluster_4
cell_4047,14.5192,6.3585,cluster_1
cell_4048,14.0525,9.4443,cluster_2
cell_4049,1.0072,6.4041,cluster_3
cell_405,0.2107,11.6093,cluster_5
cell_4050,12.1125,7.3033,cluster_1
cell_4051,13.6809,11.6043,cluster_2
cell_4052,3.5917,11.9772,cluster_5
cell_4053,12.2920,6.9988,cluster_1
cell_4054,13.2409,7.8104,cluster_1
cell_4055,2.5854,9.4188,cluster_5
cell_4056,14.1494,10.7166,cluster_2
cell_4057,10.9470,8.4529,cluster_2
cell_4058,4.2485,0.6084,cluster_4
cell_4059,14.4369,11.3758,cluster_2
cell_406,12.7856,8.9283,cluster_2
cell_4060,4.0994,-0.7679,cluster_4
cell_4061,2.1593,3.3352,cluster_6
cell_4062,2.7979,10.2576,cluster_5
cell_4063,12.7508,7.3402,cluster_1
cell_4064,14.9573,6.8389,cluster_1
cell_4065,2.6782,-0.8591,cluster_4
cell_4066,2.2854,0.8089,cluster_4
cell_4067,11.1567,8.0072,cluster_5
cell_4068,13.0586,7.1778,cluster_1
cell_4069,14.1941,7.6470,cluster_1
cell_407,3.2879,11.4246,cluster_5
cell_4070,15.3498,8.1948,cluster_1
cell_4071,3.5334,12.2711,cluster_5
cell_4072,15.5820,8.8752,cluster_1
cell_4073,2.9106,0.0029,cluster_4
cell_4074,9.5823,7.5673,cluster_2
cell_4075,11.9474,5.8123,cluster_1
cell_4076,1.3377,2.8132,cluster_6
cell_4077,1.3512,10.4269,cluster_3
cell_4078,3.2900,-0.9378,cluster_4
cell_4079,14.6462,5.9894,cluster_1
cell_408,2.8683,3.5716,cluster_6
cell_4080,3.5990,3.4008,cluster_7
cell_4081,15.3348,8.7265,cluster_1
cell_4082,2.9226,2.8995,cluster_6
cell_4083,0.7050,10.7045,cluster_5
cell_4084,-1.2412,6.7785,cluster_3
cell_4085,3.4958,3.5732,cluster_6
cell_4086,14.2243,9.7760,cluster_2
cell_4087,12.8755,10.6806,cluster_2
cell_4088,3.9473,12.2982,cluster_5
cell_4089,3.5085,-0.7706,cluster_4
cell_409,0.8277,10.8389,cluster_5
cell_4090,6.8284,6.2063,cluster_6
cell_4091,15.1244,5.0703,cluster_1
cell_4092,2.7199,-0.9970,cluster_4
cell_4093,-1.0750,6.1369,cluster_3
cell_4094,15.9166,8.5817,cluster_1
cell_4095,3.4909,-0.5488,cluster_4
cell_4096,14.9417,9.6639,cluster_2
cell_4097,1.3569,3.3072,cluster_6
cell_4098,13.7099,10.5063,cluster_2
cell_4099,1.0686,11.8504,cluster_5
cell_41,7.8438,6.7530,cluster_6
cell_410,1.6625,11.5718,cluster_5
cell_4100,14.5251,7.7493,cluster_1
cell_4101,11.6250,8.8848,cluster_2
cell_4102,4.9961,9.3343,cluster_7
cell_4103,15.4484,5.3650,cluster_1
cell_4104,-1.5014,6.6354,cluster_3
cell_4105,2.2312,3.6366,cluster_6
cell_4106,0.9619,1.8608,cluster_6
cell_4107,15.5197,10.2899,cluster_2
cell_4108,4.1476,0.0224,cluster_4
cell_4109,10.4900,4.5700,cluster_8
cell_411,4.6654,-0.3349,cluster_4
cell_4110,15.4388,5.8575,cluster_1
cell_4111,12.9846,7.8572,cluster_2
cell_4112,14.2121,8.0983,cluster_2
cell_4113,3.0800,8.9205,cluster_5
cell_4114,14.2562,4.7965,cluster_1
cell_4115,15.3593,7.1650,cluster_1
cell_4116,3.4804,3.1425,cluster_6
cell_4117,16.0738,7.7455,cluster_1
cell_4118,1.0891,6.4997,cluster_3
cell_4119,14.5047,5.1980,cluster_1
cell_412,4.7818,-0.5015,cluster_4
cell_4120,1.3876,11.2474,cluster_5
cell_4121,13.3603,7.0250,cluster_1
cell_4122,1.0478,10.4142,cluster_5
cell_4123,3.8590,11.0286,cluster_5
cell_4124,3.2833,-0.7816,cluster_4
cell_4125,10.3924,7.4335,cluster_5
cell_4126,13.0531,9.7379,cluster_2
cell_4127,14.0098,9.5292,cluster_2
cell_4128,11.9604,10.1244,cluster_2
cell_4129,14.9575,11.0470,cluster_2
cell_413,1.5201,11.4198,cluster_5
cell_4130,14.2196,6.7778,cluster_1
cell_4131,0.5367,5.9926,cluster_3
cell_4132,2.3117,6.8011,cluster_1
cell_4133,3.7011,-0.5284,cluster_4
cell_4134,1.5934,10.2469,cluster_5
cell_4135,2.4913,5.1544,cluster_4
cell_4136,9.9155,8.0049,cluster_2
cell_4137,-1.0698,7.4504,cluster_3
cell_4138,12.5273,6.9298,cluster_1
cell_4139,1.9501,6.5614,cluster_3
cell_414,1.5046,11.1397,cluster_5
cell_4140,13.9647,5.7480,cluster_1
cell_4141,13.0310,8.1940,cluster_1
cell_4142,11.8783,9.7814,cluster_2
cell_4143,4.0751,3.9382,cluster_5
cell_4144,12.4295,8.0427,cluster_2
cell_4145,2.7233,8.9578,cluster_5
cell_4146,12.9811,7.0922,cluster_2
cell_4147,16.0428,6.4840,cluster_1
cell_4148,1.3770,3.1104,cluster_6
cell_4149,11.0922,7.2192,cluster_8
cell_415,3.1771,11.0067,cluster_5
cell_4150,1.2609,6.6334,cluster_3
cell_4151,3.1376,-0.6314,cluster_4
cell_4152,14.5030,11.4311,cluster_2
cell_4153,16.0449,6.9424,cluster_1
cell_4154,4.3474,0.2382,cluster_4
cell_4155,2.3707,9.9934,cluster_5
cell_4156,13.1927,7.6978,cluster_2
cell_4157,2.9393,3.5506,cluster_6
cell_4158,14.5564,7.1539,cluster_1
cell_4159,15.9226,5.9551,cluster_1
cell_416,3.9135,-1.1394,cluster_4
cell_4160,13.7571,6.0988,cluster_1
cell_4161,14.0636,11.4358,cluster_2
cell_4162,2.5752,-0.0589,cluster_4
cell_4163,12.8891,6.2176,cluster_1
cell_4164,1.2567,6.4584,cluster_3
cell_4165,14.9516,11.0922,cluster_2
cell_4166,7.3295,6.3229,cluster_5
cell_4167,15.8628,9.2029,cluster_2
cell_4168,12.9130,4.9355,cluster_1
cell_4169,3.4161,-0.2741,cluster_4
cell_417,14.1159,10.4236,cluster_2
cell_4170,5.0889,9.0731,cluster_7
cell_4171,-1.0314,7.4289,cluster_3
cell_4172,0.8747,10.9287,cluster_5
cell_4173,14.3903,8.0694,cluster_2
cell_4174,3.2521,2.0359,cluster_6
cell_4175,10.7671,7.6673,cluster_3
cell_4176,14.1518,6.6761,cluster_1
cell_4177,16.2439,6.0873,cluster_1
cell_4178,1.8477,6.4330,cluster_3
cell_4179,1.5197,3.1315,cluster_6
cell_418,7.6146,6.3559,cluster_3
cell_4180,16.1356,8.2255,cluster_1
cell_4181,13.7127,7.1451,cluster_1
cell_4182,0.8700,2.8865,cluster_6
cell_4183,8.2078,6.8429,cluster_3
cell_4184,16.0808,8.4515,cluster_1
cell_4185,15.7195,6.4201,cluster_1
cell_4186,13.4518,5.9607,cluster_1
cell_4187,2.2677,9.7343,cluster_5
cell_4188,0.6228,7.9057,cluster_3
cell_4189,4.0508,-0.4494,cluster_4
cell_419,-0.8759,6.4370,cluster_3
cell_4190,3.3445,-1.1016,cluster_4
cell_4191,2.3578,0.9935,cluster_6
cell_4192,1.9783,3.5669,cluster_6
cell_4193,0.0832,6.1925,cluster_3
cell_4194,2.3248,4.9169,cluster_3
cell_4195,12.1184,9.5219,cluster_2
cell_4196,10.1640,7.3829,cluster_3
cell_4197,2.5008,1.2684,cluster_6
cell_4198,1.5965,3.0023,cluster_6
cell_4199,12.9741,5.9614,cluster_1
cell_42,0.1383,6.6013,cluster_3
cell_420,15.1500,7.7537,cluster_1
cell_4200,8.3559,6.0037,cluster_3
cell_4201,15.1207,8.5488,cluster_1
cell_4202,3.7796,10.4081,cluster_5
cell_4203,9.5162,7.2469,cluster_3
cell_4204,7.5280,6.4965,cluster_2
cell_4205,14.5579,11.6615,cluster_2
cell_4206,13.4228,6.7376,cluster_1
cell_4207,0.2975,6.6262,cluster_3
cell_4208,3.3638,12.2909,cluster_5
cell_4209,1.7927,1.9146,cluster_6
cell_421,0.6614,10.8612,cluster_5
cell_4210,2.4903,10.3652,cluster_5
cell_4211,1.4033,11.6044,cluster_5
cell_4212,13.5501,8.0678,cluster_1
cell_4213,14.0738,5.4093,cluster_1
cell_4214,14.6000,6.0625,cluster_1
cell_4215,13.3709,9.3538,cluster_2
cell_4216,3.8434,-0.7296,cluster_4
cell_4217,2.2443,1.8930,cluster_6
cell_4218,13.9199,10.5434,cluster_2
cell_4219,13.4542,5.8892,cluster_1
cell_422,14.2500,8.2947,cluster_1
cell_4220,11.9636,8.8783,cluster_2
cell_4221,15.8133,9.5265,cluster_2
cell_4222,12.4576,6.7108,cluster_1
cell_4223,14.4486,11.3525,cluster_2
cell_4224,14.1445,10.7419,cluster_2
cell_4225,0.2558,6.9260,cluster_3
cell_4226,3.1698,9.4244,cluster_5
cell_4227,12.4864,6.9025,cluster_1
cell_4228,12.4175,10.9190,cluster_2
cell_4229,2.9975,4.0215,cluster_6
cell_423,-1.2081,8.0683,cluster_3
cell_4230,2.7315,10.1582,cluster_5
cell_4231,0.7514,6.3325,cluster_3
cell_4232,13.1834,8.4167,cluster_1
cell_4233,9.6160,7.2452,cluster_1
cell_4234,3.1904,-0.4141,cluster_4
cell_4235,2.0390,3.5239,cluster_6
cell_4236,12.4596,7.3257,cluster_1
cell_4237,16.1779,7.4696,cluster_1
cell_4238,13.2074,8.8280,cluster_2
cell_4239,1.5492,12.0551,cluster_5
cell_424,3.5483,10.0350,cluster_5
cell_4240,13.2772,9.4870,cluster_2
cell_4241,13.9003,6.2204,cluster_1
cell_4242,2.8060,2.6772,cluster_6
cell_4243,1.5111,10.3581,cluster_5
cell_4244,1.0876,10.5586,cluster_5
cell_4245,12.9387,6.3468,cluster_1
cell_4246,12.5975,7.8930,cluster_1
cell_4247,15.6718,6.1770,cluster_1
cell_4248,2.6449,9.0586,cluster_5
cell_4249,1.0071,10.0672,cluster_5
cell_425,15.1765,11.1006,cluster_2
cell_4250,13.2488,9.9709,cluster_2
cell_4251,1.0859,5.9570,cluster_3
cell_4252,7.7681,6.5247,cluster_2
cell_4253,12.7824,10.0336,cluster_2
cell_4254,14.8345,6.2070,cluster_1
cell_4255,12.8621,8.1354,cluster_1
cell_4256,4.8986,9.0116,cluster_7
cell_4257,2.9442,11.9111,cluster_5
cell_4258,13.0184,8.0979,cluster_1
cell_4259,13.1754,9.9495,cluster_2
cell_426,0.5168,11.3791,cluster_5
cell_4260,13.7371,9.7203,cluster_2
cell_4261,13.5259,9.4160,cluster_2
cell_4262,0.5952,5.9459,cluster_3
cell_4263,11.6870,6.0333,cluster_1
cell_4264,15.1996,7.6826,cluster_1
cell_4265,1.2612,11.6717,cluster_5
cell_4266,13.7314,10.8454,cluster_2
cell_4267,3.3134,3.7663,cluster_6
cell_4268,1.9674,11.3607,cluster_5
cell_4269,-0.3542,6.8027,cluster_3
cell_427,3.4676,8.8583,cluster_4
cell_4270,11.6511,5.2262,cluster_3
cell_4271,4.2812,-0.7475,cluster_4
cell_4272,2.5000,0.6862,cluster_4
cell_4273,0.6663,10.5873,cluster_5
cell_4274,2.4922,-0.3282,cluster_4
cell_4275,-0.0504,6.0435,cluster_3
cell_4276,2.4098,4.0191,cluster_6
cell_4277,1.1963,11.7676,cluster_5
cell_4278,9.7348,7.1398,cluster_3
cell_4279,12.6774,9.6415,cluster_2
cell_428,4.2482,-0.7308,cluster_4
cell_4280,3.5716,-1.0101,cluster_4
cell_4281,11.2320,6.2465,cluster_1
cell_4282,15.1358,6.7332,cluster_1
cell_4283,1.0662,11.0020,cluster_5
cell_4284,5.0993,9.4039,cluster_7
cell_4285,9.9201,7.3065,cluster_3
cell_4286,14.4479,11.3581,cluster_2
cell_4287,2.1727,2.5333,cluster_6
cell_4288,14.0561,6.9499,cluster_1
cell_4289,2.4906,0.7653,cluster_4
cell_429,2.5293,11.0313,cluster_5
cell_4290,1.8434,3.3931,cluster_6
cell_4291,14.5370,11.2744,cluster_2
cell_4292,1.2011,1.7261,cluster_6
cell_4293,15.0720,7.4864,cluster_1
cell_4294,4.6713,5.5191,cluster_3
cell_4295,15.5354,7.6283,cluster_1
cell_4296,15.5765,8.0850,cluster_1
cell_4297,7.6499,7.0476,cluster_1
cell_4298,3.2281,7.3616,cluster_3
cell_4299,3.3088,11.8487,cluster_5
cell_43,-0.0588,7.3850,cluster_3
cell_430,3.6821,3.3269,cluster_6
cell_4300,2.9015,3.8256,cluster_6
cell_4301,3.0087,-1.0668,cluster_4
cell_4302,13.8868,7.9957,cluster_2
cell_4303,12.9014,7.1243,cluster_1
cell_4304,14.6450,5.8418,cluster_1
cell_4305,12.3625,6.5300,cluster_1
cell_4306,3.5247,12.2185,cluster_5
cell_4307,13.5021,8.0046,cluster_1
cell_4308,13.9390,9.5496,cluster_2
cell_4309,3.9029,4.2198,cluster_3
cell_431,3.1877,-1.1192,cluster_4
cell_4310,2.5242,0.5982,cluster_4
cell_4311,14.9983,6.1425,cluster_1
cell_4312,-1.5738,6.2226,cluster_3
cell_4313,15.0335,7.3153,cluster_1
cell_4314,1.3583,1.9755,cluster_6
cell_4315,1.2716,2.7365,cluster_6
cell_4316,2.9017,11.3415,cluster_5
cell_4317,4.3410,8.7366,cluster_7
cell_4318,15.8556,8.5897,cluster_1
cell_4319,5.0344,8.9655,cluster_7
cell_432,2.5364,3.9329,cluster_6
cell_4320,-0.6774,6.3440,cluster_3
cell_4321,14.0855,10.0798,cluster_2
cell_4322,1.9950,9.9434,cluster_5
cell_4323,3.5928,0.6620,cluster_4
cell_4324,13.8370,5.6638,cluster_1
cell_4325,5.1040,9.2824,cluster_7
cell_4326,1.5235,10.5021,cluster_5
cell_4327,3.2356,8.1998,cluster_5
cell_4328,13.6191,7.9231,cluster_2
cell_4329,12.9068,7.5818,cluster_1
cell_433,0.5014,11.5323,cluster_5
cell_4330,14.1889,6.0437,cluster_1
cell_4331,14.5051,7.9737,cluster_1
cell_4332,14.7152,7.9204,cluster_1
cell_4333,9.3332,6.2521,cluster_1
cell_4334,4.7878,9.7748,cluster_7
cell_4335,13.4374,5.0044,cluster_1
cell_4336,11.3796,6.5029,cluster_1
cell_4337,8.4270,6.2021,cluster_3
cell_4338,15.1627,8.6416,cluster_1
cell_4339,-0.2134,7.9021,cluster_3
cell_434,3.6215,-0.5436,cluster_4
cell_4340,15.9196,7.9600,cluster_2
cell_4341,2.6592,11.0014,cluster_5
cell_4342,13.4449,10.8281,cluster_2
cell_4343,16.2745,7.7505,cluster_1
cell_4344,1.1022,11.9843,cluster_5
cell_4345,0.9402,7.5968,cluster_3
cell_4346,12.2799,9.9744,cluster_2
cell_4347,15.1102,10.0285,cluster_2
cell_4348,0.5646,6.3310,cluster_3
cell_4349,1.2344,2.8215,cluster_6
cell_435,-0.0857,8.0891,cluster_3
cell_4350,0.9577,10.4986,cluster_5
cell_4351,0.5258,7.7647,cluster_5
cell_4352,3.0612,-0.6604,cluster_4
cell_4353,14.1832,7.3333,cluster_1
cell_4354,2.3966,3.4056,cluster_6
cell_4355,13.7550,6.9657,cluster_1
cell_4356,15.3953,7.5234,cluster_1
cell_4357,0.9571,2.1607,cluster_4
cell_4358,9.9237,7.3236,cluster_3
cell_4359,1.8948,3.5493,cluster_6
cell_436,14.0705,9.9520,cluster_2
cell_4360,14.4814,10.4454,cluster_2
cell_4361,-1.4345,6.1133,cluster_3
cell_4362,2.4003,10.3682,cluster_5
cell_4363,13.9970,9.9871,cluster_2
cell_4364,1.3270,10.6960,cluster_5
cell_4365,14.5045,8.2887,cluster_1
cell_4366,4.1220,-1.0596,cluster_4
cell_4367,7.5653,6.5981,cluster_3
cell_4368,4.7203,9.8107,cluster_5
cell_4369,14.6441,8.4459,cluster_2
cell_437,4.4121,-0.5338,cluster_4
cell_4370,3.0878,3.3411,cluster_6
cell_4371,2.8208,11.5869,cluster_5
cell_4372,13.9747,9.0335,cluster_1
cell_4373,15.5307,9.4575,cluster_1
cell_4374,2.7797,3.5302,cluster_6
cell_4375,10.7870,6.5926,cluster_2
cell_4376,0.7005,1.6622,cluster_6
cell_4377,1.1556,6.2250,cluster_3
cell_4378,0.9496,11.5035,cluster_5
cell_4379,14.8759,6.1854,cluster_1
cell_438,4.2963,-0.7895,cluster_4
cell_4380,12.6898,10.2485,cluster_2
cell_4381,2.5728,0.0280,cluster_4
cell_4382,13.6710,6.5405,cluster_1
cell_4383,8.2979,6.6991,cluster_1
cell_4384,15.7000,8.1850,cluster_1
cell_4385,13.1628,6.5748,cluster_1
cell_4386,0.9803,3.3332,cluster_6
cell_4387,-0.9283,7.7747,cluster_3
cell_4388,3.6754,12.2974,cluster_5
cell_4389,2.4557,3.5701,cluster_6
cell_439,4.2225,1.8666,cluster_6
cell_4390,-0.6738,6.6052,cluster_3
cell_4391,1.1797,2.0221,cluster_6
cell_4392,3.1571,8.5325,cluster_2
cell_4393,12.0917,7.1847,cluster_1
cell_4394,13.0312,9.9550,cluster_2
cell_4395,0.9623,3.5153,cluster_6
cell_4396,2.4909,11.6500,cluster_5
cell_4397,15.5218,7.5988,cluster_2
cell_4398,13.7739,10.7728,cluster_2
cell_4399,13.1004,6.7870,cluster_1
cell_44,2.8210,11.7304,cluster_5
cell_440,0.4251,7.1328,cluster_3
cell_4400,14.1089,8.9580,cluster_2
cell_4401,15.3067,6.1438,cluster_1
cell_4402,12.9074,8.9328,cluster_2
cell_4403,15.8175,7.4760,cluster_1
cell_4404,4.1077,0.8430,cluster_4
cell_4405,13.8817,6.6563,cluster_1
cell_4406,-1.6086,6.3414,cluster_3
cell_4407,13.9349,9.9994,cluster_2
cell_4408,14.0512,5.8053,cluster_1
cell_4409,4.0529,4.1846,cluster_2
cell_441,3.2189,1.5055,cluster_4
cell_4410,3.7726,5.3304,cluster_3
cell_4411,15.9838,6.6361,cluster_1
cell_4412,15.8517,7.5213,cluster_1
cell_4413,12.5367,10.7286,cluster_2
cell_4414,15.7045,8.2431,cluster_1
cell_4415,1.2274,2.3493,cluster_6
cell_4416,2.2764,12.0267,cluster_5
cell_4417,13.3972,6.8065,cluster_2
cell_4418,2.1949,11.2988,cluster_5
cell_4419,1.2979,11.7952,cluster_5
cell_442,13.4720,9.6839,cluster_2
cell_4420,13.4639,8.1516,cluster_1
cell_4421,14.8172,8.0134,cluster_2
cell_4422,0.3743,6.6441,cluster_3
cell_4423,12.0607,8.0990,cluster_1
cell_4424,1.6981,3.0944,cluster_6
cell_4425,1.6349,2.8207,cluster_6
cell_4426,3.4047,11.2287,cluster_5
cell_4427,0.5560,7.0958,cluster_3
cell_4428,12.8400,5.9564,cluster_1
cell_4429,2.5290,11.8707,cluster_5
cell_443,0.1953,11.5907,cluster_5
cell_4430,2.0626,3.1577,cluster_6
cell_4431,15.8045,7.3361,cluster_1
cell_4432,2.8049,4.0472,cluster_6
cell_4433,1.6131,2.7282,cluster_6
cell_4434,1.4638,10.7911,cluster_5
cell_4435,13.9374,10.8441,cluster_2
cell_4436,11.0083,5.8115,cluster_2
cell_4437,3.7292,1.9279,cluster_4
cell_4438,-1.2563,7.0127,cluster_3
cell_4439,14.4796,10.3361,cluster_2
cell_444,3.3349,-0.5828,cluster_4
cell_4440,14.5197,7.7963,cluster_1
cell_4441,1.5725,9.7058,cluster_5
cell_4442,2.5210,10.9872,cluster_5
cell_4443,13.9137,10.3509,cluster_2
cell_4444,14.6244,10.0454,cluster_2
cell_4445,2.5489,-0.7820,cluster_4
cell_4446,13.2337,6.2875,cluster_2
cell_4447,3.1321,4.8242,cluster_6
cell_4448,11.9655,6.8072,cluster_1
cell_4449,0.2971,7.6320,cluster_3
cell_445,4.5339,5.3759,cluster_3
cell_4450,3.2200,4.4685,cluster_6
cell_4451,10.7958,8.0588,cluster_3
cell_4452,-0.9292,8.3509,cluster_3
cell_4453,3.6156,1.9723,cluster_6
cell_4454,3.7771,-1.0965,cluster_4
cell_4455,2.0729,6.5254,cluster_3
cell_4456,12.2005,9.6982,cluster_2
cell_4457,3.2939,-0.1658,cluster_4
cell_4458,0.3401,6.1453,cluster_3
cell_4459,11.6663,6.9869,cluster_2
cell_446,4.7498,9.0697,cluster_7
cell_4460,15.6959,6.6756,cluster_1
cell_4461,4.2197,0.9281,cluster_4
cell_4462,-1.2843,8.1132,cluster_3
cell_4463,3.0529,-0.6567,cluster_4
cell_4464,4.7781,8.8821,cluster_7
cell_4465,2.4610,0.1899,cluster_4
cell_4466,13.1233,5.0007,cluster_1
cell_4467,15.5195,6.9471,cluster_1
cell_4468,7.8346,6.0760,cluster_3
cell_4469,13.2186,8.1377,cluster_2
cell_447,3.2027,0.0601,cluster_4
cell_4470,2.9626,4.0978,cluster_6
cell_4471,2.6554,4.2338,cluster_6
cell_4472,3.7289,11.5282,cluster_5
cell_4473,14.5880,7.9292,cluster_1
cell_4474,14.1968,6.3691,cluster_1
cell_4475,1.5865,11.7723,cluster_5
cell_4476,0.5580,3.3034,cluster_3
cell_4477,-1.4276,6.8700,cluster_3
cell_4478,3.6866,10.7377,cluster_5
cell_4479,-0.0936,5.8729,cluster_3
cell_448,0.2430,7.5347,cluster_3
cell_4480,3.1140,3.6083,cluster_6
cell_4481,14.8487,8.1747,cluster_1
cell_4482,5.3434,6.8294,cluster_3
cell_4483,0.6027,7.8248,cluster_3
cell_4484,14.2782,7.0343,cluster_1
cell_4485,1.4521,10.7967,cluster_5
cell_4486,14.9014,10.7581,cluster_2
cell_4487,15.7948,7.4803,cluster_1
cell_4488,13.1036,7.4546,cluster_8
cell_4489,2.2779,10.3328,cluster_5
cell_449,9.0696,6.4777,cluster_2
cell_4490,16.1802,6.3745,cluster_1
cell_4491,14.8693,6.5603,cluster_1
cell_4492,10.5980,6.8193,cluster_3
cell_4493,15.3601,6.7089,cluster_1
cell_4494,15.2643,10.8558,cluster_2
cell_4495,12.2129,9.4412,cluster_2
cell_4496,15.9947,7.7130,cluster_1
cell_4497,0.7474,11.3214,cluster_5
cell_4498,15.8603,7.4300,cluster_1
cell_4499,-0.0176,6.0641,cluster_3
cell_45,0.8097,10.3619,cluster_5
cell_450,3.8866,3.9301,cluster_6
cell_4500,15.0748,8.4779,cluster_1
cell_4501,0.8264,11.1846,cluster_5
cell_4502,3.0283,3.3486,cluster_6
cell_4503,14.0284,11.9757,cluster_2
cell_4504,3.1810,3.2706,cluster_6
cell_4505,1.5984,2.0073,cluster_6
cell_4506,3.6472,10.8100,cluster_5
cell_4507,3.4420,3.3231,cluster_6
cell_4508,1.5501,6.9171,cluster_3
cell_4509,11.7972,7.2736,cluster_1
cell_451,4.3117,0.7082,cluster_4
cell_4510,-0.8038,6.9052,cluster_3
cell_4511,13.8111,9.5951,cluster_2
cell_4512,-1.6290,6.2457,cluster_3
cell_4513,4.1931,-0.6221,cluster_4
cell_4514,13.3550,6.0419,cluster_1
cell_4515,15.1028,10.2421,cluster_2
cell_4516,15.3956,6.3807,cluster_1
cell_4517,2.4477,9.9631,cluster_5
cell_4518,15.0414,9.6595,cluster_2
cell_4519,15.1358,10.9057,cluster_2
cell_452,3.3870,11.8824,cluster_5
cell_4520,7.4946,5.8609,cluster_4
cell_4521,1.6759,6.9354,cluster_3
cell_4522,2.8752,11.8796,cluster_5
cell_4523,14.5981,8.2902,cluster_1
cell_4524,1.3699,10.3003,cluster_5
cell_4525,2.5436,9.6818,cluster_5
cell_4526,15.4150,7.6688,cluster_1
cell_4527,4.0258,0.2002,cluster_4
cell_4528,2.4463,3.2928,cluster_6
cell_4529,8.6758,6.7988,cluster_3
cell_453,2.9117,10.5741,cluster_5
cell_4530,13.7723,6.6956,cluster_1
cell_4531,2.1602,11.2959,cluster_5
cell_4532,13.2853,11.2633,cluster_2
cell_4533,2.2514,2.6670,cluster_6
cell_4534,1.7135,7.0612,cluster_3
cell_4535,1.1639,6.7190,cluster_3
cell_4536,15.5519,8.0352,cluster_1
cell_4537,15.2697,10.2336,cluster_2
cell_4538,0.1742,6.7895,cluster_3
cell_4539,1.1162,10.1002,cluster_5
cell_454,3.2313,6.8215,cluster_4
cell_4540,-0.9398,6.6042,cluster_3
cell_4541,1.2306,11.5336,cluster_5
cell_4542,1.0496,6.8595,cluster_3
cell_4543,7.6154,7.0519,cluster_3
cell_4544,12.9249,8.1950,cluster_2
cell_4545,11.7000,7.7842,cluster_2
cell_4546,13.1647,9.1641,cluster_1
cell_4547,15.2656,8.5980,cluster_1
cell_4548,1.1040,10.3285,cluster_5
cell_4549,12.9560,5.1905,cluster_1
cell_455,3.4579,-1.1824,cluster_4
cell_4550,13.8300,9.9883,cluster_2
cell_4551,-0.0453,5.5672,cluster_3
cell_4552,13.2511,6.4834,cluster_1
cell_4553,1.0123,6.9418,cluster_3
cell_4554,4.9896,9.1863,cluster_7
cell_4555,0.6713,10.7120,cluster_5
cell_4556,2.2056,9.8336,cluster_5
cell_4557,12.1190,5.5611,cluster_1
cell_4558,2.8516,3.8090,cluster_6
cell_4559,1.0442,2.9994,cluster_6
cell_456,2.6893,3.6914,cluster_6
cell_4560,15.1751,8.0339,cluster_1
cell_4561,1.6144,10.6220,cluster_5
cell_4562,13.3850,5.8542,cluster_1
cell_4563,3.7432,1.9864,cluster_6
cell_4564,13.1984,10.4333,cluster_2
cell_4565,1.0909,10.2687,cluster_5
cell_4566,14.3600,9.7348,cluster_2
cell_4567,-0.6900,7.2022,cluster_3
cell_4568,1.4178,11.8268,cluster_5
cell_4569,1.2813,2.4286,cluster_6
cell_457,13.5069,8.1712,cluster_1
cell_4570,0.4726,6.8336,cluster_3
cell_4571,3.4123,-1.0799,cluster_4
cell_4572,7.8682,6.1152,cluster_3
cell_4573,-1.3529,6.1730,cluster_3
cell_4574,15.3456,6.5934,cluster_1
cell_4575,15.4600,7.4442,cluster_1
cell_4576,15.3731,10.2497,cluster_2
cell_4577,1.5410,9.1704,cluster_5
cell_4578,15.5314,7.9723,cluster_1
cell_4579,13.2155,6.3277,cluster_1
cell_458,1.1256,10.7073,cluster_5
cell_4580,2.9121,8.5555,cluster_5
cell_4581,15.0222,10.1285,cluster_2
cell_4582,0.5316,11.2117,cluster_5
cell_4583,1.0081,11.3046,cluster_5
cell_4584,15.3527,9.4677,cluster_2
cell_4585,14.5173,11.0728,cluster_2
cell_4586,1.5387,10.5093,cluster_5
cell_4587,13.2692,9.3356,cluster_2
cell_4588,14.6320,5.8233,cluster_1
cell_4589,2.2518,10.6805,cluster_5
cell_459,4.7609,-0.5140,cluster_4
cell_4590,-0.8945,7.7619,cluster_3
cell_4591,1.9087,10.3952,cluster_5
cell_4592,13.6416,10.1650,cluster_2
cell_4593,0.5098,2.3157,cluster_6
cell_4594,13.8355,6.6133,cluster_1
cell_4595,1.4268,12.1828,cluster_5
cell_4596,15.0009,10.9220,cluster_2
cell_4597,3.7050,11.8055,cluster_5
cell_4598,-0.7199,6.0126,cluster_3
cell_4599,14.9200,7.2923,cluster_1
cell_46,2.2370,11.2851,cluster_5
cell_460,1.7779,9.8965,cluster_5
cell_4600,14.2308,10.9040,cluster_2
cell_4601,-1.2841,6.4991,cluster_3
cell_4602,0.8048,11.3807,cluster_5
cell_4603,2.9644,11.6932,cluster_5
cell_4604,2.7946,10.9722,cluster_5
cell_4605,1.2958,11.7585,cluster_5
cell_4606,11.2388,6.5140,cluster_1
cell_4607,11.1244,6.5350,cluster_1
cell_4608,4.7113,-0.5736,cluster_4
cell_4609,15.6834,8.0223,cluster_1
cell_461,13.0894,9.3359,cluster_2
cell_4610,-0.2802,6.4747,cluster_3
cell_4611,3.6872,-0.2595,cluster_4
cell_4612,0.7983,11.1931,cluster_5
cell_4613,0.6907,10.2623,cluster_5
cell_4614,1.4377,10.2408,cluster_5
cell_4615,11.9330,7.8266,cluster_2
cell_4616,14.1260,11.8737,cluster_2
cell_4617,14.4076,7.2938,cluster_1
cell_4618,1.6167,10.0435,cluster_5
cell_4619,13.3573,9.7028,cluster_2
cell_462,0.1676,11.5053,cluster_5
cell_4620,14.0104,6.0468,cluster_1
cell_4621,11.0084,6.9286,cluster_3
cell_4622,14.4293,7.7257,cluster_1
cell_4623,13.4533,10.2261,cluster_2
cell_4624,3.1974,1.8401,cluster_6
cell_4625,15.9622,6.8817,cluster_1
cell_4626,15.1955,8.8729,cluster_2
cell_4627,1.0080,7.4857,cluster_3
cell_4628,1.1936,2.5264,cluster_6
cell_4629,15.8038,7.5638,cluster_1
cell_463,-0.4578,8.1777,cluster_3
cell_4630,-0.4766,5.8043,cluster_3
cell_4631,15.5492,8.1760,cluster_2
cell_4632,3.6266,1.7653,cluster_6
cell_4633,15.5340,9.2988,cluster_2
cell_4634,13.9171,9.3424,cluster_2
cell_4635,1.2626,10.8048,cluster_5
cell_4636,1.1323,10.5023,cluster_5
cell_4637,15.2210,6.6053,cluster_1
cell_4638,16.0465,7.4615,cluster_1
cell_4639,2.3918,0.1822,cluster_4
cell_464,1.9195,10.7304,cluster_5
cell_4640,0.8106,7.8026,cluster_3
cell_4641,1.8148,10.5191,cluster_5
cell_4642,14.5982,10.4967,cluster_2
cell_4643,1.8953,3.4612,cluster_6
cell_4644,15.8061,8.9646,cluster_2
cell_4645,14.9654,11.4118,cluster_2
cell_4646,0.6600,11.5477,cluster_5
cell_4647,1.6739,6.8313,cluster_3
cell_4648,-1.1079,5.6916,cluster_3
cell_4649,14.0897,9.2183,cluster_2
cell_465,0.3808,11.4039,cluster_5
cell_4650,2.5531,0.9277,cluster_4
cell_4651,14.8222,10.0970,cluster_2
cell_4652,12.6051,7.5539,cluster_2
cell_4653,13.4400,8.2552,cluster_1
cell_4654,15.0273,7.3888,cluster_1
cell_4655,1.8515,7.3625,cluster_3
cell_4656,1.3489,6.8773,cluster_3
cell_4657,3.4491,1.6180,cluster_4
cell_4658,4.2950,-0.4440,cluster_4
cell_4659,4.3926,-0.3126,cluster_4
cell_466,3.7506,-0.5292,cluster_4
cell_4660,13.3457,9.7979,cluster_2
cell_4661,15.0315,8.0875,cluster_1
cell_4662,15.4210,9.7632,cluster_2
cell_4663,15.8052,7.6921,cluster_1
cell_4664,8.8621,7.3520,cluster_3
cell_4665,13.7015,6.1254,cluster_1
cell_4666,5.0014,9.5618,cluster_7
cell_4667,8.0872,6.8907,cluster_1
cell_4668,1.6904,12.2218,cluster_5
cell_4669,-1.2331,7.6819,cluster_3
cell_467,14.3368,6.9555,cluster_1
cell_4670,2.6681,9.3322,cluster_5
cell_4671,11.2303,8.8196,cluster_2
cell_4672,0.3436,11.2141,cluster_5
cell_4673,15.7546,6.6858,cluster_1
cell_4674,1.0969,6.5288,cluster_3
cell_4675,15.9141,9.2237,cluster_2
cell_4676,4.4975,-0.5458,cluster_4
cell_4677,0.7436,6.9311,cluster_3
cell_4678,15.2768,8.0573,cluster_2
cell_4679,5.0756,9.0688,cluster_7
cell_468,12.1850,7.4285,cluster_1
cell_4680,4.0047,12.1701,cluster_5
cell_4681,0.0947,7.3513,cluster_3
cell_4682,3.7828,4.5851,cluster_6
cell_4683,13.7659,8.1515,cluster_2
cell_4684,14.6629,10.4776,cluster_2
cell_4685,11.8313,6.5649,cluster_1
cell_4686,1.4875,2.6996,cluster_6
cell_4687,-1.0673,7.9100,cluster_3
cell_4688,12.5118,5.6459,cluster_1
cell_4689,0.9640,10.7108,cluster_5
cell_469,-1.4242,7.9306,cluster_3
cell_4690,0.5596,10.9467,cluster_5
cell_4691,1.7941,10.2804,cluster_5
cell_4692,3.4657,4.3414,cluster_6
cell_4693,0.8998,12.0529,cluster_5
cell_4694,13.7536,6.6626,cluster_1
cell_4695,5.0715,9.0806,cluster_7
cell_4696,9.8222,7.3630,cluster_6
cell_4697,13.5901,6.0705,cluster_1
cell_4698,1.0695,2.0277,cluster_6
cell_4699,2.6188,10.1505,cluster_5
cell_47,1.4367,10.5656,cluster_5
cell_470,0.6494,11.0685,cluster_5
cell_4700,13.0512,8.4652,cluster_1
cell_4701,13.7359,7.1688,cluster_1
cell_4702,-1.3914,7.8978,cluster_3
cell_4703,14.5514,5.8607,cluster_1
cell_4704,13.1252,6.9222,cluster_1
cell_4705,2.8579,1.7931,cluster_4
cell_4706,14.8205,9.3644,cluster_2
cell_4707,15.1104,8.1020,cluster_1
cell_4708,13.5077,4.8325,cluster_1
cell_4709,3.9575,2.5568,cluster_6
cell_471,1.4652,11.1101,cluster_5
cell_4710,2.7686,9.2641,cluster_5
cell_4711,1.3909,3.4317,cluster_6
cell_4712,15.8324,6.2570,cluster_1
cell_4713,15.1269,8.3026,cluster_1
cell_4714,2.3861,10.2366,cluster_5
cell_4715,13.1442,6.6929,cluster_1
cell_4716,13.2356,5.2258,cluster_1
cell_4717,8.5674,6.3367,cluster_3
cell_4718,1.5402,11.7773,cluster_5
cell_4719,14.5436,11.0605,cluster_2
cell_472,1.5410,11.8705,cluster_5
cell_4720,3.2663,4.7291,cluster_6
cell_4721,3.7185,-0.6794,cluster_4
cell_4722,14.2420,7.6601,cluster_1
cell_4723,2.8302,6.8720,cluster_3
cell_4724,12.2886,9.9455,cluster_2
cell_4725,8.0483,7.1820,cluster_3
cell_4726,14.1812,5.4929,cluster_1
cell_4727,14.1724,10.0193,cluster_2
cell_4728,2.2078,2.5539,cluster_6
cell_4729,11.7966,6.5200,cluster_1
cell_473,13.4256,11.1145,cluster_2
cell_4730,4.0156,11.7211,cluster_5
cell_4731,13.8314,8.0310,cluster_1
cell_4732,-1.2505,7.7565,cluster_3
cell_4733,1.0505,10.4082,cluster_5
cell_4734,3.8472,-1.1268,cluster_4
cell_4735,12.2166,8.5442,cluster_1
cell_4736,9.2311,7.3788,cluster_6
cell_4737,14.7414,8.7986,cluster_2
cell_4738,3.2351,-0.5897,cluster_4
cell_4739,12.8551,8.3984,cluster_1
cell_474,3.3976,11.3377,cluster_5
cell_4740,2.4517,3.5233,cluster_6
cell_4741,3.7766,2.3120,cluster_4
cell_4742,12.8651,8.6653,cluster_2
cell_4743,8.8904,6.3649,cluster_3
cell_4744,1.7384,12.1927,cluster_5
cell_4745,14.3190,10.8357,cluster_2
cell_4746,12.3357,8.4434,cluster_2
cell_4747,13.5571,7.5779,cluster_1
cell_4748,-1.5425,7.5006,cluster_3
cell_4749,14.3000,6.9591,cluster_1
cell_475,14.1929,10.7655,cluster_2
cell_4750,1.8458,11.3253,cluster_5
cell_4751,14.6018,7.8571,cluster_1
cell_4752,2.5363,11.6487,cluster_5
cell_4753,15.5409,10.1525,cluster_2
cell_4754,4.1908,5.1468,cluster_6
cell_4755,1.1431,11.0237,cluster_5
cell_4756,14.2847,9.5087,cluster_2
cell_4757,-0.7929,6.1687,cluster_3
cell_4758,14.2297,8.7972,cluster_2
cell_4759,1.2298,9.7774,cluster_5
cell_476,5.9315,5.8563,cluster_3
cell_4760,1.5756,9.6850,cluster_5
cell_4761,2.0481,9.7839,cluster_5
cell_4762,15.3284,6.9311,cluster_1
cell_4763,1.5800,10.9596,cluster_5
cell_4764,15.1067,8.2431,cluster_1
cell_4765,1.5780,10.6282,cluster_5
cell_4766,15.7789,8.0083,cluster_1
cell_4767,12.7201,7.9436,cluster_2
cell_4768,-0.7849,6.9346,cluster_3
cell_4769,14.0635,11.0471,cluster_2
cell_477,-0.1124,6.8460,cluster_3
cell_4770,8.8205,7.2200,cluster_3
cell_4771,1.7798,10.8946,cluster_5
cell_4772,12.5649,7.7247,cluster_2
cell_4773,15.2135,6.2693,cluster_1
cell_4774,13.9057,11.9651,cluster_2
cell_4775,1.9434,2.3776,cluster_6
cell_4776,1.1081,6.7672,cluster_6
cell_4777,14.0100,7.2020,cluster_1
cell_4778,2.1019,10.5882,cluster_5
cell_4779,13.9762,9.0630,cluster_2
cell_478,15.0077,7.9635,cluster_1
cell_4780,15.9403,7.0623,cluster_1
cell_4781,4.3885,-0.4876,cluster_4
cell_4782,12.8477,9.8689,cluster_2
cell_4783,10.9242,7.2805,cluster_3
cell_4784,12.6356,5.6403,cluster_1
cell_4785,1.8947,10.7712,cluster_5
cell_4786,2.0607,9.9211,cluster_5
cell_4787,3.6551,3.8204,cluster_6
cell_4788,4.1230,-0.8875,cluster_4
cell_4789,1.7130,11.8993,cluster_5
cell_479,3.0063,3.6401,cluster_4
cell_4790,14.5999,10.1567,cluster_2
cell_4791,-0.4336,5.8245,cluster_3
cell_4792,3.9090,4.9705,cluster_1
cell_4793,7.8613,6.5200,cluster_1
cell_4794,15.4621,8.6074,cluster_1
cell_4795,2.2268,-0.0678,cluster_4
cell_4796,15.7145,9.2958,cluster_2
cell_4797,14.3255,6.5470,cluster_1
cell_4798,14.7548,7.2947,cluster_1
cell_4799,14.9532,7.7084,cluster_1
cell_48,1.5797,9.9618,cluster_5
cell_480,2.8199,11.3908,cluster_5
cell_4800,-0.6438,6.7733,cluster_3
cell_4801,2.0581,9.8492,cluster_5
cell_4802,2.0178,10.5211,cluster_5
cell_4803,3.1435,11.9849,cluster_5
cell_4804,12.0497,7.5805,cluster_2
cell_4805,4.0098,5.2093,cluster_6
cell_4806,2.2126,1.5724,cluster_6
cell_4807,9.2936,6.9060,cluster_7
cell_4808,1.8362,6.3320,cluster_3
cell_4809,2.5424,9.9561,cluster_5
cell_481,1.7665,10.4114,cluster_5
cell_4810,1.4896,6.6137,cluster_3
cell_4811,14.6161,11.4370,cluster_2
cell_4812,13.4478,5.4389,cluster_1
cell_4813,14.8719,7.4261,cluster_1
cell_4814,16.0101,7.4236,cluster_1
cell_4815,13.3730,6.9441,cluster_1
cell_4816,0.7442,6.7588,cluster_3
cell_4817,10.9431,7.6810,cluster_2
cell_4818,-1.4776,6.5273,cluster_3
cell_4819,3.1628,1.4277,cluster_4
cell_482,14.2423,7.0432,cluster_1
cell_4820,3.6858,2.1080,cluster_6
cell_4821,13.6740,9.5244,cluster_2
cell_4822,15.5727,5.5832,cluster_1
cell_4823,12.8449,7.1359,cluster_1
cell_4824,13.5589,6.1336,cluster_1
cell_4825,-1.4112,7.8087,cluster_3
cell_4826,12.8497,11.4638,cluster_2
cell_4827,3.3191,7.9932,cluster_5
cell_4828,2.1851,10.3232,cluster_5
cell_4829,13.2200,7.0686,cluster_1
cell_483,3.6085,1.9862,cluster_4
cell_4830,2.6874,3.9791,cluster_6
cell_4831,13.3213,9.4772,cluster_2
cell_4832,1.4340,3.1482,cluster_6
cell_4833,13.1004,6.3604,cluster_1
cell_4834,13.5265,8.6138,cluster_1
cell_4835,14.7773,7.2227,cluster_1
cell_4836,0.7934,11.6086,cluster_5
cell_4837,14.6836,10.6738,cluster_2
cell_4838,-0.7707,7.7484,cluster_3
cell_4839,2.5955,11.5683,cluster_5
cell_484,4.5359,-0.5744,cluster_4
cell_4840,14.6845,10.6802,cluster_2
cell_4841,12.2018,7.8703,cluster_1
cell_4842,14.2227,5.6330,cluster_1
cell_4843,11.8759,7.3929,cluster_1
cell_4844,3.7882,11.9308,cluster_5
cell_4845,14.9373,5.9416,cluster_1
cell_4846,13.2146,7.0232,cluster_1
cell_4847,15.2808,8.4451,cluster_1
cell_4848,-1.0769,6.4531,cluster_3
cell_4849,1.1689,11.7667,cluster_5
cell_485,13.8235,8.4007,cluster_1
cell_4850,13.6779,11.8519,cluster_2
cell_4851,15.1471,9.9978,cluster_2
cell_4852,1.2984,11.2078,cluster_5
cell_4853,-1.5136,6.4562,cluster_3
cell_4854,15.5042,6.0477,cluster_1
cell_4855,3.0878,8.3673,cluster_5
cell_4856,12.0303,8.1280,cluster_1
cell_4857,2.7071,-0.5269,cluster_4
cell_4858,8.9898,6.8484,cluster_2
cell_4859,1.2475,11.2835,cluster_5
cell_486,1.8418,10.6577,cluster_5
cell_4860,1.3420,6.3752,cluster_3
cell_4861,14.5770,9.9144,cluster_2
cell_4862,13.7495,5.8903,cluster_1
cell_4863,14.8638,11.2770,cluster_2
cell_4864,3.6908,2.8267,cluster_6
cell_4865,12.6274,7.8142,cluster_2
cell_4866,-1.3167,5.9342,cluster_3
cell_4867,13.1326,7.7674,cluster_2
cell_4868,12.7518,9.1929,cluster_2
cell_4869,12.7766,8.4437,cluster_1
cell_487,2.0379,10.1060,cluster_5
cell_4870,14.3822,6.8546,cluster_1
cell_4871,-1.4135,7.6281,cluster_3
cell_4872,12.1214,5.9731,cluster_1
cell_4873,12.5946,9.8650,cluster_2
cell_4874,1.6023,12.1189,cluster_5
cell_4875,0.2466,7.8420,cluster_3
cell_4876,0.1740,11.4209,cluster_5
cell_4877,14.8783,7.7486,cluster_1
cell_4878,-0.8754,6.6237,cluster_3
cell_4879,9.1234,6.0973,cluster_1
cell_488,-0.6827,8.1556,cluster_3
cell_4880,12.9073,11.4346,cluster_2
cell_4881,11.8624,6.7961,cluster_1
cell_4882,14.9383,6.6847,cluster_1
cell_4883,15.8958,8.0176,cluster_1
cell_4884,11.0060,7.8223,cluster_2
cell_4885,2.6662,6.7456,cluster_3
cell_4886,15.0639,5.3131,cluster_1
cell_4887,12.6640,11.2400,cluster_2
cell_4888,14.2589,11.5085,cluster_2
cell_4889,12.8911,11.3544,cluster_2
cell_489,13.5811,9.2139,cluster_2
cell_4890,1.4716,3.1540,cluster_6
cell_4891,14.1552,6.3217,cluster_1
cell_4892,11.4593,6.7153,cluster_1
cell_4893,14.1117,6.5204,cluster_1
cell_4894,14.2080,6.8381,cluster_1
cell_4895,2.3589,3.6885,cluster_6
cell_4896,12.6620,6.1648,cluster_1
cell_4897,2.4935,10.1576,cluster_5
cell_4898,14.5528,8.9820,cluster_2
cell_4899,15.4725,8.8239,cluster_1
cell_49,1.9667,10.4112,cluster_5
cell_490,0.4778,6.4397,cluster_3
cell_4900,12.8538,10.4364,cluster_2
cell_4901,14.3216,11.4238,cluster_2
cell_4902,13.4002,5.8581,cluster_1
cell_4903,1.6572,11.4756,cluster_5
cell_4904,13.0270,10.9632,cluster_2
cell_4905,1.3894,2.1336,cluster_6
cell_4906,1.5930,12.0415,cluster_5
cell_4907,9.6031,7.1491,cluster_3
cell_4908,2.0110,9.2069,cluster_5
cell_4909,12.1990,5.3635,cluster_1
cell_491,1.0410,9.0967,cluster_5
cell_4910,14.4579,6.8555,cluster_1
cell_4911,12.7181,6.4835,cluster_1
cell_4912,14.5240,6.4017,cluster_1
cell_4913,2.0221,9.5316,cluster_5
cell_4914,11.4768,7.8543,cluster_3
cell_4915,1.3549,10.6471,cluster_5
cell_4916,2.2036,11.7541,cluster_5
cell_4917,3.0623,10.9263,cluster_5
cell_4918,13.3755,8.0099,cluster_2
cell_4919,12.8916,7.6771,cluster_1
cell_492,0.5192,6.5075,cluster_3
cell_4920,14.1112,11.7455,cluster_2
cell_4921,-0.1148,6.6198,cluster_3
cell_4922,-0.2174,6.2873,cluster_3
cell_4923,0.8513,6.8573,cluster_3
cell_4924,0.5378,10.9426,cluster_5
cell_4925,1.5494,11.8909,cluster_5
cell_4926,1.5036,10.1243,cluster_5
cell_4927,11.5703,6.3208,cluster_2
cell_4928,11.2208,7.0588,cluster_3
cell_4929,14.4384,7.7329,cluster_2
cell_493,0.2330,11.0216,cluster_5
cell_4930,14.9574,10.5609,cluster_2
cell_4931,2.9776,12.1668,cluster_5
cell_4932,0.3580,11.2023,cluster_5
cell_4933,15.6408,6.8635,cluster_1
cell_4934,2.5983,12.0533,cluster_5
cell_4935,15.2593,9.3650,cluster_2
cell_4936,2.4227,-0.3598,cluster_4
cell_4937,1.8606,3.8054,cluster_6
cell_4938,14.5491,11.3034,cluster_2
cell_4939,14.3982,5.0595,cluster_1
cell_494,15.1394,7.6513,cluster_1
cell_4940,13.9567,7.6152,cluster_1
cell_4941,13.7090,7.7972,cluster_1
cell_4942,12.1226,5.3685,cluster_1
cell_4943,4.2773,12.2503,cluster_5
cell_4944,0.5988,11.0619,cluster_5
cell_4945,2.2107,10.3966,cluster_5
cell_4946,12.0943,6.9457,cluster_2
cell_4947,15.0560,7.7179,cluster_1
cell_4948,13.9623,7.8504,cluster_1
cell_4949,16.0041,5.9974,cluster_1
cell_495,0.9774,10.4774,cluster_5
cell_4950,13.0215,6.8229,cluster_1
cell_4951,15.4987,7.7957,cluster_1
cell_4952,14.1638,6.0337,cluster_1
cell_4953,16.4523,7.5357,cluster_1
cell_4954,14.5861,10.5766,cluster_2
cell_4955,0.5108,11.5595,cluster_5
cell_4956,1.0174,10.5198,cluster_5
cell_4957,14.3489,5.0668,cluster_1
cell_4958,13.2719,5.0720,cluster_1
cell_4959,13.2646,7.0921,cluster_1
cell_496,0.7085,12.0092,cluster_5
cell_4960,5.3018,6.6743,cluster_3
cell_4961,1.3557,3.3482,cluster_6
cell_4962,-0.5324,7.8008,cluster_3
cell_4963,14.1123,9.4420,cluster_2
cell_4964,14.9497,10.0569,cluster_2
cell_4965,9.1231,7.3620,cluster_3
cell_4966,15.3583,7.4981,cluster_1
cell_4967,3.4843,-0.4635,cluster_4
cell_4968,1.4482,3.1076,cluster_6
cell_4969,3.0149,4.7765,cluster_6
cell_497,1.7763,12.3217,cluster_5
cell_4970,3.8051,4.9831,cluster_3
cell_4971,14.8510,6.7001,cluster_1
cell_4972,12.9698,8.4398,cluster_1
cell_4973,10.7572,6.6127,cluster_4
cell_4974,15.1557,7.4786,cluster_1
cell_4975,13.7437,7.7688,cluster_1
cell_4976,15.2262,6.4698,cluster_1
cell_4977,2.2553,3.4848,cluster_6
cell_4978,2.4837,11.9760,cluster_5
cell_4979,1.2535,10.3908,cluster_5
cell_498,14.2584,7.4146,cluster_1
cell_4980,3.4227,5.5321,cluster_1
cell_4981,9.7435,7.2841,cluster_3
cell_4982,11.5158,8.5995,cluster_3
cell_4983,7.1123,6.1991,cluster_3
cell_4984,15.1037,10.1376,cluster_2
cell_4985,14.3817,6.1749,cluster_1
cell_4986,1.1766,3.8160,cluster_6
cell_4987,-1.0323,8.0749,cluster_3
cell_4988,13.7836,10.1687,cluster_2
cell_4989,1.2676,3.3175,cluster_6
cell_499,1.8651,10.4993,cluster_5
cell_4990,15.3389,5.4002,cluster_1
cell_4991,0.4245,7.0723,cluster_3
cell_4992,13.7301,8.9295,cluster_1
cell_4993,-1.0218,8.3186,cluster_3
cell_4994,15.3951,9.0516,cluster_1
cell_4995,0.8706,2.6289,cluster_6
cell_4996,12.5215,6.7106,cluster_1
cell_4997,1.6372,4.3768,cluster_6
cell_4998,15.6002,9.6613,cluster_2
cell_4999,3.9541,11.6759,cluster_5
cell_5,0.6370,11.2370,cluster_5
cell_50,0.7654,10.4675,cluster_5
cell_500,3.5203,1.9557,cluster_6
cell_5000,1.5953,2.8775,cluster_6
cell_5001,12.9249,8.9853,cluster_2
cell_5002,1.5971,6.6817,cluster_3
cell_5003,2.1910,4.3118,cluster_6
cell_5004,13.4432,11.6682,cluster_2
cell_5005,12.7367,8.9393,cluster_2
cell_5006,3.0912,11.9781,cluster_5
cell_5007,6.0070,5.9503,cluster_3
cell_5008,2.8864,3.3006,cluster_6
cell_5009,3.1939,4.1329,cluster_6
cell_501,7.5534,6.4430,cluster_3
cell_5010,1.4479,12.1975,cluster_5
cell_5011,12.7528,5.8329,cluster_1
cell_5012,10.9060,7.8240,cluster_3
cell_5013,2.0837,6.2716,cluster_3
cell_5014,3.6731,-1.0407,cluster_4
cell_5015,3.9575,-0.6997,cluster_4
cell_5016,3.7572,12.1259,cluster_5
cell_5017,11.3442,6.2619,cluster_1
cell_5018,12.7047,7.6387,cluster_1
cell_5019,12.3548,6.2211,cluster_1
cell_502,4.2746,3.6178,cluster_6
cell_5020,-0.8661,7.7544,cluster_3
cell_5021,12.4795,7.3767,cluster_1
cell_5022,0.5175,2.0923,cluster_6
cell_5023,-1.0269,7.6450,cluster_3
cell_5024,15.5540,7.8458,cluster_1
cell_5025,12.6600,7.2295,cluster_1
cell_5026,0.4397,2.9524,cluster_6
cell_5027,14.9683,9.9927,cluster_2
cell_5028,14.2123,10.4849,cluster_2
cell_5029,3.8065,5.0043,cluster_5
cell_503,0.3633,10.3308,cluster_5
cell_5030,13.2436,9.2204,cluster_2
cell_5031,13.0069,8.2778,cluster_2
cell_5032,14.5724,7.4374,cluster_1
cell_5033,13.3428,6.2412,cluster_1
cell_5034,2.0790,3.9576,cluster_6
cell_5035,13.1140,8.8196,cluster_2
cell_5036,13.0789,10.6388,cluster_2
cell_5037,14.0336,8.7960,cluster_2
cell_5038,14.2944,9.3380,cluster_2
cell_5039,1.3233,2.6208,cluster_6
cell_504,1.6879,7.3213,cluster_5
cell_5040,1.3939,2.8882,cluster_6
cell_5041,1.4873,1.5929,cluster_6
cell_5042,14.1557,9.1051,cluster_2
cell_5043,15.1994,8.4778,cluster_2
cell_5044,8.6053,6.6283,cluster_2
cell_5045,14.1694,11.6601,cluster_2
cell_5046,10.9265,7.1799,cluster_3
cell_5047,2.3772,3.4269,cluster_6
cell_5048,14.4263,7.1828,cluster_1
cell_5049,11.8497,9.1003,cluster_2
cell_505,0.7357,7.2547,cluster_3
cell_5050,3.4178,7.8890,cluster_3
cell_5051,1.9112,10.1387,cluster_5
cell_5052,14.8971,7.5849,cluster_1
cell_5053,14.4318,9.7966,cluster_2
cell_5054,13.0287,8.3724,cluster_2
cell_5055,1.3195,10.6072,cluster_5
cell_5056,13.4124,10.0334,cluster_2
cell_5057,1.0330,6.8670,cluster_3
cell_5058,14.2602,11.1069,cluster_2
cell_5059,2.3411,-0.1235,cluster_4
cell_506,4.7393,5.0686,cluster_3
cell_5060,1.0670,12.2758,cluster_5
cell_5061,-0.2101,6.2465,cluster_3
cell_5062,12.1149,6.2048,cluster_1
cell_5063,14.2246,5.8708,cluster_1
cell_5064,13.4434,8.8681,cluster_1
cell_5065,14.5128,10.5027,cluster_2
cell_5066,13.5966,10.7951,cluster_2
cell_5067,15.0510,9.8691,cluster_2
cell_5068,2.7887,9.0283,cluster_5
cell_5069,16.2396,9.1494,cluster_2
cell_507,2.0330,10.2175,cluster_5
cell_5070,13.5101,8.7391,cluster_2
cell_5071,-0.8432,7.3115,cluster_3
cell_5072,9.3948,6.5404,cluster_3
cell_5073,14.6220,8.3439,cluster_1
cell_5074,11.6173,5.5383,cluster_1
cell_5075,12.1149,7.7499,cluster_1
cell_5076,15.8756,8.2363,cluster_1
cell_5077,14.0801,9.9661,cluster_2
cell_5078,14.0089,6.3273,cluster_1
cell_5079,3.3188,12.1175,cluster_5
cell_508,0.7659,11.5148,cluster_5
cell_5080,12.9766,5.2450,cluster_1
cell_5081,13.2499,10.6002,cluster_2
cell_5082,13.1853,5.5186,cluster_1
cell_5083,13.9359,6.5434,cluster_1
cell_5084,-0.0851,6.0423,cluster_3
cell_5085,0.6933,2.4199,cluster_6
cell_5086,3.5105,11.3513,cluster_5
cell_5087,13.8836,6.2435,cluster_1
cell_5088,12.7021,10.7821,cluster_2
cell_5089,1.9951,9.2465,cluster_5
cell_509,0.9594,8.3882,cluster_5
cell_5090,13.1222,8.7511,cluster_2
cell_5091,-0.8931,7.1956,cluster_3
cell_5092,7.1354,6.9252,cluster_3
cell_5093,13.8622,6.9501,cluster_1
cell_5094,-0.0237,6.2159,cluster_3
cell_5095,2.4790,10.2851,cluster_5
cell_5096,2.6097,9.3358,cluster_5
cell_5097,0.5661,7.2076,cluster_3
cell_5098,2.8756,6.6189,cluster_3
cell_5099,12.7662,8.0727,cluster_1
cell_51,3.5584,1.7726,cluster_4
cell_510,13.7985,7.5527,cluster_1
cell_5100,1.0049,3.1532,cluster_6
cell_5101,13.4152,7.2427,cluster_1
cell_5102,13.9515,6.2589,cluster_2
cell_5103,15.2091,10.6014,cluster_2
cell_5104,1.1952,2.2498,cluster_6
cell_5105,14.6701,5.3759,cluster_1
cell_5106,1.4226,2.0325,cluster_6
cell_5107,11.8798,6.1065,cluster_1
cell_5108,15.7204,8.9008,cluster_2
cell_5109,15.5031,9.1197,cluster_1
cell_511,0.9127,11.2543,cluster_5
cell_5110,1.8110,9.9819,cluster_5
cell_5111,7.9821,6.1212,cluster_3
cell_5112,14.5869,7.0732,cluster_1
cell_5113,-0.7041,8.4416,cluster_3
cell_5114,15.1316,5.4503,cluster_1
cell_5115,3.3460,-1.3928,cluster_4
cell_5116,13.5167,11.0700,cluster_2
cell_5117,15.7133,6.0324,cluster_1
cell_5118,14.1718,10.3019,cluster_2
cell_5119,13.5309,5.5564,cluster_1
cell_512,4.0928,-0.7302,cluster_4
cell_5120,-1.6050,6.5895,cluster_3
cell_5121,13.0968,10.3445,cluster_2
cell_5122,13.1294,10.8946,cluster_2
cell_5123,10.0587,7.2768,cluster_3
cell_5124,10.1345,6.7387,cluster_6
cell_5125,13.0661,6.0708,cluster_1
cell_5126,14.4418,8.1362,cluster_1
cell_5127,13.7512,9.3451,cluster_2
cell_5128,2.6334,0.0785,cluster_4
cell_5129,1.7337,2.3849,cluster_6
cell_513,2.7273,9.3607,cluster_5
cell_5130,10.5533,6.7805,cluster_3
cell_5131,1.4174,3.2622,cluster_6
cell_5132,12.1915,10.1039,cluster_2
cell_5133,15.5293,8.7750,cluster_2
cell_5134,3.4497,0.5600,cluster_4
cell_5135,13.0137,7.7013,cluster_2
cell_5136,12.1072,8.8720,cluster_2
cell_5137,-1.5527,6.2091,cluster_3
cell_5138,0.4890,5.8553,cluster_3
cell_5139,11.2833,8.2202,cluster_3
cell_514,1.9607,7.2123,cluster_3
cell_5140,12.5810,7.3748,cluster_1
cell_5141,3.3148,4.8069,cluster_1
cell_5142,1.1670,2.5539,cluster_6
cell_5143,14.1410,8.6947,cluster_1
cell_5144,3.7569,10.8918,cluster_5
cell_5145,14.9432,9.5933,cluster_2
cell_5146,16.0504,7.3869,cluster_1
cell_5147,7.6480,6.5985,cluster_3
cell_5148,12.4581,9.7852,cluster_2
cell_5149,0.4581,10.7591,cluster_5
cell_515,6.9453,5.9689,cluster_6
cell_5150,11.9330,5.5651,cluster_1
cell_5151,12.6326,4.9485,cluster_1
cell_5152,3.7474,4.3916,cluster_6
cell_5153,13.1976,8.9273,cluster_2
cell_5154,12.1732,9.4590,cluster_2
cell_5155,-0.9068,6.1057,cluster_3
cell_5156,14.6425,5.8304,cluster_1
cell_5157,13.5419,10.2549,cluster_2
cell_5158,13.8771,4.9515,cluster_1
cell_5159,14.0721,6.4743,cluster_1
cell_516,-0.5496,8.5261,cluster_3
cell_5160,12.1897,6.0471,cluster_1
cell_5161,2.7628,3.3068,cluster_6
cell_5162,2.6207,7.0896,cluster_3
cell_5163,2.2842,-0.1253,cluster_4
cell_5164,13.5523,8.7966,cluster_2
cell_5165,-0.9977,6.1168,cluster_3
cell_5166,10.2476,7.6556,cluster_3
cell_5167,13.6213,8.7067,cluster_1
cell_5168,12.7937,5.1196,cluster_1
cell_5169,1.4520,10.1747,cluster_5
cell_517,3.8213,1.2155,cluster_4
cell_5170,0.3784,6.5118,cluster_3
cell_5171,1.4212,10.6929,cluster_5
cell_5172,1.2095,10.3991,cluster_5
cell_5173,-1.1455,6.0080,cluster_3
cell_5174,9.9305,6.9548,cluster_3
cell_5175,14.5109,11.6541,cluster_2
cell_5176,14.1632,6.9918,cluster_1
cell_5177,3.7759,0.1458,cluster_6
cell_5178,12.9986,6.6627,cluster_1
cell_5179,15.4425,8.1747,cluster_1
cell_518,1.9331,3.0676,cluster_6
cell_5180,13.4793,10.2086,cluster_2
cell_5181,2.6435,0.6575,cluster_4
cell_5182,12.1517,10.4578,cluster_2
cell_5183,-0.0882,5.8484,cluster_3
cell_5184,12.5633,6.0045,cluster_1
cell_5185,15.1429,7.0440,cluster_1
cell_5186,2.0260,2.5021,cluster_6
cell_5187,2.4030,10.1489,cluster_5
cell_5188,2.8565,2.9249,cluster_4
cell_5189,2.4087,3.7489,cluster_6
cell_519,-0.9302,8.4393,cluster_3
cell_5190,0.2925,6.8002,cluster_3
cell_5191,14.0427,11.8494,cluster_2
cell_5192,3.9799,12.2952,cluster_5
cell_5193,12.2676,5.2157,cluster_2
cell_5194,14.7767,6.3782,cluster_1
cell_5195,12.0573,5.9873,cluster_1
cell_5196,2.1330,6.7793,cluster_3
cell_5197,14.4685,8.9009,cluster_2
cell_5198,-0.5717,5.7227,cluster_3
cell_5199,12.4785,7.3932,cluster_2
cell_52,2.1855,9.1788,cluster_5
cell_520,0.8110,10.8238,cluster_5
cell_5200,1.9966,1.9526,cluster_6
cell_5201,15.3562,6.4340,cluster_1
cell_5202,12.9465,6.8893,cluster_1
cell_5203,14.6941,11.6631,cluster_2
cell_5204,1.0280,3.1958,cluster_6
cell_5205,3.5311,12.3569,cluster_5
cell_5206,11.7696,9.3163,cluster_2
cell_5207,14.4872,6.6506,cluster_1
cell_5208,15.7314,9.0273,cluster_1
cell_5209,14.9708,6.7039,cluster_1
cell_521,3.9771,0.3161,cluster_4
cell_5210,12.1701,6.7077,cluster_1
cell_5211,-1.2366,7.6797,cluster_3
cell_5212,2.4416,8.7266,cluster_6
cell_5213,14.9123,8.2695,cluster_2
cell_5214,15.2678,8.6729,cluster_1
cell_5215,2.6236,1.0349,cluster_4
cell_5216,11.3204,6.7536,cluster_1
cell_5217,14.4409,8.6481,cluster_1
cell_5218,0.2496,10.2757,cluster_5
cell_5219,13.2564,11.0724,cluster_2
cell_522,2.6473,10.9889,cluster_5
cell_5220,1.4653,6.6767,cluster_3
cell_5221,12.2353,7.7547,cluster_1
cell_5222,12.8147,5.8535,cluster_1
cell_5223,-1.2306,6.4141,cluster_3
cell_5224,3.9215,5.1249,cluster_3
cell_5225,3.5535,-0.7333,cluster_4
cell_5226,14.5580,5.4972,cluster_1
cell_5227,12.9339,11.4178,cluster_2
cell_5228,12.2961,9.4696,cluster_2
cell_5229,1.2269,3.1802,cluster_6
cell_523,2.2914,1.0061,cluster_4
cell_5230,8.5339,6.1273,cluster_3
cell_5231,10.4623,7.4535,cluster_1
cell_5232,12.5063,6.3863,cluster_1
cell_5233,13.3256,5.6042,cluster_1
cell_5234,10.1524,7.1715,cluster_6
cell_5235,14.2176,10.9713,cluster_2
cell_5236,7.9396,6.6098,cluster_3
cell_5237,-0.9147,7.0881,cluster_3
cell_5238,15.0313,5.0736,cluster_1
cell_5239,15.3549,10.1941,cluster_2
cell_524,15.3850,6.3298,cluster_1
cell_5240,15.0180,5.4062,cluster_1
cell_5241,12.7880,8.2704,cluster_1
cell_5242,12.7879,7.5501,cluster_1
cell_5243,13.7904,5.4880,cluster_1
cell_5244,11.5895,7.3496,cluster_1
cell_5245,7.7297,6.7679,cluster_1
cell_5246,2.7922,4.1896,cluster_6
cell_5247,10.8186,6.3846,cluster_6
cell_5248,14.7561,5.2553,cluster_1
cell_5249,-1.2168,6.3864,cluster_3
cell_525,1.1286,11.2125,cluster_5
cell_5250,0.7496,6.5316,cluster_3
cell_5251,3.0646,0.0493,cluster_4
cell_5252,2.9296,3.5599,cluster_6
cell_5253,0.4907,3.2553,cluster_3
cell_5254,15.5060,8.5256,cluster_2
cell_5255,12.8712,10.9477,cluster_2
cell_5256,11.5256,6.9327,cluster_1
cell_5257,12.4407,6.9772,cluster_1
cell_5258,15.4888,5.3135,cluster_1
cell_5259,13.9555,8.4758,cluster_1
cell_526,8.2928,6.0485,cluster_3
cell_5260,14.3625,4.6821,cluster_1
cell_5261,2.5948,0.9020,cluster_4
cell_5262,12.6961,6.6113,cluster_1
cell_5263,11.6080,6.9891,cluster_1
cell_5264,1.2666,1.8844,cluster_6
cell_5265,13.1235,5.7700,cluster_1
cell_5266,15.4591,8.1141,cluster_2
cell_5267,11.5261,6.6000,cluster_1
cell_5268,13.3885,6.5941,cluster_1
cell_5269,2.0312,6.9678,cluster_3
cell_527,12.3872,9.4882,cluster_2
cell_5270,-1.2464,7.0445,cluster_3
cell_5271,10.6413,7.5830,cluster_2
cell_5272,11.5855,6.6084,cluster_1
cell_5273,14.9713,7.0075,cluster_1
cell_5274,11.4871,6.3534,cluster_1
cell_5275,13.2539,9.4846,cluster_2
cell_5276,1.7690,6.4172,cluster_3
cell_5277,-1.3038,6.5059,cluster_3
cell_5278,15.3699,7.1667,cluster_1
cell_5279,12.5974,8.9661,cluster_2
cell_528,1.7944,10.7346,cluster_5
cell_5280,15.0963,8.6499,cluster_2
cell_5281,4.1469,11.4494,cluster_5
cell_5282,4.6406,8.8132,cluster_7
cell_5283,14.1100,7.8988,cluster_1
cell_5284,14.0979,6.2499,cluster_2
cell_5285,14.5670,4.9200,cluster_1
cell_5286,-1.2404,6.6680,cluster_3
cell_5287,12.7248,8.1743,cluster_1
cell_5288,11.5429,6.4131,cluster_1
cell_5289,13.2027,5.3081,cluster_1
cell_529,-0.8366,8.4383,cluster_3
cell_5290,12.8125,7.5245,cluster_2
cell_5291,3.1029,-0.6459,cluster_4
cell_5292,13.6175,5.3999,cluster_1
cell_5293,15.1122,9.2547,cluster_2
cell_5294,1.4138,3.3106,cluster_6
cell_5295,4.0408,2.2334,cluster_6
cell_5296,9.6745,6.2852,cluster_1
cell_5297,14.8418,5.8053,cluster_1
cell_5298,14.7964,6.5912,cluster_1
cell_5299,14.9641,10.9538,cluster_2
cell_53,1.8502,9.4001,cluster_5
cell_530,1.8119,10.8657,cluster_5
cell_5300,1.1981,2.6778,cluster_6
cell_5301,15.1228,8.1737,cluster_1
cell_5302,9.7441,6.9810,cluster_6
cell_5303,14.7299,10.0879,cluster_2
cell_5304,15.2339,10.8453,cluster_2
cell_5305,13.4623,6.7987,cluster_1
cell_5306,12.5481,10.1627,cluster_2
cell_5307,11.1251,6.6859,cluster_3
cell_5308,2.4897,3.4119,cluster_6
cell_5309,14.2881,7.9920,cluster_1
cell_531,3.8539,2.4782,cluster_6
cell_5310,13.0337,5.1598,cluster_1
cell_5311,2.3743,3.4478,cluster_6
cell_5312,14.0677,8.5175,cluster_1
cell_5313,1.0046,11.0259,cluster_5
cell_5314,14.3835,8.1759,cluster_1
cell_5315,2.8987,3.3636,cluster_6
cell_5316,14.9586,6.6615,cluster_1
cell_5317,13.2167,6.0861,cluster_2
cell_5318,14.9864,6.7594,cluster_1
cell_5319,13.3170,5.8673,cluster_1
cell_532,15.2354,6.2169,cluster_1
cell_5320,12.0051,7.5608,cluster_1
cell_5321,8.0052,6.3098,cluster_3
cell_5322,1.8349,6.3681,cluster_1
cell_5323,1.7714,3.8569,cluster_6
cell_5324,12.6202,6.5019,cluster_1
cell_5325,14.1429,6.5634,cluster_2
cell_5326,12.4339,8.4278,cluster_1
cell_5327,12.9202,6.1783,cluster_1
cell_5328,1.2344,6.6464,cluster_3
cell_5329,3.8587,12.3947,cluster_5
cell_533,0.7475,11.5974,cluster_5
cell_5330,-0.7202,7.0249,cluster_3
cell_5331,14.8471,9.6223,cluster_2
cell_5332,3.6834,4.1568,cluster_6
cell_5333,3.0028,4.0254,cluster_6
cell_5334,12.6429,7.6539,cluster_1
cell_5335,1.4229,3.3887,cluster_6
cell_5336,15.9297,5.9768,cluster_1
cell_5337,10.8493,7.2417,cluster_1
cell_5338,15.0204,8.8789,cluster_2
cell_5339,14.5693,7.7791,cluster_1
cell_534,12.9402,8.9150,cluster_2
cell_5340,13.6879,5.2515,cluster_1
cell_5341,14.4535,6.7811,cluster_2
cell_5342,16.5650,7.5536,cluster_1
cell_5343,-1.7024,6.2021,cluster_3
cell_5344,12.0166,8.7632,cluster_1
cell_5345,1.2072,3.1109,cluster_6
cell_5346,0.0135,6.2991,cluster_3
cell_5347,13.8163,8.6222,cluster_1
cell_5348,15.2510,5.6852,cluster_1
cell_5349,15.1726,7.7214,cluster_1
cell_535,3.7297,11.9523,cluster_5
cell_5350,12.8671,10.2334,cluster_2
cell_5351,13.3681,10.5549,cluster_2
cell_5352,13.3245,6.7138,cluster_1
cell_5353,15.3019,9.9292,cluster_2
cell_5354,2.8037,6.7824,cluster_6
cell_5355,14.7775,7.6051,cluster_1
cell_5356,12.5408,5.6276,cluster_1
cell_5357,15.9257,7.5268,cluster_1
cell_5358,0.0986,6.8650,cluster_3
cell_5359,1.1208,4.0131,cluster_5
cell_536,11.7831,7.8959,cluster_5
cell_5360,13.0506,4.9288,cluster_1
cell_5361,14.2645,10.7403,cluster_2
cell_5362,4.0738,11.6094,cluster_5
cell_5363,1.4466,3.3785,cluster_6
cell_5364,3.5739,-0.7599,cluster_4
cell_5365,11.4048,7.0681,cluster_1
cell_5366,12.9319,9.5871,cluster_2
cell_5367,12.3474,7.0427,cluster_1
cell_5368,15.3016,7.1297,cluster_1
cell_5369,4.1815,11.6359,cluster_5
cell_537,3.0422,7.2442,cluster_5
cell_5370,5.1928,9.1759,cluster_7
cell_5371,13.5029,7.3689,cluster_1
cell_5372,3.4774,4.5768,cluster_6
cell_5373,13.9491,8.0310,cluster_1
cell_5374,13.2826,10.0269,cluster_2
cell_5375,13.3511,10.3503,cluster_2
cell_5376,0.0194,7.2430,cluster_3
cell_5377,13.2693,7.5596,cluster_1
cell_5378,14.0498,10.3812,cluster_2
cell_5379,13.9458,5.1121,cluster_1
cell_538,2.8717,11.7425,cluster_5
cell_5380,13.5787,6.1898,cluster_1
cell_5381,13.4034,6.5052,cluster_1
cell_5382,4.3250,8.7500,cluster_7
cell_5383,14.8616,7.9038,cluster_1
cell_5384,12.4347,8.1864,cluster_2
cell_5385,9.7172,6.3637,cluster_3
cell_5386,12.8558,6.0468,cluster_1
cell_5387,6.6866,6.6399,cluster_3
cell_5388,13.4531,5.2172,cluster_1
cell_5389,12.2616,9.9765,cluster_2
cell_539,1.1938,7.1604,cluster_3
cell_5390,15.8717,7.0744,cluster_1
cell_5391,14.1042,8.7374,cluster_1
cell_5392,8.4490,6.7586,cluster_6
cell_5393,3.5280,12.3173,cluster_5
cell_5394,13.5475,8.8236,cluster_2
cell_5395,3.6312,4.9491,cluster_6
cell_5396,14.9894,5.5498,cluster_1
cell_5397,-1.4284,5.9779,cluster_3
cell_5398,14.1663,4.7416,cluster_1
cell_5399,7.8627,6.5803,cluster_6
cell_54,4.9666,8.9060,cluster_7
cell_540,0.3633,7.9950,cluster_5
cell_5400,12.9669,6.0435,cluster_1
cell_5401,4.7339,5.8149,cluster_1
cell_5402,2.1077,3.0778,cluster_6
cell_5403,1.9436,6.8654,cluster_3
cell_5404,-0.8222,6.4297,cluster_3
cell_5405,13.0336,11.4764,cluster_2
cell_5406,14.0053,5.4932,cluster_1
cell_5407,3.5634,7.5655,cluster_6
cell_5408,14.1830,11.7423,cluster_2
cell_5409,14.9288,10.9464,cluster_2
cell_541,1.8197,11.0500,cluster_5
cell_5410,12.9911,6.8624,cluster_1
cell_5411,14.7033,6.0803,cluster_1
cell_5412,3.4575,-0.9316,cluster_4
cell_5413,1.4717,11.2353,cluster_5
cell_5414,14.8099,7.4103,cluster_1
cell_5415,14.9611,6.4047,cluster_1
cell_5416,11.1596,8.8539,cluster_2
cell_5417,15.5349,6.8398,cluster_1
cell_5418,3.1527,6.6867,cluster_1
cell_5419,1.2274,9.9837,cluster_5
cell_542,11.6290,6.1880,cluster_3
cell_5420,14.1301,6.9768,cluster_1
cell_5421,1.2284,2.7025,cluster_6
cell_5422,1.0733,6.7093,cluster_3
cell_5423,13.4700,9.2592,cluster_2
cell_5424,13.1100,5.0947,cluster_1
cell_5425,13.3708,11.7699,cluster_2
cell_5426,15.7058,5.3412,cluster_1
cell_5427,14.8842,8.9765,cluster_1
cell_5428,14.7932,4.9300,cluster_1
cell_5429,13.1501,10.1253,cluster_2
cell_543,1.8196,3.7869,cluster_6
cell_5430,3.0152,-0.8911,cluster_4
cell_5431,13.0872,6.8823,cluster_1
cell_5432,13.6528,7.4852,cluster_1
cell_5433,14.9539,7.9870,cluster_1
cell_5434,15.5271,6.7734,cluster_1
cell_5435,15.1455,9.8564,cluster_2
cell_5436,13.5129,6.2421,cluster_1
cell_5437,2.7392,3.1323,cluster_6
cell_5438,13.5672,5.2675,cluster_1
cell_5439,10.3675,7.2345,cluster_6
cell_544,1.2660,12.4697,cluster_5
cell_5440,0.8306,6.7133,cluster_3
cell_5441,3.5666,2.0495,cluster_6
cell_5442,1.8396,2.9961,cluster_6
cell_5443,13.4260,7.3847,cluster_1
cell_5444,15.8706,8.8705,cluster_1
cell_5445,12.9595,6.6682,cluster_1
cell_5446,14.1972,5.4782,cluster_1
cell_5447,1.8845,3.2120,cluster_6
cell_5448,12.9460,5.1509,cluster_1
cell_5449,15.4210,8.7774,cluster_2
cell_545,-1.2076,7.9855,cluster_3
cell_5450,0.3517,7.0370,cluster_3
cell_5451,14.0900,6.9278,cluster_1
cell_5452,14.9614,10.1195,cluster_2
cell_5453,13.8816,11.0247,cluster_2
cell_5454,12.7429,6.7757,cluster_1
cell_5455,13.1981,8.4394,cluster_2
cell_5456,14.7663,4.8791,cluster_1
cell_5457,4.9821,9.1672,cluster_7
cell_5458,13.4364,7.9769,cluster_8
cell_5459,13.2035,6.2668,cluster_1
cell_546,14.5078,7.4688,cluster_1
cell_5460,-1.1247,6.0950,cluster_3
cell_5461,10.7250,6.6452,cluster_6
cell_5462,14.1123,6.9999,cluster_1
cell_5463,3.7329,11.7587,cluster_5
cell_5464,1.5811,2.5141,cluster_6
cell_5465,2.4946,6.5856,cluster_3
cell_5466,0.1309,5.8162,cluster_3
cell_5467,10.8841,6.2970,cluster_1
cell_5468,1.7008,2.7961,cluster_6
cell_5469,11.4590,8.6013,cluster_6
cell_547,14.5623,9.5545,cluster_2
cell_5470,14.7037,5.1058,cluster_1
cell_5471,14.4550,6.1042,cluster_1
cell_5472,13.3718,11.0221,cluster_2
cell_5473,8.0199,7.1604,cluster_5
cell_5474,11.2963,6.8840,cluster_3
cell_5475,10.2436,5.7499,cluster_3
cell_5476,10.9081,6.6140,cluster_3
cell_5477,14.5282,11.2206,cluster_2
cell_5478,2.2660,2.1083,cluster_6
cell_5479,13.6320,8.9952,cluster_1
cell_548,2.8428,1.5465,cluster_4
cell_5480,13.2302,10.1905,cluster_2
cell_5481,4.7477,5.7787,untyped
cell_5482,13.3364,10.9258,cluster_2
cell_5483,13.0534,8.9139,cluster_2
cell_5484,12.8338,10.4563,cluster_2
cell_5485,3.0918,-1.0371,cluster_4
cell_5486,16.1771,8.3882,cluster_2
cell_5487,0.4732,5.8214,cluster_3
cell_5488,13.1351,6.0027,cluster_1
cell_5489,13.3682,7.3919,cluster_2
cell_549,-0.5111,7.8441,cluster_3
cell_5490,15.8770,5.8101,cluster_1
cell_5491,15.3388,10.1304,cluster_2
cell_5492,14.8647,5.7071,cluster_1
cell_5493,11.5330,7.1369,cluster_2
cell_5494,-1.4754,6.4882,cluster_3
cell_5495,14.8380,9.6887,cluster_2
cell_5496,-0.7985,7.7544,cluster_3
cell_5497,13.9884,5.0646,cluster_1
cell_5498,10.5692,6.6791,cluster_3
cell_5499,12.6288,5.2087,cluster_1
cell_55,1.7526,9.7153,cluster_5
cell_550,0.7593,6.4095,cluster_3
cell_5500,1.3455,11.3549,cluster_5
cell_5501,13.4142,7.3361,cluster_1
cell_5502,13.5965,8.1310,cluster_1
cell_5503,3.0246,12.4648,cluster_5
cell_5504,14.5805,8.1290,cluster_1
cell_5505,2.8670,1.7642,cluster_4
cell_5506,12.8494,8.0507,cluster_2
cell_5507,13.3906,8.0032,cluster_1
cell_5508,11.6475,8.5193,cluster_2
cell_5509,1.8789,2.7947,cluster_6
cell_551,1.7771,1.2768,cluster_4
cell_5510,1.1166,2.9438,cluster_6
cell_5511,15.8551,6.4803,cluster_1
cell_5512,15.6017,6.9079,cluster_1
cell_5513,3.5278,-0.7766,cluster_4
cell_5514,2.6136,3.0104,cluster_6
cell_5515,13.1171,11.3927,cluster_2
cell_5516,3.0858,1.6332,cluster_4
cell_5517,14.4577,10.4776,cluster_2
cell_5518,7.5778,6.0619,cluster_6
cell_5519,14.6390,8.6644,cluster_2
cell_552,0.5537,10.5803,cluster_5
cell_5520,13.8907,7.5856,cluster_2
cell_5521,2.9446,2.5390,cluster_6
cell_5522,14.2518,6.4045,cluster_1
cell_5523,12.2813,7.5411,cluster_1
cell_5524,13.0669,5.2833,cluster_1
cell_5525,0.5864,11.1292,cluster_5
cell_5526,10.8301,7.8566,cluster_6
cell_5527,14.0588,8.7040,cluster_1
cell_5528,13.5691,11.1128,cluster_2
cell_5529,-0.0271,6.8809,cluster_3
cell_553,13.6493,8.8694,cluster_1
cell_5530,-1.0940,6.6070,cluster_3
cell_5531,12.1920,6.5511,cluster_1
cell_5532,2.6343,3.4931,cluster_6
cell_5533,3.9485,4.0549,cluster_6
cell_5534,13.4672,5.9012,cluster_2
cell_5535,16.0772,7.1860,cluster_1
cell_5536,2.0709,3.4746,cluster_6
cell_5537,12.7788,6.5401,cluster_1
cell_5538,3.3543,11.5084,cluster_5
cell_5539,1.9253,2.8285,cluster_6
cell_554,13.8298,9.9968,cluster_2
cell_5540,-1.0003,7.1396,cluster_3
cell_5541,15.0643,9.2435,cluster_2
cell_5542,12.6448,9.2765,cluster_1
cell_5543,0.8804,2.5737,cluster_6
cell_5544,14.8452,8.1652,cluster_2
cell_5545,13.8253,9.2753,cluster_2
cell_5546,12.9744,6.9827,cluster_1
cell_5547,15.9718,8.2953,cluster_2
cell_5548,4.5600,0.4795,cluster_4
cell_5549,12.2117,7.1772,cluster_1
cell_555,3.5005,11.5127,cluster_5
cell_5550,3.3434,3.3558,cluster_6
cell_5551,2.3594,-0.4117,cluster_4
cell_5552,14.6758,5.2886,cluster_1
cell_5553,12.9631,10.3853,cluster_2
cell_5554,15.1747,7.9651,cluster_2
cell_5555,12.4275,5.5923,cluster_1
cell_5556,14.4928,5.1631,cluster_1
cell_5557,5.2863,9.2377,cluster_7
cell_5558,15.4857,7.5589,cluster_1
cell_5559,2.4688,3.6446,cluster_6
cell_556,3.7878,8.6566,cluster_7
cell_5560,12.9152,10.4040,cluster_2
cell_5561,13.9916,5.4974,cluster_1
cell_5562,15.8449,7.1019,cluster_1
cell_5563,6.5982,6.7969,cluster_3
cell_5564,11.1806,6.3668,cluster_1
cell_5565,3.7570,11.5403,cluster_5
cell_5566,15.4796,8.3619,cluster_1
cell_5567,11.7394,8.0924,cluster_2
cell_5568,14.1540,5.1089,cluster_1
cell_5569,2.7809,-0.5741,cluster_4
cell_557,1.9578,10.3826,cluster_5
cell_5570,-1.5152,5.9287,cluster_3
cell_5571,14.7998,5.2342,cluster_1
cell_5572,14.8001,10.6042,cluster_2
cell_5573,16.1375,7.0044,cluster_1
cell_5574,1.7572,10.9741,cluster_5
cell_5575,13.3870,11.4646,cluster_2
cell_5576,12.2524,7.8287,cluster_2
cell_5577,13.2224,9.4346,cluster_2
cell_5578,3.4115,11.2277,cluster_5
cell_5579,3.6015,4.5310,cluster_1
cell_558,0.6930,11.8483,cluster_5
cell_5580,13.8318,6.2651,cluster_2
cell_5581,13.4844,10.6178,cluster_2
cell_5582,13.5092,5.6632,cluster_1
cell_5583,11.8949,5.5436,cluster_1
cell_5584,3.1154,3.7867,cluster_6
cell_5585,14.0238,7.2637,cluster_1
cell_5586,1.6789,6.7809,cluster_2
cell_5587,11.4674,9.2176,cluster_2
cell_5588,10.1460,7.0365,cluster_3
cell_5589,13.2401,11.1799,cluster_2
cell_559,2.8155,12.5263,cluster_5
cell_5590,0.8513,6.4689,cluster_3
cell_5591,15.4247,5.8500,cluster_1
cell_5592,13.4888,5.1258,cluster_1
cell_5593,1.2721,1.7501,cluster_6
cell_5594,3.6763,3.6159,cluster_6
cell_5595,13.3029,6.5998,cluster_1
cell_5596,14.9661,7.5255,cluster_1
cell_5597,14.2422,7.2208,cluster_1
cell_5598,-1.3569,6.9410,cluster_3
cell_5599,15.2251,6.2636,cluster_1
cell_56,1.5536,3.6554,cluster_6
cell_560,6.0448,3.1054,cluster_8
cell_5600,13.0989,8.1180,cluster_2
cell_5601,15.2188,6.4561,cluster_1
cell_5602,13.3668,7.8818,cluster_1
cell_5603,15.7221,7.3709,cluster_1
cell_5604,3.7102,11.4434,cluster_5
cell_5605,15.3732,8.9318,cluster_1
cell_5606,0.9246,2.2768,cluster_6
cell_5607,1.2856,2.7038,cluster_6
cell_5608,0.7155,10.9472,cluster_5
cell_5609,1.4539,9.7595,cluster_5
cell_561,2.7375,9.6819,cluster_5
cell_5610,14.7674,10.5618,cluster_2
cell_5611,13.6803,5.7501,cluster_1
cell_5612,2.6672,-0.6789,cluster_4
cell_5613,7.7893,6.4412,cluster_3
cell_5614,12.5411,5.1723,cluster_1
cell_5615,14.6322,7.9355,cluster_1
cell_5616,13.6225,5.6126,cluster_1
cell_5617,13.6139,7.1875,cluster_1
cell_5618,13.6670,10.5718,cluster_2
cell_5619,14.1496,5.8408,cluster_1
cell_562,0.7623,11.5480,cluster_5
cell_5620,12.2681,6.1025,cluster_1
cell_5621,13.7043,7.1154,cluster_1
cell_5622,8.3653,6.5250,cluster_6
cell_5623,4.8341,9.1458,cluster_7
cell_5624,12.1073,5.6184,cluster_1
cell_5625,12.7053,8.2994,cluster_1
cell_5626,0.6472,2.4537,cluster_6
cell_5627,13.2503,6.1457,cluster_1
cell_5628,10.8615,7.1974,cluster_3
cell_5629,15.7535,5.7017,cluster_1
cell_563,-0.3165,6.5721,cluster_3
cell_5630,9.7821,6.9889,cluster_3
cell_5631,13.9284,7.6716,cluster_2
cell_5632,14.1567,4.9026,cluster_1
cell_5633,12.7410,9.6722,cluster_2
cell_5634,14.9649,7.4413,cluster_1
cell_5635,13.1979,6.0097,cluster_1
cell_5636,2.2890,9.9261,cluster_5
cell_5637,15.4811,6.5709,cluster_1
cell_5638,15.8755,7.4434,cluster_1
cell_5639,12.6126,10.3474,cluster_2
cell_564,1.7833,2.5318,cluster_4
cell_5640,15.6208,9.4670,cluster_2
cell_5641,13.4821,11.3751,cluster_2
cell_5642,13.6463,6.4332,cluster_1
cell_5643,-0.9592,6.0155,cluster_3
cell_5644,5.1447,9.3039,cluster_7
cell_5645,13.1286,9.9769,cluster_2
cell_5646,13.9960,7.2301,cluster_2
cell_5647,14.7539,8.1855,cluster_1
cell_5648,9.4233,6.9481,cluster_3
cell_5649,12.6644,5.5336,cluster_1
cell_565,1.4436,2.9497,cluster_6
cell_5650,11.2580,7.3773,cluster_2
cell_5651,14.4117,9.0721,cluster_1
cell_5652,8.7414,7.0297,cluster_3
cell_5653,2.5653,11.8407,cluster_5
cell_5654,3.3888,4.1821,cluster_6
cell_5655,14.4003,10.0693,cluster_2
cell_5656,13.3850,6.6763,cluster_1
cell_5657,1.5609,2.9618,cluster_6
cell_5658,14.4086,7.3134,cluster_1
cell_5659,1.2591,6.5713,cluster_3
cell_566,0.8271,3.1551,cluster_6
cell_5660,14.5400,10.9728,cluster_2
cell_5661,8.4471,7.1061,cluster_3
cell_5662,10.4404,7.2469,cluster_7
cell_5663,14.1503,5.2144,cluster_1
cell_5664,-1.5477,5.7394,cluster_3
cell_5665,9.8087,6.6731,cluster_3
cell_5666,10.4575,6.6486,cluster_3
cell_5667,1.2720,3.0921,cluster_6
cell_5668,12.7407,5.1646,cluster_1
cell_5669,12.8281,4.8689,cluster_1
cell_567,5.7965,4.4341,cluster_8
cell_5670,13.3856,7.3909,cluster_1
cell_5671,-0.1777,7.3077,cluster_3
cell_5672,13.7523,6.5944,cluster_1
cell_5673,16.1233,7.4001,cluster_1
cell_5674,9.6526,6.1170,cluster_3
cell_5675,13.4940,7.7305,cluster_1
cell_5676,14.5384,9.7762,cluster_2
cell_5677,13.0003,11.2854,cluster_2
cell_5678,1.1921,2.8657,cluster_6
cell_5679,14.0914,7.7718,cluster_1
cell_568,0.9411,10.5540,cluster_5
cell_5680,13.8445,8.0109,cluster_1
cell_5681,8.8020,6.5562,cluster_3
cell_5682,14.0531,8.9984,cluster_2
cell_5683,13.4066,6.0182,cluster_1
cell_5684,13.3027,5.8092,cluster_1
cell_5685,11.4922,5.8238,cluster_1
cell_5686,15.0374,5.7817,cluster_1
cell_5687,11.8422,5.5841,cluster_3
cell_5688,13.7492,4.8593,cluster_1
cell_5689,-0.6990,6.2158,cluster_3
cell_569,1.7611,10.1809,cluster_5
cell_5690,2.0739,1.6956,cluster_6
cell_5691,2.4116,-0.4336,cluster_4
cell_5692,14.9394,8.8679,cluster_2
cell_5693,14.9481,5.5646,cluster_1
cell_5694,12.4479,7.2672,cluster_1
cell_5695,12.9243,7.7227,cluster_2
cell_5696,12.6913,7.5425,cluster_2
cell_5697,14.0213,6.0508,cluster_1
cell_5698,13.7231,6.5502,cluster_1
cell_5699,14.0303,11.0742,cluster_2
cell_57,2.5895,4.2973,cluster_6
cell_570,1.6737,3.1001,cluster_6
cell_5700,14.4418,6.1956,cluster_1
cell_5701,12.8427,6.9898,cluster_1
cell_5702,1.2179,9.8876,cluster_5
cell_5703,7.0929,5.6314,cluster_3
cell_5704,12.2875,10.6274,cluster_2
cell_5705,15.6709,9.7015,cluster_2
cell_5706,2.3910,1.5415,cluster_6
cell_5707,13.0870,6.1136,cluster_1
cell_5708,-1.7104,6.2349,cluster_3
cell_5709,2.1430,3.3327,cluster_6
cell_571,3.8302,11.6220,cluster_5
cell_5710,6.6470,5.7068,cluster_3
cell_5711,13.3561,10.3630,cluster_2
cell_5712,1.2584,6.0068,cluster_5
cell_5713,2.0302,10.0318,cluster_5
cell_5714,12.7474,7.7534,cluster_1
cell_5715,1.0712,7.0572,cluster_3
cell_5716,13.1928,5.8007,cluster_1
cell_5717,15.0230,7.6295,cluster_1
cell_5718,5.9447,5.4204,cluster_4
cell_5719,13.2821,6.6824,cluster_1
cell_572,2.5056,7.9120,cluster_5
cell_5720,15.8661,6.9066,cluster_1
cell_5721,13.1052,6.0790,cluster_1
cell_5722,0.1731,11.2575,cluster_5
cell_5723,14.4190,11.0365,cluster_2
cell_5724,4.2266,0.5424,cluster_4
cell_5725,13.7968,7.9689,cluster_1
cell_5726,11.4794,7.4529,cluster_2
cell_5727,2.6697,0.4663,cluster_4
cell_5728,0.5471,2.4663,cluster_6
cell_5729,15.4713,9.4369,cluster_2
cell_573,14.4189,11.3776,cluster_2
cell_5730,14.4332,8.8801,cluster_2
cell_5731,1.8846,3.4829,cluster_6
cell_5732,14.0104,5.5567,cluster_1
cell_5733,9.0358,6.4475,cluster_3
cell_5734,13.7708,5.6222,cluster_1
cell_5735,0.9418,7.1041,cluster_3
cell_5736,15.2304,5.5443,cluster_1
cell_5737,1.0312,1.8284,cluster_6
cell_5738,14.7793,5.5458,cluster_1
cell_5739,3.2992,3.4435,cluster_6
cell_574,1.7888,10.0711,cluster_5
cell_5740,12.4132,10.3758,cluster_2
cell_5741,13.6211,11.1289,cluster_2
cell_5742,15.2408,10.0944,cluster_2
cell_5743,13.3849,10.9265,cluster_2
cell_5744,11.4974,6.9763,cluster_1
cell_5745,15.4057,8.3011,cluster_1
cell_5746,13.3503,6.5395,cluster_1
cell_5747,11.0847,8.4131,cluster_2
cell_5748,3.2732,1.3828,cluster_4
cell_5749,2.2067,3.2695,cluster_6
cell_575,6.1628,3.5448,cluster_8
cell_5750,1.7279,1.8137,cluster_6
cell_5751,12.8799,7.6592,cluster_2
cell_5752,3.6010,11.6945,cluster_5
cell_5753,3.7671,11.9097,cluster_5
cell_5754,14.5537,6.6056,cluster_1
cell_5755,11.2890,6.1334,cluster_1
cell_5756,15.4293,8.1768,cluster_1
cell_5757,11.9734,6.5308,cluster_2
cell_5758,15.0869,7.2714,cluster_1
cell_5759,11.4613,6.8931,cluster_8
cell_576,-0.4723,7.9298,cluster_3
cell_5760,13.7036,9.8201,cluster_2
cell_5761,0.0712,7.5062,cluster_3
cell_5762,12.0840,7.7224,cluster_1
cell_5763,3.6942,11.6691,cluster_5
cell_5764,3.8077,0.4105,cluster_4
cell_5765,14.0915,8.4070,cluster_1
cell_5766,13.8500,9.6128,cluster_2
cell_5767,11.6386,7.1749,cluster_1
cell_5768,14.7846,8.7650,cluster_1
cell_5769,2.4962,2.6654,cluster_6
cell_577,3.1587,3.6519,cluster_6
cell_5770,15.6852,9.6727,cluster_2
cell_5771,0.6473,10.4091,cluster_5
cell_5772,12.5338,10.8436,cluster_2
cell_5773,11.3742,8.1359,cluster_5
cell_5774,13.3469,7.4309,cluster_1
cell_5775,8.5954,6.2035,cluster_3
cell_5776,12.4880,7.2146,cluster_2
cell_5777,13.0805,5.1815,cluster_1
cell_5778,13.9007,6.3709,cluster_1
cell_5779,12.8141,7.1945,cluster_1
cell_578,14.8038,9.5525,cluster_2
cell_5780,1.4127,2.4243,cluster_6
cell_5781,14.6763,9.5332,cluster_1
cell_5782,2.5773,3.0685,cluster_6
cell_5783,9.5255,7.1221,cluster_3
cell_5784,13.8733,6.2766,cluster_1
cell_5785,14.0603,6.8187,cluster_1
cell_5786,13.9953,7.2698,cluster_1
cell_5787,15.5462,7.4409,cluster_1
cell_5788,13.5205,5.4707,cluster_1
cell_5789,13.3319,10.4321,cluster_2
cell_579,5.1021,9.2995,cluster_7
cell_5790,7.3526,6.4626,cluster_3
cell_5791,12.3371,9.2979,cluster_2
cell_5792,12.0178,6.4989,cluster_1
cell_5793,15.4802,7.9946,cluster_1
cell_5794,3.0190,3.3454,cluster_6
cell_5795,-0.3202,7.4880,cluster_3
cell_5796,13.6069,9.1841,cluster_2
cell_5797,9.1372,7.2249,cluster_1
cell_5798,0.0819,5.9590,cluster_3
cell_5799,14.5874,7.1960,cluster_1
cell_58,2.4228,0.1737,cluster_4
cell_580,12.5247,5.4385,cluster_1
cell_5800,13.6838,11.5543,cluster_2
cell_5801,14.7185,7.9503,cluster_2
cell_5802,12.7472,6.8674,cluster_1
cell_5803,-1.5980,6.3489,cluster_3
cell_5804,-1.0428,6.2440,cluster_3
cell_5805,13.6372,10.7724,cluster_2
cell_5806,13.1481,5.9527,cluster_1
cell_5807,3.8549,4.0686,cluster_6
cell_5808,3.2258,-0.2997,cluster_4
cell_5809,3.3829,11.9778,cluster_5
cell_581,13.9307,7.8929,cluster_1
cell_5810,8.4373,6.3578,cluster_3
cell_5811,8.8586,6.2752,cluster_3
cell_5812,13.6340,10.8094,cluster_2
cell_5813,0.3062,7.8003,cluster_3
cell_5814,13.2318,4.9476,cluster_1
cell_5815,2.2511,10.4246,cluster_5
cell_5816,13.1655,5.0684,cluster_1
cell_5817,13.7612,8.0166,cluster_2
cell_5818,2.3576,3.6404,cluster_6
cell_5819,3.3955,3.4882,cluster_6
cell_582,3.2296,-1.1012,cluster_4
cell_5820,15.0077,7.4518,cluster_1
cell_5821,2.0688,3.2328,cluster_6
cell_5822,0.3625,2.6680,cluster_6
cell_5823,12.6222,9.1296,cluster_2
cell_5824,12.6824,6.5808,cluster_1
cell_5825,3.0649,3.6700,cluster_6
cell_5826,13.5821,6.8724,cluster_1
cell_5827,3.1776,11.9582,cluster_5
cell_5828,9.3945,7.0969,cluster_3
cell_5829,15.5996,8.6120,cluster_1
cell_583,15.0381,7.2924,cluster_1
cell_5830,13.7105,11.3738,cluster_2
cell_5831,14.3408,8.1039,cluster_1
cell_5832,2.1182,3.2742,cluster_6
cell_5833,13.6465,4.9832,cluster_1
cell_5834,13.3836,5.2954,cluster_1
cell_5835,14.8304,5.7857,cluster_1
cell_5836,1.9000,3.5052,cluster_6
cell_5837,12.1245,9.7862,cluster_2
cell_5838,3.3710,-0.7801,cluster_4
cell_5839,3.4121,-1.1434,cluster_4
cell_584,3.2087,7.9333,cluster_5
cell_5840,12.5763,9.7152,cluster_2
cell_5841,12.8353,9.8714,cluster_2
cell_5842,-1.6005,6.7651,cluster_3
cell_5843,13.8176,10.5589,cluster_2
cell_5844,0.5271,2.4101,cluster_6
cell_5845,13.1537,7.1721,cluster_1
cell_5846,11.4233,8.4839,cluster_2
cell_5847,14.6355,5.6444,cluster_1
cell_5848,14.1541,11.1706,cluster_2
cell_5849,7.7252,6.4890,cluster_1
cell_585,2.2808,10.3549,cluster_5
cell_5850,9.3166,7.4446,cluster_3
cell_5851,13.4106,7.6819,cluster_1
cell_5852,-1.4168,5.8651,cluster_3
cell_5853,14.8470,5.7087,cluster_1
cell_5854,10.3536,6.7325,cluster_3
cell_5855,14.2478,6.8768,cluster_1
cell_5856,14.3204,6.6583,cluster_1
cell_5857,15.6154,8.8155,cluster_1
cell_5858,9.6931,6.5584,cluster_3
cell_5859,14.7225,5.9940,cluster_1
cell_586,2.7012,11.0531,cluster_5
cell_5860,10.9441,5.9633,cluster_3
cell_5861,2.2352,0.0702,cluster_4
cell_5862,-0.4375,8.1543,cluster_3
cell_5863,4.8666,9.1242,cluster_1
cell_5864,14.0552,8.5428,cluster_1
cell_5865,2.5639,1.6383,cluster_4
cell_5866,13.7664,9.7523,cluster_2
cell_5867,0.6270,2.8211,cluster_6
cell_5868,9.9178,6.1388,cluster_3
cell_5869,15.8011,8.4714,cluster_2
cell_587,2.4172,11.4809,cluster_5
cell_5870,8.0257,6.2524,cluster_3
cell_5871,3.8050,5.3488,cluster_3
cell_5872,12.9847,5.7268,cluster_2
cell_5873,13.8072,10.6349,cluster_2
cell_5874,13.4253,6.1172,cluster_1
cell_5875,12.9177,10.9955,cluster_2
cell_5876,15.6452,8.1752,cluster_1
cell_5877,0.2099,7.7926,cluster_3
cell_5878,-0.0045,6.5996,cluster_3
cell_5879,12.2352,7.7580,cluster_1
cell_588,14.1299,8.8265,cluster_2
cell_5880,13.4802,11.2064,cluster_2
cell_5881,7.4087,6.1795,cluster_4
cell_5882,14.7476,6.2559,cluster_1
cell_5883,1.1674,3.8218,cluster_6
cell_5884,15.3723,8.6451,cluster_1
cell_5885,12.7124,6.2034,cluster_1
cell_5886,14.5655,10.9250,cluster_2
cell_5887,13.2212,5.6664,cluster_1
cell_5888,15.8783,7.4885,cluster_1
cell_5889,14.3679,10.4622,cluster_2
cell_589,0.9595,11.3562,cluster_5
cell_5890,11.3850,8.9980,cluster_2
cell_5891,15.1746,6.7339,cluster_1
cell_5892,12.3400,10.2402,cluster_2
cell_5893,3.4754,-1.2760,cluster_4
cell_5894,3.8797,5.0855,cluster_6
cell_5895,13.0168,10.7172,cluster_2
cell_5896,12.9328,6.2143,cluster_1
cell_5897,11.9866,6.1621,cluster_1
cell_5898,12.6122,7.8237,cluster_2
cell_5899,2.8545,-0.0738,cluster_4
cell_59,2.4342,10.3629,cluster_5
cell_590,3.9843,-1.2237,cluster_4
cell_5900,13.9287,6.2720,cluster_1
cell_5901,9.5923,7.3089,cluster_3
cell_5902,3.6120,1.9691,cluster_4
cell_5903,14.4516,6.4537,cluster_1
cell_5904,13.5174,4.8808,cluster_1
cell_5905,10.3599,6.9964,cluster_2
cell_5906,1.3666,3.9864,cluster_6
cell_5907,12.4788,5.7468,cluster_1
cell_5908,2.9010,-0.0094,cluster_4
cell_5909,13.4199,5.1621,cluster_1
cell_591,13.4896,6.1766,cluster_1
cell_5910,13.3409,7.1146,cluster_2
cell_5911,12.1988,5.9083,cluster_1
cell_5912,13.9878,11.7924,cluster_2
cell_5913,-0.7935,6.0136,cluster_3
cell_5914,-1.2581,5.6335,cluster_3
cell_5915,4.0312,4.4780,cluster_6
cell_5916,12.9700,6.5614,cluster_1
cell_5917,2.2344,6.8988,cluster_3
cell_5918,2.3269,2.6791,cluster_6
cell_5919,10.2511,6.1266,cluster_3
cell_592,0.7815,11.7263,cluster_5
cell_5920,3.5197,0.4508,cluster_6
cell_5921,13.3891,8.7278,cluster_1
cell_5922,14.1720,7.8251,cluster_1
cell_5923,3.4068,1.8136,cluster_6
cell_5924,12.7180,6.8386,cluster_1
cell_5925,12.1211,7.5816,cluster_1
cell_5926,13.9557,11.9137,cluster_2
cell_5927,16.0557,6.2390,cluster_1
cell_5928,1.4000,2.6850,cluster_6
cell_5929,3.5148,4.8175,cluster_6
cell_593,8.3141,3.3297,cluster_8
cell_5930,-1.3700,7.1342,cluster_3
cell_5931,3.7658,3.6809,cluster_6
cell_5932,3.8577,-0.6778,cluster_4
cell_5933,13.8529,6.5879,cluster_1
cell_5934,2.0114,3.4101,cluster_6
cell_5935,14.4330,7.2080,cluster_1
cell_5936,3.5234,-1.0259,cluster_4
cell_5937,3.3431,3.9080,cluster_6
cell_5938,3.6940,12.1994,cluster_5
cell_5939,12.2788,7.5148,cluster_1
cell_594,1.7602,3.7498,cluster_6
cell_5940,2.2302,2.6797,cluster_6
cell_5941,13.5664,7.2627,cluster_1
cell_5942,6.6767,5.8844,cluster_6
cell_5943,15.5090,7.7324,cluster_1
cell_5944,13.1846,5.5877,cluster_1
cell_5945,13.6103,7.3850,cluster_1
cell_5946,7.6232,6.8388,cluster_3
cell_5947,2.2946,10.9918,cluster_5
cell_5948,15.2604,9.0150,cluster_1
cell_5949,2.4060,3.0806,cluster_6
cell_595,3.3881,-1.3611,cluster_4
cell_5950,14.1837,11.3820,cluster_2
cell_5951,12.4443,7.6643,cluster_2
cell_5952,14.1146,8.9277,cluster_2
cell_5953,13.5578,7.0575,cluster_1
cell_5954,15.4390,9.1707,cluster_2
cell_5955,12.5352,6.5375,cluster_1
cell_5956,0.9059,2.5099,cluster_6
cell_5957,2.6619,-0.6033,cluster_4
cell_5958,13.0712,4.9067,cluster_1
cell_5959,14.8805,7.6527,cluster_2
cell_596,3.7225,11.1928,cluster_5
cell_5960,14.0595,7.4101,cluster_1
cell_5961,13.6855,9.5834,cluster_2
cell_5962,14.4095,8.0063,cluster_1
cell_5963,0.5183,11.3276,cluster_5
cell_5964,1.6967,4.0513,cluster_6
cell_5965,-0.8326,7.5161,cluster_3
cell_5966,12.9760,11.6268,cluster_2
cell_5967,14.3917,6.7299,cluster_1
cell_5968,4.0840,0.1726,cluster_4
cell_5969,-1.3356,7.1214,cluster_3
cell_597,2.4499,6.7617,cluster_3
cell_5970,15.0537,7.6521,cluster_1
cell_5971,14.0306,6.2238,cluster_1
cell_5972,12.5726,9.5406,cluster_2
cell_5973,11.0252,8.7425,cluster_3
cell_5974,15.3662,6.5539,cluster_1
cell_5975,1.6048,10.5991,cluster_5
cell_5976,12.9495,7.1870,cluster_1
cell_5977,2.7959,-0.7842,cluster_4
cell_5978,10.2432,6.1159,cluster_1
cell_5979,15.7210,5.8512,cluster_1
cell_598,0.1393,7.9128,cluster_5
cell_5980,11.3006,5.8772,cluster_3
cell_5981,12.7734,10.6133,cluster_2
cell_5982,7.6716,7.0939,cluster_3
cell_5983,11.2612,6.4282,cluster_1
cell_5984,3.7716,-1.0838,cluster_4
cell_5985,-1.0506,7.3750,cluster_3
cell_5986,13.3452,6.6412,cluster_1
cell_5987,10.3992,7.2344,cluster_3
cell_5988,10.2328,6.2313,cluster_3
cell_5989,14.7093,6.0026,cluster_1
cell_599,8.2117,6.7294,cluster_4
cell_5990,12.5773,6.9294,cluster_1
cell_5991,14.6911,8.4562,cluster_2
cell_5992,3.1654,9.1696,cluster_5
cell_5993,1.9713,3.7987,cluster_6
cell_5994,14.2231,7.2769,cluster_1
cell_5995,12.7323,7.5513,cluster_1
cell_5996,7.6051,6.1910,cluster_4
cell_5997,1.0744,3.2372,cluster_6
cell_5998,13.8845,6.0883,cluster_1
cell_5999,14.8624,8.1684,cluster_2
cell_6,4.8630,9.6675,cluster_7
cell_60,2.4591,11.6835,cluster_5
cell_600,15.8252,6.3577,cluster_1
cell_6000,1.2886,6.4159,cluster_6
cell_6001,14.6211,11.3060,cluster_2
cell_6002,14.8990,11.2030,cluster_2
cell_6003,1.5208,6.7177,cluster_3
cell_6004,0.4933,10.9298,cluster_5
cell_6005,1.0449,2.3416,cluster_6
cell_6006,16.0156,9.3678,cluster_1
cell_6007,4.3534,-0.7341,cluster_4
cell_6008,1.0182,10.3747,cluster_5
cell_6009,13.8624,11.0697,cluster_2
cell_601,0.7005,11.0793,cluster_5
cell_6010,14.0735,9.8870,cluster_2
cell_6011,12.7199,8.6507,cluster_2
cell_6012,14.2934,6.2812,cluster_1
cell_6013,12.9632,9.2705,cluster_2
cell_6014,1.0057,2.5157,cluster_6
cell_6015,13.1544,7.2290,cluster_1
cell_6016,15.5872,7.6770,cluster_1
cell_6017,2.1918,3.0336,cluster_6
cell_6018,12.9648,10.4212,cluster_2
cell_6019,12.6559,7.9455,cluster_2
cell_602,14.1871,8.7836,cluster_2
cell_6020,12.9527,5.6820,cluster_1
cell_6021,12.6732,5.3531,cluster_1
cell_6022,12.9875,7.2344,cluster_1
cell_6023,13.3340,10.1678,cluster_2
cell_6024,13.0153,6.1460,cluster_1
cell_6025,11.5284,9.6050,cluster_2
cell_6026,12.6464,6.4096,cluster_1
cell_6027,12.9179,8.2324,cluster_1
cell_6028,0.4847,10.3977,cluster_5
cell_6029,12.6162,7.5972,cluster_8
cell_603,3.8365,3.4736,cluster_6
cell_6030,1.5515,10.9546,cluster_5
cell_6031,15.1947,5.6010,cluster_1
cell_6032,2.2297,0.8285,cluster_4
cell_6033,3.6601,-0.5368,cluster_4
cell_6034,15.3795,8.6092,cluster_2
cell_6035,15.0690,8.8585,cluster_1
cell_6036,3.1879,3.7512,cluster_6
cell_6037,12.3891,5.5373,cluster_1
cell_6038,12.1551,7.5180,cluster_2
cell_6039,1.1006,11.9625,cluster_5
cell_604,3.3984,-0.3972,cluster_4
cell_6040,1.5317,2.7775,cluster_6
cell_6041,1.3240,2.1720,cluster_6
cell_6042,-1.0981,7.0698,cluster_3
cell_6043,2.9831,2.0124,cluster_6
cell_6044,3.5421,3.5639,cluster_6
cell_6045,8.4986,6.4152,cluster_3
cell_6046,-1.6652,7.1390,cluster_3
cell_6047,15.7203,9.2775,cluster_2
cell_6048,12.8807,6.9403,cluster_1
cell_6049,2.8968,1.7513,cluster_4
cell_605,1.7387,11.3170,cluster_5
cell_6050,12.5724,6.8233,cluster_1
cell_6051,2.7445,0.2686,cluster_4
cell_6052,1.3767,6.8385,cluster_3
cell_6053,12.7816,6.3407,cluster_1
cell_6054,14.6439,10.8898,cluster_2
cell_6055,13.4497,5.7018,cluster_1
cell_6056,7.2926,6.4153,cluster_1
cell_6057,0.7964,11.6792,cluster_5
cell_6058,11.0014,7.5389,cluster_3
cell_6059,2.2969,2.4021,cluster_6
cell_606,6.4380,3.4529,cluster_8
cell_6060,0.9567,2.0780,cluster_6
cell_6061,3.9327,-0.6284,cluster_4
cell_6062,14.0196,5.7741,cluster_1
cell_6063,1.4809,3.4796,cluster_6
cell_6064,14.2791,6.2801,cluster_1
cell_6065,13.3264,8.4119,cluster_2
cell_6066,14.2216,5.8617,cluster_1
cell_6067,2.4054,11.8026,cluster_5
cell_6068,12.9479,5.1064,cluster_1
cell_6069,2.0077,9.6817,cluster_5
cell_607,12.9422,10.4477,cluster_2
cell_6070,2.7192,9.5804,cluster_5
cell_6071,14.4526,11.0304,cluster_2
cell_6072,1.1553,6.2821,cluster_3
cell_6073,1.1879,3.9369,cluster_6
cell_6074,1.0007,9.8622,cluster_5
cell_6075,1.0730,2.3483,cluster_6
cell_6076,14.3640,7.1102,cluster_2
cell_6077,3.8729,3.3915,cluster_6
cell_6078,1.2172,2.7551,cluster_6
cell_6079,1.3283,6.9316,cluster_3
cell_608,0.2048,6.9869,cluster_3
cell_6080,4.0476,-0.1863,cluster_4
cell_6081,15.3392,6.6335,cluster_1
cell_6082,16.0967,7.3442,cluster_1
cell_6083,1.9615,3.1373,cluster_6
cell_6084,12.2431,7.0865,cluster_1
cell_6085,2.7328,3.6305,cluster_6
cell_6086,14.1539,5.5741,cluster_1
cell_6087,5.1054,5.7858,cluster_6
cell_6088,13.8586,5.6129,cluster_1
cell_6089,1.1538,3.0256,cluster_6
cell_609,0.2342,11.3675,cluster_5
cell_6090,-1.3476,6.0499,cluster_3
cell_6091,4.3555,-0.6085,cluster_4
cell_6092,12.7660,9.1966,cluster_2
cell_6093,2.7933,11.2045,cluster_5
cell_6094,-0.0200,6.7217,cluster_3
cell_6095,4.1145,3.1158,cluster_4
cell_6096,12.2063,10.4475,cluster_2
cell_6097,13.6616,9.7058,cluster_1
cell_6098,2.3675,3.6260,cluster_6
cell_6099,14.5832,9.0990,cluster_2
cell_61,0.9736,11.2357,cluster_5
cell_610,8.6609,3.0045,cluster_8
cell_6100,4.0324,3.6852,cluster_6
cell_6101,13.6565,6.7775,cluster_1
cell_6102,14.7987,9.7923,cluster_1
cell_6103,12.4835,6.0737,cluster_1
cell_6104,10.8352,6.6175,cluster_6
cell_6105,12.7274,5.3998,cluster_1
cell_6106,2.3945,2.8756,cluster_6
cell_6107,9.7819,7.1668,cluster_3
cell_6108,2.5626,2.2063,cluster_6
cell_6109,2.7545,2.1474,cluster_6
cell_611,1.0241,10.4459,cluster_5
cell_6110,2.3664,6.2606,cluster_3
cell_6111,2.2260,3.3240,cluster_6
cell_6112,13.5009,5.8106,cluster_1
cell_6113,15.8046,9.2063,cluster_2
cell_6114,13.5265,5.9638,cluster_1
cell_6115,0.1310,6.1955,cluster_3
cell_6116,13.9662,9.0012,cluster_2
cell_6117,2.2254,2.4409,cluster_6
cell_6118,7.2681,6.2045,cluster_5
cell_6119,13.5026,5.1791,cluster_1
cell_612,14.7486,6.1854,cluster_1
cell_6120,5.1696,9.1460,cluster_7
cell_6121,14.1965,11.0397,cluster_2
cell_6122,13.5913,7.5330,cluster_2
cell_6123,9.2973,7.2261,cluster_3
cell_6124,-0.4139,5.8547,cluster_3
cell_6125,13.8205,5.4555,cluster_1
cell_6126,2.1755,1.7022,cluster_4
cell_6127,3.6744,4.4850,cluster_6
cell_6128,3.3585,-0.3173,cluster_4
cell_6129,14.7914,6.4802,cluster_1
cell_613,0.9371,11.5060,cluster_5
cell_6130,8.7687,7.0343,cluster_2
cell_6131,12.4971,8.3808,cluster_2
cell_6132,1.0787,9.7053,cluster_5
cell_6133,13.7221,6.1558,cluster_1
cell_6134,1.1293,3.7801,cluster_6
cell_6135,0.7452,2.8121,cluster_6
cell_6136,15.3291,8.4960,cluster_1
cell_6137,-0.0378,7.4513,cluster_3
cell_6138,3.3536,0.5751,cluster_4
cell_6139,13.6243,10.6003,cluster_2
cell_614,3.7090,0.9219,cluster_4
cell_6140,12.2173,6.7682,cluster_1
cell_6141,1.3859,1.7185,cluster_6
cell_6142,0.8512,11.7052,cluster_5
cell_6143,1.7370,2.6895,cluster_6
cell_6144,2.7117,-0.2600,cluster_4
cell_6145,13.1153,8.0974,cluster_2
cell_6146,2.7462,4.1396,cluster_6
cell_6147,8.1183,6.3826,cluster_1
cell_6148,13.1797,8.3915,cluster_2
cell_6149,3.9215,3.2456,cluster_6
cell_615,3.1357,6.9919,cluster_1
cell_6150,8.5986,6.9984,cluster_2
cell_6151,13.7836,9.7585,cluster_2
cell_6152,13.7995,5.0573,cluster_1
cell_6153,11.6618,5.8710,cluster_1
cell_6154,3.6381,8.0370,cluster_5
cell_6155,13.5073,8.6533,cluster_2
cell_6156,15.7388,9.9702,cluster_2
cell_6157,2.2136,3.5698,cluster_6
cell_6158,3.1428,-0.4848,cluster_4
cell_6159,11.2524,7.2821,cluster_2
cell_616,15.4629,7.9044,cluster_1
cell_6160,13.4046,6.4406,cluster_1
cell_6161,1.5523,2.2422,cluster_4
cell_6162,12.2991,7.2320,cluster_1
cell_6163,15.2002,8.8475,cluster_1
cell_6164,1.3533,3.5281,cluster_6
cell_6165,13.7511,6.8319,cluster_1
cell_6166,14.1708,7.6946,cluster_1
cell_6167,3.0571,-1.1646,cluster_4
cell_6168,1.9819,11.2427,cluster_5
cell_6169,11.3865,7.4862,cluster_3
cell_617,13.6170,8.5962,cluster_1
cell_6170,-1.4627,6.2873,cluster_3
cell_6171,2.3549,2.9602,cluster_6
cell_6172,13.0983,6.0778,cluster_1
cell_6173,13.3353,6.4390,cluster_1
cell_6174,13.6405,5.4692,cluster_1
cell_6175,2.6166,-0.9368,cluster_4
cell_6176,13.7016,7.0750,cluster_1
cell_6177,11.1251,7.2166,cluster_1
cell_6178,13.2411,10.0557,cluster_2
cell_6179,14.3352,8.4653,cluster_1
cell_618,2.6103,9.7839,cluster_5
cell_6180,14.0905,9.4411,cluster_2
cell_6181,12.7563,5.4401,cluster_1
cell_6182,10.5771,6.7795,cluster_3
cell_6183,10.6773,6.6700,cluster_1
cell_6184,1.0840,10.0627,cluster_5
cell_6185,14.2743,9.5639,cluster_2
cell_6186,1.4343,10.7093,cluster_5
cell_6187,13.9124,8.3007,cluster_1
cell_6188,15.2789,9.8437,cluster_2
cell_6189,3.8562,2.7466,cluster_6
cell_619,2.8633,4.3938,cluster_6
cell_6190,1.0123,2.8372,cluster_6
cell_6191,14.4976,6.9373,cluster_1
cell_6192,12.2744,9.8598,cluster_2
cell_6193,13.5850,6.9104,cluster_1
cell_6194,14.0103,11.9881,cluster_2
cell_6195,1.7666,8.9809,cluster_5
cell_6196,13.4558,7.9967,cluster_1
cell_6197,2.2146,1.9933,cluster_6
cell_6198,1.7313,2.8341,cluster_6
cell_6199,15.4492,9.6342,cluster_2
cell_62,0.6171,6.4620,cluster_3
cell_620,8.6579,3.2513,cluster_8
cell_6200,11.8667,9.4126,cluster_2
cell_6201,15.9204,8.9186,cluster_1
cell_6202,13.5447,7.6691,cluster_1
cell_6203,-0.7130,8.1678,cluster_3
cell_6204,0.7275,2.1787,cluster_6
cell_6205,13.2830,5.1283,cluster_1
cell_6206,15.0335,6.4918,cluster_1
cell_6207,12.5327,8.2561,cluster_1
cell_6208,13.4308,5.3292,cluster_1
cell_6209,14.2146,8.5070,cluster_1
cell_621,3.5537,-0.6785,cluster_4
cell_6210,11.2381,6.9087,cluster_3
cell_6211,3.0859,0.0042,cluster_4
cell_6212,1.7462,2.0070,cluster_6
cell_6213,11.8104,8.9741,cluster_2
cell_6214,12.6486,5.8739,cluster_1
cell_6215,2.6414,-0.3711,cluster_4
cell_6216,14.1800,6.1970,cluster_1
cell_6217,5.4463,5.4292,cluster_4
cell_6218,12.0907,10.2143,cluster_2
cell_6219,1.5779,3.3557,cluster_6
cell_622,15.6756,7.9149,cluster_1
cell_6220,3.8031,2.6235,cluster_6
cell_6221,13.5374,6.4999,cluster_1
cell_6222,12.2536,5.9297,cluster_1
cell_6223,15.6002,7.1147,cluster_1
cell_6224,12.6442,10.6358,cluster_2
cell_6225,-1.0869,7.2952,cluster_3
cell_6226,11.0227,6.7102,cluster_1
cell_6227,1.2549,6.3488,cluster_1
cell_6228,15.2316,8.7640,cluster_1
cell_6229,7.0595,6.5304,cluster_3
cell_623,-1.2833,8.0901,cluster_3
cell_6230,2.7964,-0.2062,cluster_4
cell_6231,3.8604,3.6864,cluster_6
cell_6232,3.2370,12.1095,cluster_5
cell_6233,2.2636,-0.1677,cluster_4
cell_6234,6.8836,6.0669,cluster_6
cell_6235,15.9009,6.8802,cluster_1
cell_6236,13.4417,5.7474,cluster_1
cell_6237,14.5939,7.1428,cluster_1
cell_6238,1.3616,6.3004,cluster_3
cell_6239,4.9870,4.9061,cluster_6
cell_624,0.5733,11.8623,cluster_5
cell_6240,13.0818,5.3647,cluster_1
cell_6241,11.7319,6.0330,cluster_1
cell_6242,13.6494,7.6722,cluster_2
cell_6243,2.0496,6.8489,cluster_3
cell_6244,15.2595,6.3826,cluster_1
cell_6245,1.8258,3.2829,cluster_6
cell_6246,13.4768,6.6532,cluster_1
cell_6247,12.4501,5.5460,cluster_1
cell_6248,-1.5403,7.3456,cluster_3
cell_6249,14.7255,9.4045,cluster_2
cell_625,1.7607,10.1937,cluster_5
cell_6250,3.6993,2.3174,cluster_4
cell_6251,11.8301,5.9569,cluster_1
cell_6252,1.7587,1.6073,cluster_6
cell_6253,2.5009,8.2739,cluster_5
cell_6254,15.1782,6.3337,cluster_1
cell_6255,4.1837,-0.3829,cluster_4
cell_6256,12.2499,6.1402,cluster_1
cell_6257,13.2826,6.1431,cluster_1
cell_6258,13.3204,7.8898,cluster_1
cell_6259,-0.7062,6.0983,cluster_3
cell_626,1.2962,11.1733,cluster_5
cell_6260,4.7939,8.8473,cluster_7
cell_6261,2.9313,4.6673,cluster_6
cell_6262,3.5323,-1.4980,cluster_4
cell_6263,1.4988,3.6050,cluster_6
cell_6264,3.2547,7.2826,cluster_3
cell_6265,8.1112,6.6124,cluster_3
cell_6266,-0.8961,6.8832,cluster_3
cell_6267,12.3642,10.0166,cluster_2
cell_6268,-1.2448,7.5892,cluster_3
cell_6269,4.8885,9.1469,cluster_7
cell_627,0.9527,11.7516,cluster_5
cell_6270,13.9272,7.3261,cluster_1
cell_6271,-0.3628,7.2843,cluster_3
cell_6272,11.4165,6.7179,cluster_1
cell_6273,14.6202,6.3684,cluster_1
cell_6274,12.6638,6.5682,cluster_1
cell_6275,1.4213,2.5660,cluster_6
cell_6276,3.5457,-0.2945,cluster_4
cell_6277,14.7802,5.7862,cluster_1
cell_6278,14.3834,5.6049,cluster_1
cell_6279,3.2927,0.5651,cluster_4
cell_628,1.3854,10.0246,cluster_5
cell_6280,3.0950,3.4582,cluster_6
cell_6281,3.3518,5.8166,cluster_3
cell_6282,1.4399,2.9496,cluster_6
cell_6283,13.3078,11.3177,cluster_2
cell_6284,14.3439,8.0612,cluster_1
cell_6285,1.1705,2.8507,cluster_6
cell_6286,13.1714,7.4795,cluster_1
cell_6287,11.3922,8.6128,cluster_2
cell_6288,14.1877,8.3624,cluster_2
cell_6289,13.6098,7.4555,cluster_1
cell_629,9.1372,3.2509,cluster_8
cell_6290,15.7389,5.9677,cluster_1
cell_6291,2.9132,1.2150,cluster_4
cell_6292,12.2208,6.6041,cluster_1
cell_6293,3.4425,6.7772,cluster_3
cell_6294,0.3861,11.2851,cluster_5
cell_6295,12.6635,5.2231,cluster_1
cell_6296,2.5455,3.1976,cluster_6
cell_6297,3.1153,3.3949,cluster_6
cell_6298,2.9378,11.4690,cluster_5
cell_6299,13.6113,5.3744,cluster_1
cell_63,0.5775,10.6634,cluster_5
cell_630,0.7082,10.3081,cluster_5
cell_6300,-1.6197,6.6782,cluster_3
cell_6301,12.7175,9.2536,cluster_2
cell_6302,14.8993,5.8089,cluster_1
cell_6303,14.1731,9.6895,cluster_2
cell_6304,12.5888,7.7088,cluster_2
cell_6305,4.0263,6.6408,cluster_6
cell_6306,3.7922,11.0225,cluster_5
cell_6307,4.2236,10.6835,cluster_5
cell_6308,14.3582,7.0104,cluster_1
cell_6309,12.8251,6.0015,cluster_1
cell_631,-0.2835,8.5118,cluster_3
cell_6310,15.6121,7.2761,cluster_1
cell_6311,2.1186,10.7521,cluster_5
cell_6312,14.2430,8.7814,cluster_2
cell_6313,12.5998,5.5869,cluster_1
cell_6314,14.2011,6.7556,cluster_1
cell_6315,13.8931,4.8721,cluster_1
cell_6316,14.1950,7.3504,cluster_1
cell_6317,-0.0743,7.2358,cluster_3
cell_6318,13.0868,6.7239,cluster_1
cell_6319,13.8882,11.8464,cluster_2
cell_632,3.9417,-1.2567,cluster_4
cell_6320,14.6272,6.2891,cluster_1
cell_6321,4.9587,9.0227,cluster_7
cell_6322,9.8786,7.0440,cluster_3
cell_6323,12.1932,6.5118,cluster_1
cell_6324,12.5323,8.0100,cluster_1
cell_6325,12.4618,8.3530,cluster_2
cell_6326,12.7601,7.4121,cluster_2
cell_6327,11.7299,6.1093,cluster_1
cell_6328,14.1938,6.2453,cluster_1
cell_6329,11.3517,7.3670,cluster_1
cell_633,3.1374,11.8783,cluster_5
cell_6330,0.7579,10.7527,cluster_5
cell_6331,-1.2731,6.7980,cluster_3
cell_6332,4.1232,0.2531,cluster_4
cell_6333,15.3185,10.0458,cluster_2
cell_6334,-1.0975,6.4368,cluster_3
cell_6335,3.0790,1.6778,cluster_4
cell_6336,10.9275,5.6701,cluster_3
cell_6337,15.7272,7.4727,cluster_2
cell_6338,-0.2808,7.8915,cluster_3
cell_6339,14.9208,10.6652,cluster_2
cell_634,2.5697,4.6355,cluster_6
cell_6340,-0.9885,7.7895,cluster_3
cell_6341,2.3513,0.2172,cluster_4
cell_6342,14.0721,6.8302,cluster_1
cell_6343,1.0705,3.4360,cluster_6
cell_6344,0.8360,6.4715,cluster_3
cell_6345,0.7871,2.5057,cluster_6
cell_6346,13.8158,6.6761,cluster_1
cell_6347,-0.3040,8.1159,cluster_3
cell_6348,15.6951,8.0691,cluster_1
cell_6349,1.1969,2.3410,cluster_6
cell_635,2.2915,10.3137,cluster_5
cell_6350,2.1095,4.1124,cluster_6
cell_6351,13.1376,5.0756,cluster_1
cell_6352,13.5578,8.7622,cluster_2
cell_6353,3.8676,-0.4435,cluster_4
cell_6354,1.0036,11.4733,cluster_5
cell_6355,13.3957,9.4329,cluster_2
cell_6356,3.9038,-0.9337,cluster_4
cell_6357,3.0699,10.5586,cluster_5
cell_6358,9.6052,6.3250,cluster_1
cell_6359,3.4372,-0.6257,cluster_4
cell_636,-0.3354,6.6714,cluster_3
cell_6360,2.5517,5.0659,cluster_6
cell_6361,13.2812,5.8169,cluster_1
cell_6362,11.4876,8.5470,cluster_2
cell_6363,2.4991,-0.1950,cluster_4
cell_6364,13.1136,7.5572,cluster_1
cell_6365,13.0879,6.1108,cluster_1
cell_6366,3.9504,0.0669,cluster_4
cell_6367,-0.4245,8.0248,cluster_3
cell_6368,14.2346,8.1124,cluster_1
cell_6369,1.8506,2.7569,cluster_6
cell_637,2.9861,4.3040,cluster_6
cell_6370,13.9957,6.5878,cluster_1
cell_6371,2.2660,10.6697,cluster_5
cell_6372,3.8199,-0.4095,cluster_4
cell_6373,0.8971,11.7092,cluster_5
cell_6374,13.2284,5.9394,cluster_1
cell_6375,13.4126,10.5458,cluster_2
cell_6376,1.7366,6.7871,cluster_3
cell_6377,12.3393,6.3945,cluster_1
cell_6378,12.8187,6.8632,cluster_1
cell_6379,3.5206,1.9258,cluster_4
cell_638,0.9952,6.6062,cluster_3
cell_6380,1.4444,2.1028,cluster_6
cell_6381,-1.5540,7.4687,cluster_3
cell_6382,2.9550,3.9195,cluster_6
cell_6383,13.3270,8.9949,cluster_2
cell_6384,13.4373,9.5136,cluster_2
cell_6385,8.7463,6.3595,cluster_3
cell_6386,4.4006,-0.0002,cluster_4
cell_6387,0.7030,11.2860,cluster_5
cell_6388,15.6665,7.9654,cluster_1
cell_6389,-0.6609,6.0280,cluster_3
cell_639,0.7100,10.9329,cluster_5
cell_6390,1.3701,2.8566,cluster_6
cell_6391,1.9355,10.5177,cluster_6
cell_6392,3.6144,-0.5350,cluster_4
cell_6393,1.8246,12.1532,cluster_5
cell_6394,2.0833,3.6868,cluster_6
cell_6395,3.9216,5.4127,cluster_5
cell_6396,12.8278,6.3013,cluster_1
cell_6397,1.2797,11.2454,cluster_5
cell_6398,2.3431,11.1490,cluster_5
cell_6399,14.7044,9.5604,cluster_2
cell_64,-0.1834,8.0404,cluster_3
cell_640,0.8193,11.4433,cluster_5
cell_6400,11.0282,7.8329,cluster_2
cell_6401,13.6737,5.5628,cluster_1
cell_6402,2.6403,-0.3627,cluster_4
cell_6403,12.2222,8.5239,cluster_2
cell_6404,3.4968,10.9562,cluster_5
cell_6405,1.4742,6.2989,cluster_3
cell_6406,1.0801,10.8131,cluster_5
cell_6407,13.9124,5.0442,cluster_1
cell_6408,0.8611,6.2846,cluster_3
cell_6409,9.3251,6.7361,cluster_3
cell_641,2.7457,4.7350,cluster_3
cell_6410,4.7841,9.6183,cluster_7
cell_6411,2.5494,1.4678,cluster_6
cell_6412,14.1826,6.4319,cluster_1
cell_6413,13.0798,6.2304,cluster_1
cell_6414,13.7307,5.8011,cluster_1
cell_6415,0.3524,7.1281,cluster_3
cell_6416,3.6400,2.1587,cluster_6
cell_6417,14.4988,10.9650,cluster_2
cell_6418,12.6128,6.3074,cluster_1
cell_6419,14.8099,9.8505,cluster_2
cell_642,-1.1022,6.9986,cluster_3
cell_6420,14.4026,8.7375,cluster_2
cell_6421,2.8917,3.5700,cluster_6
cell_6422,1.1125,6.2832,cluster_3
cell_6423,-0.6178,7.5472,cluster_3
cell_6424,14.4344,6.5951,cluster_1
cell_6425,11.6950,5.6642,cluster_1
cell_6426,4.2221,-0.0847,cluster_4
cell_6427,3.3405,11.3453,cluster_5
cell_6428,3.3670,1.5779,cluster_4
cell_6429,0.9101,10.7051,cluster_5
cell_643,0.4587,11.1838,cluster_5
cell_6430,1.9559,9.5929,cluster_5
cell_6431,12.6401,10.2898,cluster_2
cell_6432,-0.8194,7.2329,cluster_3
cell_6433,0.9309,3.3437,cluster_6
cell_6434,2.3171,0.0384,cluster_4
cell_6435,4.7093,5.3462,cluster_2
cell_6436,0.6980,11.3081,cluster_5
cell_6437,14.3804,9.3292,cluster_1
cell_6438,2.4231,9.9851,cluster_5
cell_6439,14.0930,9.5217,cluster_2
cell_644,0.5216,10.0931,cluster_5
cell_6440,1.3956,10.9265,cluster_5
cell_6441,13.9455,6.6525,cluster_1
cell_6442,1.5710,8.7883,cluster_5
cell_6443,13.9911,5.2467,cluster_1
cell_6444,2.5728,3.4522,cluster_6
cell_6445,13.4299,10.3194,cluster_2
cell_6446,13.7111,7.6678,cluster_1
cell_6447,1.0663,10.0022,cluster_5
cell_6448,1.7827,3.0647,cluster_6
cell_6449,3.1350,1.0499,cluster_4
cell_645,0.2889,11.7365,cluster_5
cell_6450,2.1475,10.1087,cluster_5
cell_6451,15.1160,9.0929,cluster_2
cell_6452,0.8043,10.2838,cluster_5
cell_6453,2.4950,0.0004,cluster_4
cell_6454,1.4624,3.2437,cluster_6
cell_6455,2.0628,6.4613,cluster_3
cell_6456,2.9462,-0.7908,cluster_4
cell_6457,-1.7016,5.8329,cluster_3
cell_6458,15.6435,6.7038,cluster_1
cell_6459,0.6634,11.9956,cluster_5
cell_646,1.4244,1.8989,cluster_6
cell_6460,14.9610,10.2060,cluster_2
cell_6461,1.2300,3.1560,cluster_6
cell_6462,1.9872,3.8562,cluster_6
cell_6463,3.0893,3.6284,cluster_6
cell_6464,13.2829,6.5843,cluster_1
cell_6465,4.1235,-0.2267,cluster_4
cell_6466,2.5076,0.2052,cluster_4
cell_6467,2.0293,9.6788,cluster_5
cell_6468,15.0852,7.9353,cluster_1
cell_6469,0.5724,10.3733,cluster_5
cell_647,3.7769,-0.6388,cluster_4
cell_6470,12.8967,6.6494,cluster_1
cell_6471,-1.8380,6.1033,cluster_3
cell_6472,13.6432,11.4693,cluster_2
cell_6473,10.5742,7.0213,cluster_3
cell_6474,-1.4776,6.5327,cluster_3
cell_6475,0.7621,2.6011,cluster_6
cell_6476,0.4740,11.9381,cluster_5
cell_6477,12.4711,10.3948,cluster_2
cell_6478,0.5013,10.3343,cluster_5
cell_6479,1.4835,11.8103,cluster_5
cell_648,9.3933,3.3417,cluster_8
cell_6480,2.8494,9.1761,cluster_5
cell_6481,0.8605,11.7646,cluster_5
cell_6482,14.6404,11.1081,cluster_2
cell_6483,-0.1008,7.4247,cluster_3
cell_6484,0.3907,10.9984,cluster_5
cell_6485,13.5418,7.7781,cluster_1
cell_6486,0.6672,1.6637,cluster_6
cell_6487,13.5707,5.9458,cluster_1
cell_6488,9.0749,6.5142,cluster_2
cell_6489,0.6807,11.3062,cluster_5
cell_649,3.7035,12.5530,cluster_5
cell_6490,1.2919,2.7884,cluster_6
cell_6491,1.1214,3.0837,cluster_6
cell_6492,10.6795,7.5531,cluster_3
cell_6493,9.0513,7.3492,cluster_3
cell_6494,2.0551,3.2984,cluster_6
cell_6495,11.2581,8.1349,cluster_2
cell_6496,15.1035,5.8794,cluster_1
cell_6497,13.0300,8.5730,cluster_2
cell_6498,0.4015,5.7440,cluster_3
cell_6499,14.7643,5.0469,cluster_1
cell_65,2.9096,8.1826,cluster_5
cell_650,1.0163,3.6747,cluster_6
cell_6500,3.8069,4.9544,cluster_6
cell_6501,-0.7742,5.6283,cluster_3
cell_6502,13.0058,9.1763,cluster_2
cell_6503,-0.9738,8.4214,cluster_3
cell_6504,15.8160,7.3407,cluster_1
cell_6505,13.4797,6.5478,cluster_1
cell_6506,14.0968,7.0526,cluster_1
cell_6507,1.3906,10.6719,cluster_5
cell_6508,1.4236,7.0828,cluster_3
cell_6509,2.4767,8.4945,cluster_5
cell_651,2.0747,11.0885,cluster_5
cell_6510,14.8435,4.9550,cluster_1
cell_6511,9.4843,7.5407,cluster_3
cell_6512,1.8723,10.6076,cluster_5
cell_6513,13.5940,7.0050,cluster_1
cell_6514,14.0137,6.3630,cluster_1
cell_6515,0.9226,6.0281,cluster_3
cell_6516,2.2050,10.3938,cluster_5
cell_6517,0.8409,10.7846,cluster_5
cell_6518,1.5375,11.9147,cluster_5
cell_6519,14.4229,11.1631,cluster_2
cell_652,-0.4080,7.3880,cluster_3
cell_6520,4.0213,11.1056,cluster_5
cell_6521,12.8961,9.8136,cluster_2
cell_6522,1.3830,11.1561,cluster_5
cell_6523,8.2156,6.0592,cluster_6
cell_6524,-1.1478,8.1574,cluster_3
cell_6525,13.4260,7.0359,cluster_1
cell_6526,3.3674,4.5242,cluster_6
cell_6527,3.8085,5.1698,cluster_6
cell_6528,-0.8475,7.0720,cluster_3
cell_6529,4.1458,3.0035,cluster_6
cell_653,1.1242,9.4191,cluster_5
cell_6530,12.8525,7.4529,cluster_1
cell_6531,14.0316,8.8521,cluster_1
cell_6532,-1.2490,6.7912,cluster_3
cell_6533,4.1511,12.0183,cluster_5
cell_6534,13.1731,6.0542,cluster_1
cell_6535,14.5253,10.0199,cluster_2
cell_6536,12.0804,7.9588,cluster_1
cell_6537,4.8488,9.8302,cluster_7
cell_6538,1.8275,10.2554,cluster_5
cell_6539,11.9146,5.3015,cluster_1
cell_654,2.2615,2.4658,cluster_6
cell_6540,13.8623,11.4660,cluster_2
cell_6541,12.2505,8.0343,cluster_2
cell_6542,2.5734,3.4118,cluster_6
cell_6543,13.5760,7.9080,cluster_1
cell_6544,12.2607,6.9254,cluster_1
cell_6545,0.8236,6.9664,cluster_3
cell_6546,12.7042,8.3211,cluster_1
cell_6547,15.7231,9.0995,cluster_2
cell_6548,2.2089,6.9460,cluster_5
cell_6549,15.4234,8.1414,cluster_2
cell_655,3.0430,4.5381,cluster_6
cell_6550,3.8615,2.7911,cluster_6
cell_6551,9.0353,7.0999,cluster_3
cell_6552,14.8493,6.1917,cluster_1
cell_6553,11.1528,6.3575,cluster_1
cell_6554,3.8671,2.0090,cluster_4
cell_6555,3.4359,1.5593,cluster_4
cell_6556,12.4151,9.4398,cluster_2
cell_6557,0.6535,2.2286,cluster_6
cell_6558,-1.4363,6.0986,cluster_3
cell_6559,4.5256,8.7369,cluster_7
cell_656,9.4571,3.3697,cluster_8
cell_6560,12.5804,5.6183,cluster_2
cell_6561,13.1371,6.7522,cluster_1
cell_6562,12.9629,8.1191,cluster_2
cell_6563,3.0913,11.5864,cluster_5
cell_6564,-0.9679,6.1338,cluster_3
cell_6565,0.5579,11.0059,cluster_5
cell_6566,3.8474,3.5682,cluster_6
cell_6567,1.8435,3.0313,cluster_6
cell_6568,10.6327,6.8927,cluster_3
cell_6569,13.8171,6.8108,cluster_1
cell_657,13.7307,7.6657,cluster_2
cell_6570,13.8868,10.4816,cluster_2
cell_6571,4.9298,9.0613,cluster_7
cell_6572,13.5735,9.7525,cluster_2
cell_6573,0.7656,6.9438,cluster_3
cell_6574,14.1703,8.6502,cluster_1
cell_6575,4.9701,9.4946,cluster_7
cell_6576,13.1249,5.9395,cluster_1
cell_6577,0.3091,7.6274,cluster_3
cell_6578,4.0945,-1.1408,cluster_4
cell_6579,12.4836,6.1315,cluster_2
cell_658,13.8638,6.8211,cluster_1
cell_6580,2.6879,1.3075,cluster_6
cell_6581,1.3474,9.7148,cluster_5
cell_6582,1.4131,11.1472,cluster_5
cell_6583,-1.1187,7.9934,cluster_3
cell_6584,2.0897,12.1449,cluster_5
cell_6585,10.4821,7.1637,cluster_3
cell_6586,2.1803,10.2876,cluster_5
cell_6587,-1.3735,7.3205,cluster_3
cell_6588,15.2995,9.6180,cluster_2
cell_6589,0.8777,7.2676,cluster_3
cell_659,1.1030,10.8882,cluster_5
cell_6590,14.9555,10.8998,cluster_2
cell_6591,0.6248,10.9679,cluster_5
cell_6592,1.5185,3.3531,cluster_6
cell_6593,2.3937,3.8786,cluster_6
cell_6594,13.7793,7.3212,cluster_1
cell_6595,0.8797,3.8166,cluster_6
cell_6596,2.6893,-0.2778,cluster_4
cell_6597,2.1438,3.3808,cluster_6
cell_6598,14.8395,9.8948,cluster_2
cell_6599,3.1045,4.7834,cluster_6
cell_66,2.8741,8.1392,cluster_5
cell_660,13.6446,8.9555,cluster_2
cell_6600,8.0406,6.7672,cluster_5
cell_6601,11.6767,5.8811,cluster_1
cell_6602,1.5609,10.6707,cluster_5
cell_6603,-1.5416,6.0354,cluster_3
cell_6604,4.0057,-0.3467,cluster_4
cell_6605,0.0635,6.5175,cluster_3
cell_6606,2.0488,9.0643,cluster_5
cell_6607,15.6928,8.1794,cluster_1
cell_6608,3.7937,8.7095,cluster_7
cell_6609,11.8907,7.8958,cluster_1
cell_661,1.0938,1.6736,cluster_6
cell_6610,4.0428,-0.4761,cluster_4
cell_6611,3.7030,11.9605,cluster_5
cell_6612,-0.7109,7.3718,cluster_3
cell_6613,4.1941,-0.3657,cluster_4
cell_6614,13.4443,10.0458,cluster_2
cell_6615,2.1637,10.2179,cluster_5
cell_6616,14.6063,5.1575,cluster_1
cell_6617,0.8761,7.3074,cluster_3
cell_6618,10.9479,6.9955,cluster_1
cell_6619,0.6216,10.9167,cluster_5
cell_662,1.9943,7.3403,cluster_3
cell_6620,4.4612,1.7367,cluster_4
cell_6621,14.9650,7.2967,cluster_1
cell_6622,3.2527,0.0698,cluster_4
cell_6623,-1.2722,6.3594,cluster_3
cell_6624,14.9376,10.6832,cluster_2
cell_6625,12.2566,9.4601,cluster_2
cell_6626,2.6370,3.9194,cluster_6
cell_6627,5.0411,9.0906,cluster_7
cell_6628,10.6611,6.8043,cluster_3
cell_6629,14.4803,5.5515,cluster_1
cell_663,2.8014,-0.2675,cluster_4
cell_6630,15.5011,8.6142,cluster_2
cell_6631,13.1202,8.5846,cluster_1
cell_6632,9.9670,7.3039,cluster_3
cell_6633,15.3038,5.4892,cluster_1
cell_6634,1.3119,2.4338,cluster_6
cell_6635,13.9974,9.4413,cluster_1
cell_6636,11.2710,7.1379,cluster_1
cell_6637,11.9971,6.3354,cluster_1
cell_6638,3.5547,-1.3106,cluster_4
cell_6639,12.5542,9.9752,cluster_2
cell_664,1.5366,3.6074,cluster_6
cell_6640,12.6149,9.1660,cluster_2
cell_6641,11.9878,8.2511,cluster_2
cell_6642,13.1125,10.8985,cluster_2
cell_6643,0.3314,6.8536,cluster_3
cell_6644,0.7078,11.1271,cluster_5
cell_6645,1.9872,1.8569,cluster_6
cell_6646,14.1458,5.0332,cluster_1
cell_6647,13.9096,5.0528,cluster_1
cell_6648,4.9580,9.2879,cluster_7
cell_6649,1.4438,12.0689,cluster_5
cell_665,1.1344,10.4610,cluster_5
cell_6650,13.1412,7.1330,cluster_1
cell_6651,2.9057,12.0906,cluster_5
cell_6652,12.6461,8.2766,cluster_1
cell_6653,1.1510,3.2645,cluster_6
cell_6654,4.2781,-0.8919,cluster_4
cell_6655,1.3523,2.9781,cluster_6
cell_6656,3.2373,4.6856,cluster_3
cell_6657,3.0765,6.3433,cluster_3
cell_6658,11.3198,6.2655,cluster_1
cell_6659,1.9350,10.5697,cluster_5
cell_666,2.6962,10.2350,cluster_5
cell_6660,10.8739,7.0353,cluster_2
cell_6661,3.1562,12.2367,cluster_5
cell_6662,-0.5632,6.9090,cluster_3
cell_6663,14.2565,5.8988,cluster_1
cell_6664,13.8087,5.5768,cluster_1
cell_6665,11.8106,6.8282,cluster_3
cell_6666,14.8096,6.3175,cluster_1
cell_6667,3.9202,-0.9844,cluster_4
cell_6668,1.8381,2.5030,cluster_6
cell_6669,13.2807,7.7762,cluster_1
cell_667,4.3908,5.1207,cluster_6
cell_6670,3.7404,11.9109,cluster_5
cell_6671,15.8115,6.2680,cluster_1
cell_6672,15.3115,6.6586,cluster_1
cell_6673,14.1511,5.4005,cluster_1
cell_6674,13.4761,6.5546,cluster_1
cell_6675,2.3002,9.7245,cluster_5
cell_6676,15.8836,7.3175,cluster_1
cell_6677,4.6069,9.0596,cluster_7
cell_6678,12.3169,10.8468,cluster_2
cell_6679,3.3906,11.4363,cluster_5
cell_668,6.8297,3.3462,cluster_8
cell_6680,2.0815,6.7990,cluster_3
cell_6681,3.9835,10.6620,cluster_5
cell_6682,12.9437,7.1916,cluster_1
cell_6683,14.0758,8.2185,cluster_1
cell_6684,14.5844,9.2480,cluster_2
cell_6685,16.1012,6.5647,cluster_1
cell_6686,0.8721,11.5993,cluster_5
cell_6687,14.0469,6.5387,cluster_1
cell_6688,10.2937,6.3376,cluster_3
cell_6689,2.6523,3.9608,cluster_6
cell_669,8.8918,3.1280,cluster_8
cell_6690,1.9304,9.9452,cluster_5
cell_6691,13.8858,7.1188,cluster_1
cell_6692,14.5537,10.8948,cluster_2
cell_6693,8.3906,6.3600,cluster_3
cell_6694,3.7264,2.7146,cluster_6
cell_6695,3.1094,7.0950,cluster_3
cell_6696,0.1433,7.4478,cluster_3
cell_6697,2.1103,9.8303,cluster_5
cell_6698,3.1908,1.5437,cluster_4
cell_6699,13.9422,6.6847,cluster_1
cell_67,-1.3743,6.9798,cluster_3
cell_670,9.0484,6.2300,cluster_3
cell_6700,12.6829,10.2312,cluster_2
cell_6701,0.9694,6.3446,cluster_3
cell_6702,3.8953,2.2388,cluster_6
cell_6703,3.0766,12.1420,cluster_5
cell_6704,3.4756,3.7385,cluster_6
cell_6705,2.7886,4.4106,cluster_6
cell_6706,13.7237,8.7512,cluster_1
cell_6707,14.5354,8.5180,cluster_2
cell_6708,15.7437,6.1638,cluster_1
cell_6709,2.6304,1.3766,cluster_4
cell_671,11.4832,7.1792,cluster_2
cell_6710,2.9466,0.7054,cluster_4
cell_6711,10.6487,6.8194,cluster_3
cell_6712,1.7159,2.3695,cluster_6
cell_6713,13.2776,10.3149,cluster_2
cell_6714,2.6125,9.8608,cluster_5
cell_6715,14.1807,10.6949,cluster_2
cell_6716,3.8646,11.1918,cluster_5
cell_6717,3.9816,8.5670,cluster_7
cell_6718,4.9554,9.3417,cluster_7
cell_6719,7.9194,6.4440,cluster_3
cell_672,12.6623,5.7911,cluster_1
cell_6720,0.1558,6.8047,cluster_3
cell_6721,-1.1015,6.7801,cluster_3
cell_6722,4.2060,-0.4851,cluster_4
cell_6723,13.5266,6.3543,cluster_1
cell_6724,15.4696,9.5918,cluster_2
cell_6725,14.9135,5.9697,cluster_1
cell_6726,2.2192,9.9755,cluster_5
cell_6727,-1.3671,7.7103,cluster_3
cell_6728,1.2279,9.9990,cluster_5
cell_6729,2.9530,8.6975,cluster_7
cell_673,14.4613,8.4844,cluster_1
cell_6730,5.0592,9.2500,cluster_7
cell_6731,14.9685,9.2080,cluster_2
cell_6732,13.5727,9.5896,cluster_2
cell_6733,1.4517,6.9306,cluster_3
cell_6734,-0.0023,5.8140,cluster_3
cell_6735,12.0559,8.6675,cluster_2
cell_6736,0.0945,6.7596,cluster_3
cell_6737,3.3424,11.8119,cluster_5
cell_6738,4.2055,0.4234,cluster_4
cell_6739,1.2201,2.8543,cluster_6
cell_674,0.5351,10.8240,cluster_5
cell_6740,2.1333,0.6770,cluster_4
cell_6741,16.2654,7.3123,cluster_1
cell_6742,12.8473,10.0170,cluster_2
cell_6743,3.2591,-1.4004,cluster_4
cell_6744,8.3852,6.8226,cluster_2
cell_6745,2.4120,9.7658,cluster_5
cell_6746,12.6130,8.4552,cluster_2
cell_6747,3.3108,3.7616,cluster_6
cell_6748,2.4678,2.6118,cluster_6
cell_6749,9.4997,6.2680,cluster_3
cell_675,15.3787,5.9017,cluster_1
cell_6750,-0.6181,6.6744,cluster_3
cell_6751,4.1985,8.5891,cluster_7
cell_6752,0.5159,7.2112,cluster_3
cell_6753,-1.2150,7.8241,cluster_3
cell_6754,11.6532,7.7578,cluster_1
cell_6755,1.0306,10.4842,cluster_5
cell_6756,10.2159,7.5716,cluster_1
cell_6757,11.0348,6.8222,cluster_3
cell_6758,3.7613,10.6749,cluster_5
cell_6759,14.8667,8.4145,cluster_1
cell_676,13.9101,8.3858,cluster_1
cell_6760,13.9373,9.2975,cluster_2
cell_6761,4.4575,2.8603,cluster_6
cell_6762,3.3715,-1.3869,cluster_4
cell_6763,12.7229,9.1247,cluster_8
cell_6764,2.3260,4.0839,cluster_6
cell_6765,1.9760,10.8645,cluster_5
cell_6766,-1.4551,6.2092,cluster_3
cell_6767,0.9007,8.1161,cluster_3
cell_6768,14.3939,9.5875,cluster_2
cell_6769,12.7918,8.0430,cluster_1
cell_677,2.8287,12.1247,cluster_5
cell_6770,13.7583,10.5018,cluster_2
cell_6771,14.1812,6.8792,cluster_1
cell_6772,2.0001,9.9621,cluster_5
cell_6773,14.7643,6.6524,cluster_1
cell_6774,15.5815,7.3598,cluster_1
cell_6775,15.8252,9.1757,cluster_2
cell_6776,14.2471,11.1045,cluster_2
cell_6777,3.8188,11.0987,cluster_5
cell_6778,0.8867,11.8819,cluster_5
cell_6779,-1.1682,7.5028,cluster_3
cell_678,2.1605,0.8517,cluster_4
cell_6780,14.7781,5.7309,cluster_1
cell_6781,8.9041,7.0813,cluster_3
cell_6782,4.1172,-0.1807,cluster_4
cell_6783,0.9334,3.2661,cluster_6
cell_6784,2.6489,9.7468,cluster_5
cell_6785,13.6995,6.4973,cluster_1
cell_6786,7.1464,6.7987,cluster_2
cell_6787,9.6778,7.4321,cluster_3
cell_6788,4.1457,3.8299,cluster_6
cell_6789,1.7980,10.4719,cluster_5
cell_679,-0.1046,6.7135,cluster_3
cell_6790,0.9602,11.6545,cluster_5
cell_6791,12.8763,8.7150,cluster_2
cell_6792,1.7239,10.9256,cluster_5
cell_6793,0.3635,11.1154,cluster_5
cell_6794,3.0911,11.5388,cluster_5
cell_6795,12.6330,7.2013,cluster_1
cell_6796,4.1170,-0.6434,cluster_4
cell_6797,4.2288,0.6638,cluster_4
cell_6798,2.9791,12.5722,cluster_5
cell_6799,14.7296,11.1064,cluster_2
cell_68,0.7765,11.3895,cluster_5
cell_680,14.8120,6.1449,cluster_1
cell_6800,1.4477,10.1513,cluster_5
cell_6801,1.0374,2.9219,cluster_6
cell_6802,3.5187,-0.7228,cluster_4
cell_6803,13.1920,7.9020,cluster_2
cell_6804,2.6112,2.8033,cluster_6
cell_6805,14.1428,8.2593,cluster_1
cell_6806,3.0000,4.4026,cluster_4
cell_6807,1.3027,11.3278,cluster_5
cell_6808,13.8844,10.4336,cluster_2
cell_6809,2.8073,3.6372,cluster_6
cell_681,3.5013,3.3556,cluster_6
cell_6810,1.1513,11.4098,cluster_5
cell_6811,14.5991,8.7712,cluster_1
cell_6812,11.3460,5.8799,cluster_3
cell_6813,4.1412,3.8372,cluster_6
cell_6814,3.4634,3.8328,cluster_6
cell_6815,15.0209,10.6628,cluster_2
cell_6816,15.1817,9.6039,cluster_2
cell_6817,1.0883,11.5931,cluster_5
cell_6818,2.5958,3.1345,cluster_6
cell_6819,10.8858,7.7664,cluster_2
cell_682,14.4926,5.1486,cluster_1
cell_6820,8.8187,7.1322,cluster_3
cell_6821,5.1112,9.3710,cluster_7
cell_6822,11.2146,8.3408,cluster_2
cell_6823,8.5053,6.2667,cluster_1
cell_6824,14.1092,5.9182,cluster_1
cell_6825,3.5260,4.6853,cluster_2
cell_6826,1.5418,3.2976,cluster_6
cell_6827,14.5605,7.1264,cluster_1
cell_6828,13.3895,7.0585,cluster_1
cell_6829,14.8460,8.1625,cluster_2
cell_683,1.3864,11.6281,cluster_5
cell_6830,13.6704,6.0275,cluster_1
cell_6831,6.7785,6.3750,cluster_2
cell_6832,11.4668,7.7791,cluster_1
cell_6833,8.0310,6.5857,cluster_3
cell_6834,4.1674,3.5482,cluster_3
cell_6835,10.3136,7.6235,cluster_3
cell_6836,13.2855,4.9588,cluster_1
cell_6837,3.3622,11.6864,cluster_5
cell_6838,0.9295,6.4545,cluster_3
cell_6839,4.3853,0.5886,cluster_4
cell_684,11.3796,6.0668,cluster_8
cell_6840,1.4830,10.7816,cluster_5
cell_6841,0.6133,6.5812,cluster_3
cell_6842,13.7581,10.2023,cluster_2
cell_6843,12.3995,5.3374,cluster_2
cell_6844,1.5427,11.1862,cluster_5
cell_6845,2.3069,3.4069,cluster_6
cell_6846,4.9489,9.0215,cluster_7
cell_6847,14.0817,10.4338,cluster_2
cell_6848,0.7645,7.3392,cluster_3
cell_6849,11.6331,9.3518,cluster_2
cell_685,13.1459,7.8944,cluster_1
cell_6850,4.1843,4.6701,cluster_1
cell_6851,15.3243,6.7317,cluster_1
cell_6852,16.0725,8.2933,cluster_1
cell_6853,14.3930,8.0595,cluster_1
cell_6854,0.9065,11.0838,cluster_5
cell_6855,15.1411,9.4994,cluster_1
cell_6856,2.8840,11.6149,cluster_5
cell_6857,9.2240,7.2498,cluster_2
cell_6858,13.8116,6.8079,cluster_1
cell_6859,0.9470,1.7318,cluster_6
cell_686,1.2332,7.2339,cluster_3
cell_6860,15.4182,5.3959,cluster_1
cell_6861,3.0779,1.6058,cluster_4
cell_6862,0.6345,6.1979,cluster_3
cell_6863,0.5229,6.5962,cluster_3
cell_6864,2.4961,1.5897,cluster_6
cell_6865,11.9115,8.7535,cluster_2
cell_6866,0.9570,7.1653,cluster_3
cell_6867,14.0539,8.7764,cluster_2
cell_6868,11.9958,5.4899,cluster_1
cell_6869,-1.3562,7.0252,cluster_3
cell_687,3.3133,11.9861,cluster_5
cell_6870,2.6414,-0.5609,cluster_4
cell_6871,1.6864,6.5574,cluster_3
cell_6872,14.4311,4.9606,cluster_1
cell_6873,12.4727,9.5133,cluster_2
cell_6874,7.7174,6.9552,cluster_3
cell_6875,14.2822,10.8139,cluster_2
cell_6876,15.8897,6.9583,cluster_1
cell_6877,9.3964,6.4466,cluster_3
cell_6878,13.8464,6.2326,cluster_1
cell_6879,15.0456,10.6319,cluster_2
cell_688,0.9389,11.7081,cluster_5
cell_6880,-0.1085,5.9033,cluster_3
cell_6881,3.8553,11.3549,cluster_5
cell_6882,13.1324,8.7822,cluster_2
cell_6883,3.2226,3.0417,cluster_6
cell_6884,13.9796,10.9571,cluster_2
cell_6885,13.6225,6.4009,cluster_1
cell_6886,11.0751,7.3443,cluster_5
cell_6887,2.2639,9.5319,cluster_5
cell_6888,1.1842,12.0863,cluster_5
cell_6889,9.4738,6.1475,cluster_3
cell_689,2.9505,0.2628,cluster_4
cell_6890,11.0870,7.9164,cluster_3
cell_6891,13.5865,9.8118,cluster_2
cell_6892,14.7285,5.5007,cluster_1
cell_6893,15.6024,8.6600,cluster_1
cell_6894,13.1279,8.6841,cluster_2
cell_6895,15.5965,5.5311,cluster_1
cell_6896,12.4211,9.8085,cluster_2
cell_6897,0.8453,3.2629,cluster_6
cell_6898,10.9908,7.1974,cluster_3
cell_6899,4.4465,8.7247,cluster_7
cell_69,1.8944,10.5182,cluster_5
cell_690,0.3048,7.0988,cluster_3
cell_6900,13.7995,10.0927,cluster_2
cell_6901,3.7263,-0.2115,cluster_4
cell_6902,14.6738,6.6039,cluster_1
cell_6903,1.7131,3.3954,cluster_6
cell_6904,12.0666,9.0349,cluster_2
cell_6905,8.9357,6.6194,cluster_6
cell_6906,-0.1380,5.5945,cluster_3
cell_6907,1.0478,10.4758,cluster_5
cell_6908,11.7769,7.7170,cluster_1
cell_6909,11.7682,6.0242,cluster_2
cell_691,2.1155,3.7782,cluster_6
cell_6910,-0.3760,6.2790,cluster_3
cell_6911,1.4395,1.5565,cluster_6
cell_6912,11.7968,8.0377,cluster_1
cell_6913,12.7026,6.3604,cluster_1
cell_6914,15.2558,10.1136,cluster_2
cell_6915,2.5211,2.4249,cluster_6
cell_6916,13.6929,8.5700,cluster_1
cell_6917,15.7825,8.5695,cluster_2
cell_6918,3.0551,11.5372,cluster_5
cell_6919,8.8729,7.3020,cluster_1
cell_692,11.9791,7.0872,cluster_1
cell_6920,1.8112,3.2822,cluster_6
cell_6921,15.4527,9.4413,cluster_2
cell_6922,13.3524,6.6722,cluster_1
cell_6923,1.7250,1.5114,cluster_6
cell_6924,3.0717,3.2563,cluster_6
cell_6925,14.0363,5.5827,cluster_1
cell_6926,15.3569,9.6533,cluster_2
cell_6927,3.8387,11.2948,cluster_5
cell_6928,13.7033,9.1477,cluster_2
cell_6929,0.7083,1.9098,cluster_6
cell_693,8.7241,2.9422,cluster_8
cell_6930,14.1432,9.9406,cluster_2
cell_6931,13.4482,7.8375,cluster_1
cell_6932,0.5239,2.1773,cluster_6
cell_6933,14.1408,6.1044,cluster_1
cell_6934,15.4482,9.2138,cluster_1
cell_6935,1.3789,3.3079,cluster_6
cell_6936,0.9978,7.5669,cluster_3
cell_6937,12.5270,7.6786,cluster_1
cell_6938,12.8085,5.0651,cluster_1
cell_6939,2.7293,1.9862,cluster_4
cell_694,1.0018,10.2474,cluster_5
cell_6940,14.5312,6.5779,cluster_1
cell_6941,14.1050,5.8469,cluster_1
cell_6942,2.3740,3.9379,cluster_6
cell_6943,1.1430,6.3793,cluster_3
cell_6944,11.6519,5.6927,cluster_1
cell_6945,14.3957,9.9257,cluster_2
cell_6946,7.8278,6.2583,cluster_3
cell_6947,-0.2004,5.8877,cluster_3
cell_6948,1.3709,3.3856,cluster_6
cell_6949,15.7650,5.7958,cluster_1
cell_695,2.6269,10.0844,cluster_5
cell_6950,8.4227,6.3631,cluster_6
cell_6951,15.1674,9.2816,cluster_2
cell_6952,14.3319,6.5045,cluster_1
cell_6953,0.5178,6.6714,cluster_3
cell_6954,14.3905,7.7413,cluster_1
cell_6955,1.3769,10.6120,cluster_5
cell_6956,7.6536,6.1281,cluster_3
cell_6957,3.0993,3.3276,cluster_6
cell_6958,12.7101,4.8262,cluster_1
cell_6959,3.1752,-0.7031,cluster_4
cell_696,1.6055,10.3546,cluster_5
cell_6960,3.1942,2.7237,cluster_5
cell_6961,-1.1445,6.6436,cluster_3
cell_6962,13.2145,5.6160,cluster_1
cell_6963,12.5236,5.2051,cluster_1
cell_6964,3.0043,4.2995,cluster_2
cell_6965,3.0165,3.9837,cluster_6
cell_6966,13.7368,7.3091,cluster_2
cell_6967,2.6000,10.0425,cluster_5
cell_6968,2.4165,9.1239,cluster_5
cell_6969,14.2521,8.4971,cluster_2
cell_697,1.0770,12.5155,cluster_5
cell_6970,9.8377,6.8350,cluster_3
cell_6971,3.1573,3.7202,cluster_6
cell_6972,3.9748,-0.3792,cluster_4
cell_6973,15.0039,10.9858,cluster_2
cell_6974,3.0266,10.8920,cluster_5
cell_6975,13.8118,5.9104,cluster_1
cell_6976,2.5118,0.8979,cluster_4
cell_6977,15.4560,8.6617,cluster_2
cell_6978,3.9733,12.2130,cluster_5
cell_6979,1.5617,2.4173,cluster_6
cell_698,2.8954,11.1220,cluster_5
cell_6980,15.6623,9.5475,cluster_2
cell_6981,3.9594,-0.9320,cluster_4
cell_6982,15.0844,7.0649,cluster_1
cell_6983,1.5967,3.2184,cluster_6
cell_6984,1.7926,9.4587,cluster_5
cell_6985,14.7779,10.6551,cluster_2
cell_6986,0.9047,1.6824,cluster_6
cell_6987,4.1081,11.6660,cluster_5
cell_6988,13.7464,5.8592,cluster_1
cell_6989,15.0147,9.3375,cluster_1
cell_699,-0.2942,8.1760,cluster_3
cell_6990,11.7631,5.5101,cluster_1
cell_6991,14.6890,10.3259,cluster_2
cell_6992,16.1327,8.0012,cluster_1
cell_6993,15.0094,5.4361,cluster_1
cell_6994,14.0133,9.5272,cluster_2
cell_6995,0.0428,5.5398,cluster_3
cell_6996,12.3332,5.1547,cluster_1
cell_6997,2.3355,2.6612,cluster_6
cell_6998,2.0393,2.5555,cluster_6
cell_6999,15.1616,10.4659,cluster_2
cell_7,-0.7206,7.6850,cluster_3
cell_70,0.3144,11.3727,cluster_5
cell_700,1.8612,10.7719,cluster_5
cell_7000,0.3859,2.5558,cluster_6
cell_7001,12.9225,8.4701,cluster_1
cell_7002,12.6282,9.6890,cluster_2
cell_7003,0.3869,6.9723,cluster_3
cell_7004,14.6557,11.3182,cluster_2
cell_7005,15.7609,9.4710,cluster_1
cell_7006,14.6655,6.5193,cluster_1
cell_7007,3.3685,-1.3612,cluster_4
cell_7008,13.6039,10.9338,cluster_2
cell_7009,13.1274,11.1339,cluster_2
cell_701,4.8610,9.6002,cluster_7
cell_7010,3.7827,-1.4083,cluster_4
cell_7011,13.9506,11.4533,cluster_2
cell_7012,13.7212,9.8416,cluster_2
cell_7013,13.2790,7.4319,cluster_2
cell_7014,0.4764,2.5514,cluster_6
cell_7015,10.7179,6.9972,cluster_2
cell_7016,2.4028,4.2069,cluster_6
cell_7017,1.4302,1.9302,cluster_6
cell_7018,0.5735,1.8057,cluster_6
cell_7019,15.0560,8.2537,cluster_2
cell_702,6.2165,3.7922,cluster_8
cell_7020,9.4221,7.4820,cluster_3
cell_7021,12.5629,8.2672,cluster_2
cell_7022,15.8366,6.4031,cluster_1
cell_7023,4.4641,7.0636,cluster_3
cell_7024,14.7314,9.1075,cluster_1
cell_7025,12.8835,5.4803,cluster_3
cell_7026,12.7996,5.0798,cluster_1
cell_7027,0.6940,11.0764,cluster_5
cell_7028,11.8686,6.9339,cluster_2
cell_7029,14.4287,9.0782,cluster_2
cell_703,1.1329,2.9192,cluster_6
cell_7030,3.1720,4.5661,cluster_6
cell_7031,12.1003,6.7940,cluster_2
cell_7032,2.8405,-0.0633,cluster_4
cell_7033,12.7013,5.6481,cluster_1
cell_7034,12.2692,9.7832,cluster_2
cell_7035,14.0046,6.9309,cluster_1
cell_7036,14.2719,7.2807,cluster_1
cell_7037,0.0672,7.8614,cluster_3
cell_7038,1.4003,1.9734,cluster_6
cell_7039,10.3572,6.7772,cluster_3
cell_704,15.4474,7.5517,cluster_1
cell_7040,-0.5637,5.5978,cluster_3
cell_7041,15.5796,9.2859,cluster_2
cell_7042,7.8899,6.0961,cluster_3
cell_7043,3.8107,12.1403,cluster_5
cell_7044,15.8171,6.9562,cluster_1
cell_7045,15.0285,6.4503,cluster_1
cell_7046,16.1492,8.3908,cluster_1
cell_7047,8.1724,6.4057,cluster_3
cell_7048,0.9900,8.6473,cluster_3
cell_7049,14.6791,6.8041,cluster_1
cell_705,3.0939,8.1154,cluster_5
cell_7050,13.1095,9.7521,cluster_2
cell_7051,8.6316,6.8538,cluster_3
cell_7052,15.3295,5.6935,cluster_1
cell_7053,3.7072,2.1065,cluster_6
cell_7054,3.4661,-0.5043,cluster_4
cell_7055,3.6801,12.1193,cluster_5
cell_7056,15.2118,10.9895,cluster_2
cell_7057,3.1710,1.6018,cluster_4
cell_7058,13.0440,5.7826,cluster_1
cell_7059,0.6836,7.1971,cluster_3
cell_706,1.1934,10.2300,cluster_5
cell_7060,15.2282,6.9148,cluster_1
cell_7061,13.0703,6.5030,cluster_1
cell_7062,3.3167,-0.6053,cluster_4
cell_7063,1.4200,6.7301,cluster_3
cell_7064,13.2049,11.1807,cluster_2
cell_7065,13.7946,7.7386,cluster_2
cell_7066,-0.5968,6.8660,cluster_3
cell_7067,15.5860,10.7050,cluster_2
cell_7068,14.0981,6.0466,cluster_1
cell_7069,12.3383,6.7280,cluster_1
cell_707,0.8828,10.6713,cluster_5
cell_7070,13.5282,7.0343,cluster_1
cell_7071,14.6685,8.4028,cluster_1
cell_7072,1.8650,3.8677,cluster_6
cell_7073,9.9414,6.2987,cluster_3
cell_7074,2.5634,6.4879,cluster_1
cell_7075,1.2911,6.1361,cluster_3
cell_7076,1.1436,3.3850,cluster_6
cell_7077,14.7919,10.4886,cluster_2
cell_7078,13.6402,6.4147,cluster_1
cell_7079,13.7066,5.2054,cluster_1
cell_708,14.9167,10.6021,cluster_2
cell_7080,3.6199,4.3395,cluster_6
cell_7081,16.0115,6.5232,cluster_1
cell_7082,2.7713,-0.8212,cluster_4
cell_7083,15.2572,8.8063,cluster_1
cell_7084,10.5500,7.6501,cluster_3
cell_7085,13.0075,6.7802,cluster_1
cell_7086,9.1171,6.7927,cluster_3
cell_7087,11.8250,5.6719,cluster_1
cell_7088,0.5618,6.9945,cluster_3
cell_7089,7.2165,6.9088,cluster_3
cell_709,0.9100,12.1730,cluster_5
cell_7090,3.8138,4.9205,cluster_6
cell_7091,-1.0120,5.7476,cluster_3
cell_7092,3.5314,-0.7962,cluster_4
cell_7093,9.0356,7.0676,cluster_3
cell_7094,9.5690,6.9332,cluster_6
cell_7095,0.8160,1.6351,cluster_6
cell_7096,14.6224,7.1606,cluster_1
cell_7097,12.8886,5.6581,cluster_1
cell_7098,10.3226,7.2348,cluster_3
cell_7099,1.5110,11.8295,cluster_5
cell_71,12.4377,7.8664,cluster_2
cell_710,16.2499,6.7179,cluster_1
cell_7100,12.1542,8.8054,cluster_2
cell_7101,2.6618,0.1948,cluster_4
cell_7102,3.4253,11.2646,cluster_5
cell_7103,0.8527,6.1535,cluster_3
cell_7104,14.0290,7.0484,cluster_1
cell_7105,12.5258,7.4312,cluster_1
cell_7106,14.8446,5.8417,cluster_1
cell_7107,-1.5627,6.4127,cluster_3
cell_7108,13.9371,4.7477,cluster_1
cell_7109,14.9912,9.9574,cluster_2
cell_711,10.6880,7.0574,cluster_2
cell_7110,11.7612,9.5674,cluster_2
cell_7111,1.1807,11.8720,cluster_5
cell_7112,14.6535,5.7860,cluster_1
cell_7113,2.0782,1.7883,cluster_6
cell_7114,14.6497,7.3131,cluster_1
cell_7115,13.1316,10.4177,cluster_2
cell_7116,10.1568,7.2285,cluster_6
cell_7117,2.3999,9.6298,cluster_5
cell_7118,14.4553,7.0229,cluster_1
cell_7119,13.2356,10.6470,cluster_2
cell_712,2.0320,9.1464,cluster_5
cell_7120,12.9013,7.0353,cluster_1
cell_7121,15.4107,9.9850,cluster_2
cell_7122,1.2715,2.8382,cluster_6
cell_7123,13.6191,9.0915,cluster_2
cell_7124,3.3899,-1.3907,cluster_4
cell_7125,4.3486,3.4285,cluster_6
cell_7126,0.6968,1.8303,cluster_6
cell_7127,13.2360,10.5069,cluster_2
cell_7128,13.9056,6.9557,cluster_1
cell_7129,13.8099,11.0658,cluster_2
cell_713,5.3448,5.4913,cluster_6
cell_7130,0.7245,2.2282,cluster_6
cell_7131,13.7902,5.7112,cluster_1
cell_7132,11.8146,6.8724,cluster_1
cell_7133,15.2963,5.4792,cluster_1
cell_7134,12.2869,8.9237,cluster_2
cell_7135,1.3032,6.6079,cluster_6
cell_7136,3.6755,4.3474,cluster_6
cell_7137,14.7320,9.7219,cluster_2
cell_7138,1.2509,3.2945,cluster_6
cell_7139,2.2698,-0.3265,cluster_4
cell_714,2.8792,10.4861,cluster_5
cell_7140,11.9414,9.6170,cluster_2
cell_7141,13.0862,4.6633,cluster_1
cell_7142,15.2086,5.9048,cluster_1
cell_7143,3.1818,-1.0613,cluster_4
cell_7144,13.7634,11.1065,cluster_2
cell_7145,16.0258,7.1161,cluster_1
cell_7146,2.4613,3.1815,cluster_6
cell_7147,15.8475,8.9420,cluster_1
cell_7148,8.9872,7.1871,cluster_6
cell_7149,14.5020,9.0681,cluster_2
cell_715,3.1924,4.4956,cluster_6
cell_7150,3.1159,-0.1067,cluster_4
cell_7151,3.9794,0.4176,cluster_4
cell_7152,15.7354,9.9762,cluster_2
cell_7153,13.4095,5.8571,cluster_1
cell_7154,7.2104,6.4833,cluster_3
cell_7155,10.7268,8.0290,cluster_2
cell_7156,8.9840,6.0056,cluster_3
cell_7157,14.4275,7.3846,cluster_1
cell_7158,-0.8760,6.6567,cluster_3
cell_7159,12.9025,6.5191,cluster_1
cell_716,1.4756,10.4111,cluster_5
cell_7160,11.9297,8.6123,cluster_2
cell_7161,3.5438,3.3975,cluster_6
cell_7162,0.8656,7.2752,cluster_3
cell_7163,2.9378,11.1366,cluster_5
cell_7164,14.0799,5.0205,cluster_1
cell_7165,4.7076,8.9308,cluster_7
cell_7166,15.0660,8.6788,cluster_1
cell_7167,10.9446,6.7308,cluster_1
cell_7168,13.1166,11.2618,cluster_2
cell_7169,13.5511,4.8454,cluster_1
cell_717,6.9955,4.0470,cluster_8
cell_7170,16.2374,7.2958,cluster_1
cell_7171,11.3375,7.8179,cluster_1
cell_7172,13.4973,5.7310,cluster_1
cell_7173,14.8415,9.5455,cluster_2
cell_7174,3.1316,11.0012,cluster_5
cell_7175,12.0433,5.7938,cluster_1
cell_7176,14.9010,7.6802,cluster_1
cell_7177,3.2515,10.9522,cluster_5
cell_7178,15.6154,5.7264,cluster_1
cell_7179,15.4850,6.0493,cluster_1
cell_718,3.1791,11.3786,cluster_5
cell_7180,1.8177,6.5428,cluster_3
cell_7181,16.1135,6.5077,cluster_1
cell_7182,11.4036,6.7498,cluster_6
cell_7183,13.6881,5.9075,cluster_1
cell_7184,12.6195,9.3709,cluster_2
cell_7185,12.2754,6.2089,cluster_1
cell_7186,16.1266,5.9720,cluster_1
cell_7187,15.2274,6.8721,cluster_1
cell_7188,14.0992,7.9820,cluster_1
cell_7189,14.6873,11.4269,cluster_2
cell_719,1.6146,9.5231,cluster_5
cell_7190,14.7438,6.3666,cluster_1
cell_7191,14.5406,11.2912,cluster_2
cell_7192,-0.7379,5.6937,cluster_3
cell_7193,3.1659,-1.0660,cluster_4
cell_7194,16.2755,8.2110,cluster_1
cell_7195,0.5877,6.8737,cluster_3
cell_7196,15.6210,6.1967,cluster_1
cell_7197,15.2302,6.3227,cluster_1
cell_7198,13.2023,10.2857,cluster_2
cell_7199,11.9370,8.6356,cluster_2
cell_72,1.0658,3.1329,cluster_6
cell_720,9.8842,3.0828,cluster_8
cell_7200,11.5549,8.5008,cluster_2
cell_7201,16.0565,6.1370,cluster_1
cell_7202,15.7712,6.0707,cluster_1
cell_7203,3.6453,-1.2244,cluster_4
cell_7204,12.5816,10.9450,cluster_2
cell_7205,2.3400,10.4496,cluster_5
cell_7206,-0.8771,5.9841,cluster_3
cell_7207,14.5667,11.6628,cluster_2
cell_7208,13.2508,10.7447,cluster_2
cell_7209,14.8581,10.6932,cluster_2
cell_721,4.2328,-0.5913,cluster_5
cell_7210,1.7503,1.6272,cluster_6
cell_7211,13.8259,4.8610,cluster_1
cell_7212,13.6960,5.4706,cluster_1
cell_7213,0.5437,2.9219,cluster_6
cell_7214,1.4396,1.1509,cluster_4
cell_7215,16.2180,6.3353,cluster_1
cell_7216,12.8077,9.2460,cluster_2
cell_7217,0.2586,7.5224,cluster_3
cell_7218,-1.1362,6.5544,cluster_3
cell_7219,14.6928,6.2428,cluster_1
cell_722,2.4368,3.0671,cluster_6
cell_7220,15.5514,8.7141,cluster_1
cell_7221,1.4240,10.9741,cluster_5
cell_7222,13.8454,6.4124,cluster_1
cell_7223,15.5315,8.6775,cluster_2
cell_7224,-1.2751,6.9765,cluster_3
cell_7225,1.8624,3.3511,cluster_6
cell_7226,12.6979,6.3835,cluster_1
cell_7227,13.1664,9.6106,cluster_2
cell_7228,13.9968,6.3130,cluster_1
cell_7229,7.8095,6.5134,cluster_6
cell_723,14.3609,11.0708,cluster_2
cell_7230,7.1473,6.1098,cluster_2
cell_7231,2.0278,3.2276,cluster_6
cell_7232,2.9759,4.5359,cluster_6
cell_7233,-0.6655,5.9294,cluster_3
cell_7234,14.1731,6.1276,cluster_1
cell_7235,13.9420,5.9509,cluster_1
cell_7236,13.9549,10.2254,cluster_2
cell_7237,13.1315,8.2614,cluster_1
cell_7238,14.9808,7.6056,cluster_1
cell_7239,0.7947,6.1572,cluster_3
cell_724,3.2905,11.6869,cluster_5
cell_7240,3.4279,-0.9444,cluster_4
cell_7241,13.4557,5.5333,cluster_1
cell_7242,9.9299,7.5581,cluster_3
cell_7243,14.1818,11.9030,cluster_2
cell_7244,0.8799,2.1792,cluster_6
cell_7245,14.7374,5.5637,cluster_1
cell_7246,13.2437,5.5689,cluster_1
cell_7247,13.8146,9.4093,cluster_2
cell_7248,-0.2498,5.8029,cluster_3
cell_7249,0.8049,3.1301,cluster_6
cell_725,6.9111,3.0686,cluster_8
cell_7250,14.3830,9.4234,cluster_2
cell_7251,10.4815,5.9190,cluster_3
cell_7252,13.9972,5.6788,cluster_1
cell_7253,2.4031,1.1266,cluster_6
cell_7254,16.3229,7.9421,cluster_1
cell_7255,1.3843,10.3181,cluster_5
cell_7256,13.9396,6.5235,cluster_2
cell_7257,14.1274,11.2722,cluster_2
cell_7258,2.3009,9.5513,cluster_5
cell_7259,14.0563,6.3636,cluster_1
cell_726,13.7675,6.3676,cluster_1
cell_7260,14.4378,6.7685,cluster_1
cell_7261,15.5788,8.1076,cluster_1
cell_7262,15.3789,6.3199,cluster_1
cell_7263,11.8494,5.5682,cluster_1
cell_7264,-0.3553,6.1580,cluster_3
cell_7265,1.7927,9.6517,cluster_5
cell_7266,13.8112,7.4768,cluster_1
cell_7267,2.7145,3.1262,cluster_6
cell_7268,15.4852,6.7575,cluster_1
cell_7269,16.0992,8.7369,cluster_2
cell_727,1.3241,2.0469,cluster_6
cell_7270,12.6018,5.5444,cluster_1
cell_7271,13.9630,7.1277,cluster_2
cell_7272,-0.6249,6.0877,cluster_3
cell_7273,12.1780,8.6820,cluster_2
cell_7274,15.5409,6.8342,cluster_1
cell_7275,3.3704,4.6572,cluster_6
cell_7276,14.7838,10.1509,cluster_2
cell_7277,15.1245,7.7115,cluster_1
cell_7278,14.1421,9.8557,cluster_2
cell_7279,2.0261,11.3341,cluster_5
cell_728,13.2113,7.4773,cluster_2
cell_7280,2.2025,4.1831,cluster_6
cell_7281,12.9171,6.3553,cluster_1
cell_7282,1.7750,7.1953,cluster_3
cell_7283,15.4327,10.8904,cluster_2
cell_7284,-1.2099,5.6616,cluster_3
cell_7285,14.7322,6.9183,cluster_1
cell_7286,1.4133,2.9288,cluster_6
cell_7287,11.0620,7.8437,cluster_3
cell_7288,0.7881,6.0887,cluster_3
cell_7289,2.5115,-0.5677,cluster_4
cell_729,-1.2360,7.1942,cluster_3
cell_7290,-1.0917,7.4075,cluster_3
cell_7291,2.9496,-0.4955,cluster_4
cell_7292,13.3591,11.0657,cluster_2
cell_7293,2.3272,9.6320,cluster_5
cell_7294,2.8151,11.0615,cluster_5
cell_7295,2.7557,4.1144,cluster_6
cell_7296,14.8944,10.2068,cluster_2
cell_7297,2.8707,3.6858,cluster_6
cell_7298,14.3986,10.0916,cluster_2
cell_7299,3.3419,-0.9538,cluster_4
cell_73,0.9190,10.5847,cluster_5
cell_730,11.2283,7.5982,cluster_2
cell_7300,2.7450,0.9796,cluster_4
cell_7301,12.2107,8.6382,cluster_2
cell_7302,2.3160,3.4141,cluster_6
cell_7303,12.4674,10.5891,cluster_2
cell_7304,15.2778,7.9590,cluster_1
cell_7305,0.5084,2.9081,cluster_6
cell_7306,13.3407,5.0427,cluster_1
cell_7307,1.5116,3.0871,cluster_6
cell_7308,15.7155,9.1125,cluster_1
cell_7309,12.8826,6.9079,cluster_1
cell_731,0.6792,11.7417,cluster_5
cell_7310,14.2207,5.2641,cluster_1
cell_7311,1.7178,11.0980,cluster_5
cell_7312,2.5308,1.2703,cluster_4
cell_7313,3.0214,-0.6117,cluster_4
cell_7314,2.5599,11.3109,cluster_5
cell_7315,10.9978,7.1183,cluster_1
cell_7316,11.6265,8.6438,cluster_2
cell_7317,13.1079,7.1644,cluster_1
cell_7318,13.7860,11.6696,cluster_2
cell_7319,2.1763,-0.4088,cluster_4
cell_732,2.2120,8.7016,cluster_5
cell_7320,13.4272,10.4488,cluster_2
cell_7321,3.3151,-1.3689,cluster_4
cell_7322,13.8554,5.8565,cluster_2
cell_7323,2.4185,3.3687,cluster_6
cell_7324,14.9648,8.1912,cluster_1
cell_7325,14.7358,6.1477,cluster_1
cell_7326,3.3039,4.6490,cluster_6
cell_7327,0.8797,6.6676,cluster_3
cell_7328,12.7106,6.6826,cluster_1
cell_7329,12.4716,7.0634,cluster_1
cell_733,14.6407,9.0470,cluster_1
cell_7330,9.8480,7.1392,cluster_1
cell_7331,14.9626,11.0806,cluster_2
cell_7332,14.2495,11.8841,cluster_2
cell_7333,4.4739,0.9881,cluster_4
cell_7334,11.0633,6.6766,cluster_3
cell_7335,13.8012,11.0432,cluster_2
cell_7336,15.0489,7.4050,cluster_1
cell_7337,14.2654,10.4628,cluster_2
cell_7338,-1.2363,6.5513,cluster_3
cell_7339,12.9159,6.3080,cluster_1
cell_734,0.9800,9.3646,cluster_5
cell_7340,5.1295,9.0100,cluster_7
cell_7341,14.8866,6.0988,cluster_1
cell_7342,13.0056,6.4896,cluster_1
cell_7343,13.0045,10.3511,cluster_2
cell_7344,1.0480,2.0925,cluster_6
cell_7345,1.8708,6.5863,cluster_3
cell_7346,0.9745,1.8221,cluster_6
cell_7347,1.7134,2.1044,cluster_6
cell_7348,10.4559,6.4314,cluster_3
cell_7349,-1.0661,5.8644,cluster_3
cell_735,2.0649,11.9315,cluster_5
cell_7350,13.9969,10.4464,cluster_2
cell_7351,10.7223,6.2819,cluster_3
cell_7352,13.5347,6.5359,cluster_1
cell_7353,14.5111,11.2764,cluster_2
cell_7354,3.7052,2.7312,cluster_6
cell_7355,3.7788,11.2635,cluster_5
cell_7356,3.4555,11.8658,cluster_5
cell_7357,14.9144,6.0240,cluster_1
cell_7358,3.6524,4.1397,cluster_6
cell_7359,3.5576,12.1836,cluster_5
cell_736,0.5857,10.2920,cluster_5
cell_7360,13.0710,5.8425,cluster_1
cell_7361,12.9858,7.3397,cluster_2
cell_7362,14.2889,5.5138,cluster_2
cell_7363,2.0703,0.9367,cluster_4
cell_7364,12.4484,6.5481,cluster_1
cell_7365,0.5788,6.3064,cluster_3
cell_7366,13.8998,8.8423,cluster_1
cell_7367,12.3840,9.6051,cluster_2
cell_7368,4.8092,9.7239,cluster_7
cell_7369,11.3384,8.2776,cluster_2
cell_737,3.4314,4.8890,cluster_6
cell_7370,10.9019,5.8303,cluster_3
cell_7371,12.6451,5.2945,cluster_1
cell_7372,13.3561,5.4634,cluster_1
cell_7373,8.2747,5.9024,cluster_3
cell_7374,0.1948,6.0084,cluster_3
cell_7375,-0.9179,7.2205,cluster_3
cell_7376,14.9275,6.4842,cluster_1
cell_7377,12.8436,9.7319,cluster_2
cell_7378,13.0693,8.1024,cluster_1
cell_7379,-1.7021,6.2764,cluster_3
cell_738,2.9120,4.6722,cluster_6
cell_7380,14.1664,8.0176,cluster_1
cell_7381,13.5752,10.6816,cluster_2
cell_7382,11.0118,6.5407,cluster_3
cell_7383,3.7427,4.7954,cluster_6
cell_7384,15.3234,9.4359,cluster_2
cell_7385,12.0991,5.9467,cluster_1
cell_7386,14.5206,6.1640,cluster_1
cell_7387,12.2290,8.2136,cluster_2
cell_7388,14.5999,7.0034,cluster_1
cell_7389,13.4758,10.0571,cluster_2
cell_739,9.9254,6.2726,cluster_1
cell_7390,14.6388,6.5146,cluster_1
cell_7391,15.2975,6.5978,cluster_1
cell_7392,15.0340,6.6601,cluster_1
cell_7393,15.6156,9.5349,cluster_1
cell_7394,10.7747,5.6814,cluster_1
cell_7395,3.2764,1.5774,cluster_4
cell_7396,13.4372,5.8835,cluster_1
cell_7397,4.4283,1.5800,cluster_6
cell_7398,1.2068,5.9731,cluster_3
cell_7399,11.0337,8.1873,cluster_2
cell_74,4.0360,0.1536,cluster_4
cell_740,8.9834,2.8553,cluster_8
cell_7400,14.2977,10.2998,cluster_2
cell_7401,15.5348,6.6716,cluster_1
cell_7402,4.5238,3.5425,cluster_6
cell_7403,13.7997,7.0045,cluster_1
cell_7404,12.3446,7.9837,cluster_2
cell_7405,15.1653,10.7817,cluster_2
cell_7406,0.9699,5.9710,cluster_3
cell_7407,13.6441,11.5524,cluster_2
cell_7408,10.7547,6.6666,cluster_1
cell_7409,14.1177,10.3205,cluster_2
cell_741,1.2664,10.7090,cluster_5
cell_7410,14.8103,6.1302,cluster_2
cell_7411,3.7705,2.4205,cluster_6
cell_7412,2.2586,-0.1764,cluster_4
cell_7413,15.4878,7.3464,cluster_1
cell_7414,12.1969,9.8231,cluster_3
cell_7415,2.8545,9.5148,cluster_5
cell_7416,0.3924,2.8032,cluster_6
cell_7417,1.8597,3.2303,cluster_6
cell_7418,14.1932,11.7973,cluster_2
cell_7419,14.2368,6.9043,cluster_1
cell_742,0.2636,11.3541,cluster_5
cell_7420,14.7370,6.0814,cluster_1
cell_7421,12.4791,6.5586,cluster_1
cell_7422,13.4968,10.5280,cluster_2
cell_7423,12.9470,8.0930,cluster_1
cell_7424,12.1379,6.9166,cluster_1
cell_7425,14.9043,10.1699,cluster_2
cell_7426,-1.3703,7.0368,cluster_3
cell_7427,12.8675,9.8578,cluster_2
cell_7428,2.5843,3.0681,cluster_6
cell_7429,14.9686,7.8563,cluster_2
cell_743,0.8128,10.3818,cluster_5
cell_7430,13.3435,10.3649,cluster_2
cell_7431,3.5672,11.8143,cluster_5
cell_7432,13.0692,6.6098,cluster_1
cell_7433,14.8640,10.0531,cluster_2
cell_7434,15.2579,10.8873,cluster_2
cell_7435,15.8373,5.8598,cluster_1
cell_7436,-0.5498,5.8577,cluster_3
cell_7437,-1.0409,6.1934,cluster_3
cell_7438,4.4537,5.3652,cluster_6
cell_7439,16.5070,7.3025,cluster_1
cell_744,3.3357,3.3826,cluster_6
cell_7440,1.8713,6.9749,cluster_3
cell_7441,14.7397,11.0730,cluster_2
cell_7442,16.3091,7.7862,cluster_1
cell_7443,-1.2702,6.6802,cluster_3
cell_7444,9.5704,7.3548,cluster_2
cell_7445,12.1688,8.5589,cluster_2
cell_7446,1.4550,2.4487,cluster_6
cell_7447,14.5945,7.4743,cluster_1
cell_7448,14.6356,9.9876,cluster_2
cell_7449,3.3225,1.6381,cluster_4
cell_745,9.7503,3.1397,cluster_8
cell_7450,0.3964,8.3612,cluster_3
cell_7451,1.2846,3.0622,cluster_6
cell_7452,11.4476,8.2872,cluster_1
cell_7453,9.7064,7.3972,cluster_3
cell_7454,14.5952,6.2417,cluster_1
cell_7455,12.1038,9.8732,cluster_2
cell_7456,13.5441,8.1149,cluster_1
cell_7457,3.8857,-0.8366,cluster_4
cell_7458,3.2880,9.7166,cluster_5
cell_7459,13.7406,9.1535,cluster_2
cell_746,1.5459,12.1167,cluster_5
cell_7460,13.8966,9.1343,cluster_1
cell_7461,8.7922,6.3789,cluster_3
cell_7462,13.6361,5.4219,cluster_1
cell_7463,16.3027,7.8414,cluster_1
cell_7464,14.5827,8.4724,cluster_1
cell_7465,15.3796,10.2208,cluster_2
cell_7466,1.6313,6.1828,cluster_3
cell_7467,14.1452,11.8674,cluster_2
cell_7468,1.1683,7.2219,cluster_3
cell_7469,3.9279,3.9252,cluster_6
cell_747,14.4417,10.1233,cluster_2
cell_7470,15.5538,5.4750,cluster_1
cell_7471,15.8233,6.3505,cluster_1
cell_7472,6.2971,5.8473,cluster_6
cell_7473,10.9362,6.6363,cluster_3
cell_7474,15.0315,10.3688,cluster_2
cell_7475,13.7628,7.8003,cluster_1
cell_7476,3.0384,1.3822,cluster_4
cell_7477,2.1032,6.9115,cluster_3
cell_7478,0.8012,6.5840,cluster_3
cell_7479,1.9138,10.8574,cluster_5
cell_748,2.9340,11.4492,cluster_5
cell_7480,3.5006,12.2381,cluster_5
cell_7481,15.6080,5.3938,cluster_1
cell_7482,15.0798,5.8658,cluster_1
cell_7483,2.8833,9.8959,cluster_5
cell_7484,15.0696,6.4320,cluster_1
cell_7485,3.4766,11.1911,cluster_5
cell_7486,13.5444,8.5546,cluster_2
cell_7487,13.8511,10.2092,cluster_2
cell_7488,1.7565,2.6183,cluster_6
cell_7489,13.9111,8.5922,cluster_2
cell_749,15.2433,9.3163,cluster_2
cell_7490,1.8125,2.2088,cluster_6
cell_7491,1.7935,1.6273,cluster_6
cell_7492,10.0462,6.3770,cluster_3
cell_7493,1.3666,11.6038,cluster_5
cell_7494,12.9408,6.6712,cluster_2
cell_7495,12.0160,6.5364,cluster_1
cell_7496,14.7560,9.2368,cluster_2
cell_7497,1.1714,6.7177,cluster_3
cell_7498,4.0712,-0.4873,cluster_4
cell_7499,8.1384,6.3325,cluster_3
cell_75,4.4427,8.9617,cluster_3
cell_750,15.9527,7.4489,cluster_2
cell_7500,1.3305,12.1657,cluster_5
cell_7501,15.0369,9.5621,cluster_2
cell_7502,14.6612,8.5712,cluster_1
cell_7503,15.4255,6.0813,cluster_1
cell_7504,11.4904,6.1298,cluster_1
cell_7505,15.2005,6.5321,cluster_1
cell_7506,15.2037,7.4033,cluster_1
cell_7507,10.9303,8.9610,cluster_3
cell_7508,0.7176,1.8646,cluster_6
cell_7509,12.4429,7.5808,cluster_1
cell_751,4.1150,-0.2368,cluster_4
cell_7510,1.0775,10.1835,cluster_5
cell_7511,-1.6670,7.0149,cluster_3
cell_7512,3.2233,3.9644,cluster_6
cell_7513,12.5026,9.4880,cluster_2
cell_7514,8.4641,6.9363,cluster_3
cell_7515,1.7311,11.8069,cluster_5
cell_7516,11.4575,6.5176,cluster_1
cell_7517,-1.4318,7.2502,cluster_3
cell_7518,12.6064,8.1993,cluster_1
cell_7519,13.9678,11.8996,cluster_2
cell_752,14.9214,7.0921,cluster_2
cell_7520,2.1876,3.5629,cluster_6
cell_7521,13.9866,11.9643,cluster_2
cell_7522,15.4754,10.8575,cluster_2
cell_7523,13.0736,8.4907,cluster_2
cell_7524,15.5237,7.2646,cluster_1
cell_7525,2.7086,11.7966,cluster_5
cell_7526,13.3807,10.8562,cluster_2
cell_7527,3.1757,4.2394,cluster_6
cell_7528,8.6478,6.8894,cluster_1
cell_7529,3.0891,-1.0757,cluster_4
cell_753,0.4664,6.7718,cluster_3
cell_7530,-0.2874,6.4429,cluster_3
cell_7531,14.3714,7.4722,cluster_1
cell_7532,15.3495,8.1122,cluster_1
cell_7533,15.7089,6.6124,cluster_1
cell_7534,0.1685,6.4534,cluster_3
cell_7535,16.1762,6.1107,cluster_1
cell_7536,3.5423,-0.3048,cluster_4
cell_7537,8.3257,6.6904,cluster_3
cell_7538,1.5487,2.1755,cluster_6
cell_7539,0.9760,1.9486,cluster_6
cell_754,12.8393,9.8084,cluster_2
cell_7540,15.0189,7.9304,cluster_1
cell_7541,13.7185,9.4525,cluster_2
cell_7542,14.1813,7.2172,cluster_2
cell_7543,14.8402,11.1729,cluster_2
cell_7544,14.8186,7.8384,cluster_1
cell_7545,16.1103,8.8232,cluster_1
cell_7546,13.1971,8.4530,cluster_2
cell_7547,2.9522,-0.1138,cluster_4
cell_7548,15.1478,5.6305,cluster_1
cell_7549,12.0199,9.4373,cluster_2
cell_755,14.1594,10.0327,cluster_2
cell_7550,1.4191,2.8099,cluster_6
cell_7551,15.2297,8.1649,cluster_2
cell_7552,11.9185,7.3227,cluster_2
cell_7553,13.8147,7.6811,cluster_1
cell_7554,1.8869,2.9909,cluster_6
cell_7555,13.2703,6.0867,cluster_1
cell_7556,3.8227,1.8709,cluster_6
cell_7557,2.8013,0.0747,cluster_4
cell_7558,13.8372,7.1479,cluster_1
cell_7559,-0.0733,5.7220,cluster_3
cell_756,0.5904,10.6661,cluster_5
cell_7560,3.2714,8.3989,cluster_5
cell_7561,3.1835,-0.7107,cluster_4
cell_7562,14.5125,6.6517,cluster_1
cell_7563,12.4355,7.1920,cluster_2
cell_7564,15.2716,6.3762,cluster_1
cell_7565,15.0340,8.3464,cluster_1
cell_7566,15.4055,8.7981,cluster_2
cell_7567,0.9757,2.2950,cluster_6
cell_7568,15.3836,5.5656,cluster_1
cell_7569,15.7035,6.8576,cluster_1
cell_757,3.9707,-0.6814,cluster_4
cell_7570,15.2082,7.4761,cluster_1
cell_7571,10.8471,6.4725,cluster_4
cell_7572,12.6241,7.3928,cluster_2
cell_7573,2.9541,0.9045,cluster_4
cell_7574,13.8058,11.5068,cluster_2
cell_7575,15.5216,10.1569,cluster_2
cell_7576,3.4233,11.2913,cluster_5
cell_7577,14.2137,7.0212,cluster_1
cell_7578,15.4825,6.1071,cluster_1
cell_7579,13.3174,4.8773,cluster_1
cell_758,3.8025,10.8070,cluster_5
cell_7580,1.0479,11.2838,cluster_5
cell_7581,3.4366,10.0622,cluster_5
cell_7582,14.4072,10.3300,cluster_2
cell_7583,11.7563,7.9347,cluster_2
cell_7584,2.1473,1.5006,cluster_4
cell_7585,14.3260,10.0571,cluster_2
cell_7586,14.9551,7.5927,cluster_1
cell_7587,13.5087,5.6027,cluster_1
cell_7588,14.8988,6.7599,cluster_1
cell_7589,14.2827,9.0176,cluster_2
cell_759,1.4798,10.1492,cluster_5
cell_7590,12.7102,10.1504,cluster_2
cell_7591,11.1393,7.6367,cluster_3
cell_7592,14.9301,7.4790,cluster_1
cell_7593,12.2669,9.5348,cluster_2
cell_7594,13.9448,7.9326,cluster_1
cell_7595,2.4555,2.9726,cluster_6
cell_7596,1.2055,6.9778,cluster_3
cell_7597,13.6130,8.0640,cluster_1
cell_7598,1.6169,2.1835,cluster_6
cell_7599,1.6912,6.3505,cluster_3
cell_76,-1.3537,7.7046,cluster_3
cell_760,9.6308,3.4198,cluster_8
cell_7600,4.1806,4.4893,cluster_6
cell_7601,3.8047,-1.1606,cluster_4
cell_7602,15.4929,6.5035,cluster_1
cell_7603,14.4746,6.2516,cluster_1
cell_7604,14.7227,6.8554,cluster_1
cell_7605,1.1116,2.1777,cluster_6
cell_7606,13.1465,5.9664,cluster_1
cell_7607,13.6503,9.5366,cluster_2
cell_7608,15.7355,7.2695,cluster_1
cell_7609,14.7303,7.0782,cluster_1
cell_761,14.8250,9.1766,cluster_1
cell_7610,13.4679,7.1435,cluster_2
cell_7611,16.1036,8.9596,cluster_1
cell_7612,12.6876,8.9572,cluster_2
cell_7613,15.5799,9.9177,cluster_2
cell_7614,12.3046,7.8587,cluster_1
cell_7615,13.6985,6.7427,cluster_1
cell_7616,2.7982,9.7699,cluster_5
cell_7617,15.7695,8.7059,cluster_1
cell_7618,3.2200,-1.3265,cluster_4
cell_7619,3.8143,4.4872,cluster_6
cell_762,11.5416,8.0829,cluster_1
cell_7620,12.6315,5.4167,cluster_1
cell_7621,11.6287,9.0543,cluster_2
cell_7622,11.2109,6.4781,cluster_3
cell_7623,9.5383,6.8310,cluster_6
cell_7624,14.7317,8.0448,cluster_1
cell_7625,13.8119,10.4500,cluster_2
cell_7626,13.9818,6.9732,cluster_1
cell_7627,3.2217,9.6413,cluster_5
cell_7628,15.4168,5.4723,cluster_1
cell_7629,-0.2758,6.7218,cluster_3
cell_763,14.5911,6.9345,cluster_1
cell_7630,12.1956,8.6651,cluster_2
cell_7631,13.7798,11.0644,cluster_2
cell_7632,12.5696,9.0531,cluster_2
cell_7633,8.6699,7.0044,cluster_2
cell_7634,9.4588,6.5797,cluster_3
cell_7635,0.7557,6.1155,cluster_3
cell_7636,15.0317,5.0903,cluster_1
cell_7637,15.8029,7.5110,cluster_1
cell_7638,0.9010,6.1297,cluster_3
cell_7639,10.9892,5.6693,cluster_1
cell_764,13.9704,10.3947,cluster_2
cell_7640,1.8968,11.9013,cluster_5
cell_7641,2.3339,2.9509,cluster_6
cell_7642,15.3526,8.3196,cluster_2
cell_7643,2.6722,1.6078,cluster_6
cell_7644,13.3177,10.9108,cluster_2
cell_7645,14.2830,10.6576,cluster_2
cell_7646,7.7360,6.1052,cluster_2
cell_7647,14.3928,6.9580,cluster_1
cell_7648,-0.8219,5.6682,cluster_3
cell_7649,15.0270,10.1610,cluster_2
cell_765,15.4927,7.7237,cluster_1
cell_7650,0.9989,1.9883,cluster_6
cell_7651,3.6586,7.2695,untyped
cell_7652,1.8131,11.8808,cluster_5
cell_7653,3.0716,-0.8407,cluster_4
cell_7654,2.5538,-0.4749,cluster_4
cell_7655,3.4618,11.8468,cluster_5
cell_7656,0.5103,11.8544,cluster_5
cell_7657,16.0111,7.1673,cluster_1
cell_7658,1.9554,2.6461,cluster_6
cell_7659,15.5277,6.4888,cluster_1
cell_766,2.3356,9.9926,cluster_5
cell_7660,11.9531,6.9163,cluster_2
cell_7661,13.2016,5.5030,cluster_1
cell_7662,1.5728,12.1213,cluster_5
cell_7663,13.0051,8.1808,cluster_2
cell_7664,-1.2771,5.8675,cluster_3
cell_7665,-0.4584,8.2555,cluster_3
cell_7666,13.9740,5.2313,cluster_1
cell_7667,8.1183,6.6962,cluster_5
cell_7668,13.5139,7.8627,cluster_2
cell_7669,14.9084,10.7362,cluster_2
cell_767,15.1948,5.2803,cluster_1
cell_7670,2.4334,2.2725,cluster_6
cell_7671,3.5699,12.2109,cluster_5
cell_7672,0.0892,9.8673,cluster_3
cell_7673,1.0648,10.7460,cluster_5
cell_7674,1.5397,3.3996,cluster_6
cell_7675,13.0656,9.5040,cluster_2
cell_7676,15.0956,5.4570,cluster_1
cell_7677,8.4854,6.6971,cluster_3
cell_7678,0.9911,6.1385,cluster_3
cell_7679,1.0806,2.0783,cluster_6
cell_768,2.3634,12.0148,cluster_5
cell_7680,4.0092,-1.0698,cluster_4
cell_7681,8.5003,6.8459,cluster_1
cell_7682,2.9553,-0.8069,cluster_4
cell_7683,1.2119,2.4379,cluster_6
cell_7684,13.3647,5.6223,cluster_1
cell_7685,14.9110,10.0412,cluster_2
cell_7686,0.5947,11.6138,cluster_5
cell_7687,2.6020,0.9598,cluster_4
cell_7688,12.7159,6.2623,cluster_1
cell_7689,15.4855,7.3781,cluster_1
cell_769,2.2932,6.3798,cluster_3
cell_7690,14.8086,10.2172,cluster_2
cell_7691,0.5984,6.3624,cluster_3
cell_7692,15.0173,10.2419,cluster_2
cell_7693,9.1821,6.8705,cluster_1
cell_7694,13.3601,9.4445,cluster_2
cell_7695,13.1170,6.2256,cluster_1
cell_7696,15.2108,6.9296,cluster_1
cell_7697,13.3712,8.8604,cluster_2
cell_7698,16.3500,6.5339,cluster_1
cell_7699,14.7161,7.1089,cluster_1
cell_77,0.7758,10.8435,cluster_5
cell_770,3.3386,7.9319,cluster_5
cell_7700,15.0915,8.1320,cluster_1
cell_7701,12.5244,7.8213,cluster_2
cell_7702,14.6658,10.2743,cluster_2
cell_7703,15.2836,6.9089,cluster_2
cell_7704,2.5891,-0.6246,cluster_4
cell_7705,13.3950,6.2011,cluster_1
cell_7706,1.8883,2.5785,cluster_6
cell_7707,2.2936,0.4499,cluster_4
cell_7708,1.5161,11.6602,cluster_5
cell_7709,3.6780,3.9363,cluster_6
cell_771,0.7092,11.2565,cluster_5
cell_7710,12.7241,8.4512,cluster_1
cell_7711,1.9467,9.6618,cluster_5
cell_7712,15.3743,7.2965,cluster_2
cell_7713,2.0048,3.0780,cluster_6
cell_7714,2.1564,10.5038,cluster_5
cell_7715,15.0783,6.1814,cluster_1
cell_7716,14.0462,10.7652,cluster_2
cell_7717,15.5632,7.3029,cluster_1
cell_7718,14.5226,5.9800,cluster_1
cell_7719,14.8197,8.4897,cluster_2
cell_772,15.1553,10.7497,cluster_2
cell_7720,14.0216,6.5082,cluster_1
cell_7721,3.6314,10.3696,cluster_5
cell_7722,-1.6987,6.3364,cluster_3
cell_7723,2.3668,11.1914,cluster_5
cell_7724,14.1380,6.2991,cluster_1
cell_7725,15.0012,6.2502,cluster_1
cell_7726,12.5174,9.3417,cluster_2
cell_7727,14.9838,10.2538,cluster_1
cell_7728,13.8689,4.5370,cluster_1
cell_7729,12.2687,9.2164,cluster_2
cell_773,3.2908,9.1293,cluster_5
cell_7730,15.8805,7.3119,cluster_1
cell_7731,10.4389,7.6974,cluster_2
cell_7732,3.4784,9.2583,cluster_5
cell_7733,-0.4847,6.8222,cluster_3
cell_7734,12.4057,10.6799,cluster_2
cell_7735,1.2601,6.9720,cluster_3
cell_7736,2.8717,11.2921,cluster_5
cell_7737,14.5657,6.5618,cluster_1
cell_7738,3.5681,11.4591,cluster_5
cell_7739,13.5564,11.2251,cluster_2
cell_774,13.9578,7.6349,cluster_1
cell_7740,15.1867,7.7897,cluster_1
cell_7741,13.7481,10.4871,cluster_2
cell_7742,2.5518,11.9436,cluster_5
cell_7743,15.1121,5.7866,cluster_1
cell_7744,15.4333,6.4645,cluster_1
cell_7745,1.1666,10.5732,cluster_5
cell_7746,6.9441,6.6112,cluster_3
cell_7747,15.7099,9.6987,cluster_2
cell_7748,8.8651,6.2127,cluster_3
cell_7749,3.9404,0.1256,cluster_4
cell_775,-1.0447,7.6739,cluster_3
cell_7750,14.4595,9.4139,cluster_2
cell_7751,1.5914,2.3556,cluster_6
cell_7752,-0.4287,6.1151,cluster_3
cell_7753,15.4697,6.8300,cluster_1
cell_7754,1.3419,11.4924,cluster_5
cell_7755,15.0468,7.6266,cluster_1
cell_7756,0.7620,3.0271,cluster_6
cell_7757,3.3418,11.9081,cluster_5
cell_7758,13.2615,11.0136,cluster_2
cell_7759,1.4716,2.3614,cluster_6
cell_776,12.9311,9.2849,cluster_2
cell_7760,2.7491,-0.0816,cluster_4
cell_7761,15.5416,6.8463,cluster_1
cell_7762,3.3070,4.4222,cluster_6
cell_7763,3.3250,3.4227,cluster_6
cell_7764,3.1735,10.4242,cluster_5
cell_7765,12.8231,5.3417,cluster_1
cell_7766,2.6087,3.5310,cluster_6
cell_7767,15.5352,6.7460,cluster_1
cell_7768,7.5575,6.5756,cluster_1
cell_7769,1.1216,1.6470,cluster_6
cell_777,3.9034,2.1416,cluster_4
cell_7770,-0.6074,7.2152,cluster_3
cell_7771,2.4281,0.4372,cluster_4
cell_7772,9.5606,7.9002,cluster_3
cell_7773,12.6941,6.4457,cluster_1
cell_7774,3.6402,3.5229,cluster_1
cell_7775,11.8158,6.3391,cluster_1
cell_7776,15.4107,8.2285,cluster_1
cell_7777,14.8280,11.0569,cluster_2
cell_7778,2.2545,3.7451,cluster_6
cell_7779,15.6138,9.4674,cluster_2
cell_778,1.4852,3.0678,cluster_6
cell_7780,12.2508,10.0325,cluster_2
cell_7781,14.3972,5.3247,cluster_1
cell_7782,-0.0187,6.3183,cluster_3
cell_7783,14.0729,8.0634,cluster_2
cell_7784,11.9986,10.1706,cluster_2
cell_7785,-0.5864,7.6010,cluster_3
cell_7786,15.9884,6.5516,cluster_1
cell_7787,11.3502,8.1673,cluster_2
cell_7788,14.7466,7.5131,cluster_1
cell_7789,12.0918,6.3848,cluster_1
cell_779,3.7292,3.7875,cluster_3
cell_7790,11.7837,7.6232,cluster_3
cell_7791,13.0191,8.4537,cluster_2
cell_7792,4.1068,11.3907,cluster_5
cell_7793,3.9599,12.0078,cluster_5
cell_7794,14.9845,6.7709,cluster_1
cell_7795,14.6907,9.3266,cluster_2
cell_7796,3.3722,11.9946,cluster_5
cell_7797,4.1925,7.6383,cluster_3
cell_7798,14.4289,6.7757,cluster_1
cell_7799,14.0476,10.9921,cluster_2
cell_78,2.8032,9.3954,cluster_5
cell_780,1.0439,11.1897,cluster_5
cell_7800,3.9165,4.9569,cluster_4
cell_7801,15.5203,6.3102,cluster_1
cell_7802,13.0771,7.8267,cluster_1
cell_7803,16.1495,6.3531,cluster_1
cell_7804,15.1198,7.4946,cluster_1
cell_7805,3.2829,12.3065,cluster_5
cell_7806,15.8074,6.2676,cluster_1
cell_7807,2.4411,3.6950,cluster_6
cell_7808,12.9851,11.1854,cluster_2
cell_7809,-0.3650,7.6037,cluster_3
cell_781,0.6459,10.7194,cluster_5
cell_7810,16.3531,7.4284,cluster_1
cell_7811,11.3386,6.1309,cluster_1
cell_7812,14.5279,11.1189,cluster_2
cell_7813,0.9028,3.7265,cluster_6
cell_7814,13.6538,6.5170,cluster_1
cell_7815,14.2502,8.3838,cluster_2
cell_7816,3.6420,9.6864,cluster_1
cell_7817,2.2728,2.6324,cluster_6
cell_7818,11.1592,8.6065,cluster_2
cell_7819,15.1186,7.8537,cluster_1
cell_782,0.9692,2.5098,cluster_6
cell_7820,15.9820,7.6197,cluster_1
cell_7821,15.5606,8.1698,cluster_1
cell_7822,16.0288,5.8935,cluster_1
cell_7823,0.9187,1.7674,cluster_6
cell_7824,4.0472,11.0802,cluster_5
cell_7825,9.8141,6.9975,cluster_2
cell_7826,14.8924,7.3110,cluster_1
cell_7827,1.0410,3.5915,cluster_6
cell_7828,12.7907,8.1247,cluster_2
cell_7829,3.4205,10.1547,cluster_5
cell_783,2.6436,9.4133,cluster_5
cell_7830,15.6391,6.9835,cluster_1
cell_7831,14.7070,5.0037,cluster_1
cell_7832,14.0748,7.7743,cluster_1
cell_7833,3.8858,11.9656,cluster_5
cell_7834,15.1780,9.7098,cluster_2
cell_7835,14.6001,5.7558,cluster_1
cell_7836,14.5533,11.2480,cluster_2
cell_7837,-0.1342,5.8756,cluster_3
cell_7838,-0.9010,7.5413,cluster_3
cell_7839,14.8567,7.2160,cluster_1
cell_784,13.1215,6.8250,cluster_1
cell_7840,14.3410,6.8968,cluster_1
cell_7841,14.6335,7.7471,cluster_1
cell_7842,2.3603,-0.4772,cluster_4
cell_7843,13.8570,8.1132,cluster_1
cell_7844,13.7763,10.0373,cluster_2
cell_7845,3.4842,11.9963,cluster_5
cell_7846,2.8156,11.5004,cluster_5
cell_7847,-1.5071,6.5308,cluster_3
cell_7848,5.1069,9.1923,cluster_7
cell_7849,14.9416,6.5611,cluster_1
cell_785,14.2037,8.8479,cluster_2
cell_7850,14.3085,7.5046,cluster_1
cell_7851,15.3207,9.3210,cluster_1
cell_7852,5.0493,9.3325,cluster_7
cell_7853,13.5694,10.3085,cluster_2
cell_7854,14.4712,10.7723,cluster_2
cell_7855,12.0732,7.6641,cluster_1
cell_7856,7.7658,6.2194,cluster_2
cell_7857,15.1403,6.2977,cluster_1
cell_7858,13.9075,8.9651,cluster_2
cell_7859,16.1690,7.1650,cluster_1
cell_786,1.2434,2.2559,cluster_6
cell_7860,12.7230,6.5552,cluster_1
cell_7861,13.5410,11.3636,cluster_2
cell_7862,15.2759,8.5758,cluster_2
cell_7863,2.0718,2.9154,cluster_6
cell_7864,12.1861,6.9015,cluster_1
cell_7865,14.7345,11.3363,cluster_2
cell_7866,1.7033,1.8510,cluster_6
cell_7867,13.7665,6.9044,cluster_1
cell_7868,14.5322,7.1033,cluster_1
cell_7869,11.4727,9.2056,cluster_2
cell_787,1.0454,7.6299,cluster_3
cell_7870,2.9604,11.2702,cluster_5
cell_7871,3.3413,11.1913,cluster_5
cell_7872,14.8337,10.6289,cluster_2
cell_7873,3.9782,0.4240,cluster_4
cell_7874,12.0676,5.8998,cluster_1
cell_7875,14.2219,10.2723,cluster_2
cell_7876,4.2737,3.7898,cluster_6
cell_7877,12.9884,8.3500,cluster_2
cell_7878,10.9138,7.1034,cluster_1
cell_7879,2.1557,0.9587,cluster_4
cell_788,2.7835,4.2738,cluster_6
cell_7880,12.2054,10.1986,cluster_2
cell_7881,11.9719,8.6130,cluster_2
cell_7882,5.6623,5.4335,cluster_3
cell_7883,-1.7289,5.8500,cluster_3
cell_7884,2.4337,11.3616,cluster_5
cell_7885,13.1524,9.5434,cluster_2
cell_7886,15.7044,6.6696,cluster_1
cell_7887,10.0318,7.2465,cluster_6
cell_7888,16.1259,8.2956,cluster_1
cell_7889,13.7857,11.6228,cluster_2
cell_789,9.4634,2.4746,cluster_8
cell_7890,10.4766,7.4308,cluster_3
cell_7891,11.8390,6.6905,cluster_2
cell_7892,0.3104,6.0448,cluster_3
cell_7893,11.9376,8.9252,cluster_2
cell_7894,14.2346,4.9504,cluster_1
cell_7895,3.1657,-0.3287,cluster_4
cell_7896,14.7011,4.6613,cluster_1
cell_7897,0.7886,1.7478,cluster_6
cell_7898,14.6440,6.0238,cluster_1
cell_7899,14.7167,6.6445,cluster_1
cell_79,12.1479,8.1342,cluster_2
cell_790,2.1530,1.4159,cluster_4
cell_7900,1.5730,2.0975,cluster_6
cell_7901,2.3911,-0.1853,cluster_4
cell_7902,4.8993,9.1292,cluster_7
cell_7903,15.0804,8.8495,cluster_2
cell_7904,0.7713,6.0634,cluster_3
cell_7905,15.0292,8.6134,cluster_2
cell_7906,15.9631,8.5489,cluster_1
cell_7907,9.5539,7.1021,cluster_3
cell_7908,2.5500,2.4448,cluster_6
cell_7909,0.9667,3.8558,cluster_6
cell_791,3.2905,10.6314,cluster_5
cell_7910,-0.1669,6.3325,cluster_3
cell_7911,14.7533,7.4161,cluster_1
cell_7912,14.5955,7.6643,cluster_1
cell_7913,15.0107,8.0844,cluster_1
cell_7914,13.7873,6.3494,cluster_1
cell_7915,15.4357,6.4968,cluster_1
cell_7916,13.6045,9.4039,cluster_1
cell_7917,15.2408,8.2252,cluster_1
cell_7918,15.9575,6.5592,cluster_1
cell_7919,13.9587,8.2270,cluster_1
cell_792,0.4041,10.3717,cluster_5
cell_7920,12.6356,9.8188,cluster_2
cell_7921,0.4127,6.8716,cluster_3
cell_7922,13.7608,7.4251,cluster_1
cell_7923,3.6571,3.4430,cluster_6
cell_7924,-1.3675,5.9072,cluster_3
cell_7925,8.6374,7.0327,cluster_3
cell_7926,14.4985,6.6994,cluster_1
cell_7927,13.6919,5.3684,cluster_1
cell_7928,0.6362,12.0846,cluster_5
cell_7929,0.0099,5.8172,cluster_3
cell_793,8.6018,5.9772,cluster_1
cell_7930,2.5982,4.3093,cluster_6
cell_7931,2.8217,9.0757,cluster_5
cell_7932,13.0457,7.2676,cluster_2
cell_7933,0.5598,6.9044,cluster_3
cell_7934,14.0244,9.4914,cluster_2
cell_7935,0.0620,6.5514,cluster_3
cell_7936,2.5556,4.2613,cluster_6
cell_7937,-1.5499,5.8808,cluster_3
cell_7938,13.2625,11.2815,cluster_2
cell_7939,4.1778,2.8317,cluster_6
cell_794,0.2011,10.9609,cluster_5
cell_7940,3.2772,3.3540,cluster_6
cell_7941,13.3849,11.2880,cluster_2
cell_7942,3.3159,12.6214,cluster_5
cell_7943,14.9378,9.2696,cluster_2
cell_7944,13.3452,6.8235,cluster_1
cell_7945,-1.0984,6.7201,cluster_3
cell_7946,13.9469,9.6693,cluster_2
cell_7947,13.7362,6.9182,cluster_1
cell_7948,10.4794,7.5120,cluster_2
cell_7949,14.0458,8.7000,cluster_1
cell_795,1.6041,11.3912,cluster_5
cell_7950,11.8129,6.7097,cluster_1
cell_7951,1.5664,1.8638,cluster_6
cell_7952,0.9926,11.6526,cluster_5
cell_7953,2.7421,0.2507,cluster_4
cell_7954,-0.8616,6.3298,cluster_3
cell_7955,-1.2513,6.6520,cluster_3
cell_7956,14.8013,9.1835,cluster_2
cell_7957,16.0779,5.8598,cluster_1
cell_7958,-1.7978,6.2829,cluster_3
cell_7959,1.0618,6.9855,cluster_3
cell_796,12.1090,5.6157,cluster_1
cell_7960,3.8179,0.1393,cluster_4
cell_7961,15.2691,6.9397,cluster_1
cell_7962,15.2495,6.3963,cluster_1
cell_7963,15.9738,7.1351,cluster_1
cell_7964,13.9765,11.0715,cluster_2
cell_7965,3.7712,11.9770,cluster_5
cell_7966,12.6600,7.7477,cluster_1
cell_7967,1.4948,10.5754,cluster_5
cell_7968,-1.2825,5.6745,cluster_3
cell_7969,3.8655,11.2693,cluster_5
cell_797,2.0906,4.1334,cluster_6
cell_7970,13.6481,8.5644,cluster_2
cell_7971,14.6006,8.4052,cluster_1
cell_7972,2.3758,3.0371,cluster_6
cell_7973,13.5364,7.4660,cluster_1
cell_7974,8.5560,7.0997,cluster_4
cell_7975,15.1264,11.3636,cluster_2
cell_7976,0.5010,11.4174,cluster_5
cell_7977,15.7099,8.5098,cluster_1
cell_7978,2.5061,6.3910,cluster_3
cell_7979,13.3930,5.2896,cluster_1
cell_798,1.1948,11.6088,cluster_5
cell_7980,10.9806,5.6852,cluster_3
cell_7981,-0.4059,5.6868,cluster_3
cell_7982,2.0461,2.8689,cluster_6
cell_7983,3.3055,-0.7332,cluster_4
cell_7984,2.0566,10.5447,cluster_5
cell_7985,13.0589,7.4727,cluster_1
cell_7986,16.3369,8.4811,cluster_1
cell_7987,3.8691,-0.3731,cluster_4
cell_7988,14.4011,10.3885,cluster_2
cell_7989,-0.4609,6.9868,cluster_3
cell_799,-1.0545,8.3707,cluster_3
cell_7990,-0.6699,6.1541,cluster_3
cell_7991,3.2448,0.5741,cluster_4
cell_7992,15.4996,8.0299,cluster_2
cell_7993,15.3531,9.0097,cluster_2
cell_7994,-1.0623,6.1874,cluster_3
cell_7995,15.2990,6.1289,cluster_1
cell_7996,9.9548,7.7145,cluster_2
cell_7997,13.0778,5.3862,cluster_1
cell_7998,13.0805,9.6341,cluster_2
cell_7999,10.4564,7.2781,cluster_2
cell_8,1.9609,9.1592,cluster_5
cell_80,1.8786,11.3158,cluster_5
cell_800,4.0361,-0.7754,cluster_4
cell_8000,15.6538,8.4431,cluster_1
cell_8001,3.0742,-0.8645,cluster_4
cell_8002,14.0311,7.7527,cluster_1
cell_8003,2.2999,10.6767,cluster_5
cell_8004,15.4005,10.2549,cluster_2
cell_8005,15.6056,8.5429,cluster_1
cell_8006,3.2369,11.9842,cluster_5
cell_8007,16.1799,7.1317,cluster_1
cell_8008,-1.7149,6.4879,cluster_3
cell_8009,3.0718,10.4323,cluster_5
cell_801,1.3966,10.2444,cluster_5
cell_8010,11.5552,7.9065,cluster_2
cell_8011,13.8661,10.1202,cluster_2
cell_8012,14.4730,9.6159,cluster_2
cell_8013,4.0422,1.4909,cluster_6
cell_8014,12.8324,6.8987,cluster_1
cell_8015,0.7067,1.6170,cluster_6
cell_8016,13.5065,7.0521,cluster_1
cell_8017,8.1937,6.4536,cluster_3
cell_8018,0.4450,11.7061,cluster_5
cell_8019,15.0636,8.5477,cluster_2
cell_802,9.5673,3.4907,cluster_8
cell_8020,14.9993,8.7132,cluster_2
cell_8021,14.0433,5.4685,cluster_1
cell_8022,13.9582,11.5428,cluster_2
cell_8023,3.5108,11.6195,cluster_5
cell_8024,14.7835,6.5864,cluster_1
cell_8025,14.0530,10.9741,cluster_2
cell_8026,13.2688,6.1601,cluster_1
cell_8027,1.9927,11.6095,cluster_5
cell_8028,-1.4646,6.1980,cluster_3
cell_8029,16.1046,7.8398,cluster_1
cell_803,14.4986,7.1195,cluster_1
cell_8030,13.4176,6.7252,cluster_1
cell_8031,14.3639,7.5144,cluster_1
cell_8032,15.1242,7.4115,cluster_1
cell_8033,15.5676,5.9516,cluster_1
cell_8034,13.5434,4.7758,cluster_1
cell_8035,4.0769,0.0292,cluster_4
cell_8036,3.9136,-0.3859,cluster_4
cell_8037,-0.1822,6.5785,cluster_3
cell_8038,14.8748,10.1868,cluster_2
cell_8039,12.2280,6.3989,cluster_1
cell_804,13.6673,8.1253,cluster_2
cell_8040,15.3212,9.1075,cluster_2
cell_8041,14.7250,11.4522,cluster_2
cell_8042,15.1252,5.1979,cluster_1
cell_8043,14.1397,9.6919,cluster_2
cell_8044,15.4115,6.9760,cluster_1
cell_8045,7.1783,6.2765,cluster_3
cell_8046,12.0098,8.2033,cluster_2
cell_8047,0.9920,6.8932,cluster_3
cell_8048,0.5146,11.0196,cluster_5
cell_8049,12.2655,5.9401,cluster_1
cell_805,13.3567,9.7399,cluster_2
cell_8050,11.1206,7.2528,cluster_2
cell_8051,1.4870,2.5229,cluster_6
cell_8052,3.3547,11.7242,cluster_5
cell_8053,0.6967,2.8969,cluster_6
cell_8054,15.1874,6.0355,cluster_1
cell_8055,2.2328,10.5700,cluster_5
cell_8056,14.2891,8.6991,cluster_1
cell_8057,0.7080,10.7269,cluster_5
cell_8058,14.5149,9.2092,cluster_1
cell_8059,12.2592,5.0556,cluster_1
cell_806,12.8836,9.8711,cluster_2
cell_8060,3.3168,10.8675,cluster_5
cell_8061,16.2958,8.4882,cluster_1
cell_8062,14.9156,10.2811,cluster_2
cell_8063,15.2041,6.1810,cluster_1
cell_8064,13.3615,5.1254,cluster_1
cell_8065,9.1537,7.1264,cluster_2
cell_8066,13.1326,8.2822,cluster_2
cell_8067,-1.0438,6.8316,cluster_3
cell_8068,15.3365,9.2489,cluster_2
cell_8069,4.6142,5.0251,cluster_6
cell_807,0.2555,6.1977,cluster_3
cell_8070,1.1546,10.6811,cluster_5
cell_8071,15.0582,8.8305,cluster_1
cell_8072,1.6624,6.3022,cluster_3
cell_8073,15.1514,7.0675,cluster_1
cell_8074,7.0490,7.0513,cluster_3
cell_8075,14.4225,8.3228,cluster_2
cell_8076,1.7907,3.0497,cluster_6
cell_8077,0.2134,6.2729,cluster_3
cell_8078,-0.1823,7.9050,cluster_3
cell_8079,8.4567,7.2756,cluster_3
cell_808,15.1082,7.1220,cluster_1
cell_8080,1.0988,2.9582,cluster_6
cell_8081,14.7831,5.9407,cluster_1
cell_8082,14.1050,6.7983,cluster_1
cell_8083,11.3617,7.5336,cluster_2
cell_8084,3.8861,-1.0510,cluster_4
cell_8085,16.4412,8.2758,cluster_1
cell_8086,3.6980,11.2342,cluster_5
cell_8087,3.1379,1.4478,cluster_5
cell_8088,2.5531,1.9159,cluster_4
cell_8089,15.2304,8.7531,cluster_1
cell_809,8.6604,5.9094,cluster_1
cell_8090,3.2219,-1.1784,cluster_4
cell_8091,-1.5560,5.8514,cluster_3
cell_8092,3.3238,3.9659,cluster_6
cell_8093,1.0934,2.6258,cluster_1
cell_8094,0.9316,2.1951,cluster_6
cell_8095,4.1460,11.3866,cluster_5
cell_8096,15.8991,7.9065,cluster_1
cell_8097,14.1560,6.3261,cluster_1
cell_8098,12.6765,6.0700,cluster_1
cell_8099,1.4585,6.6227,cluster_3
cell_81,1.8247,7.1262,cluster_5
cell_810,0.5706,11.1975,cluster_5
cell_8100,15.4995,5.9861,cluster_1
cell_8101,3.7106,5.0878,cluster_6
cell_8102,15.5225,6.5052,cluster_1
cell_8103,14.3152,7.3897,cluster_1
cell_8104,3.2700,3.7596,cluster_6
cell_8105,13.5358,8.9865,cluster_2
cell_8106,1.1034,3.1721,cluster_6
cell_8107,3.6680,11.2159,cluster_5
cell_8108,14.3599,5.4711,cluster_1
cell_8109,13.6233,10.6688,cluster_2
cell_811,4.4161,1.4461,cluster_4
cell_8110,14.9405,9.2541,cluster_2
cell_8111,14.6513,5.2356,cluster_1
cell_8112,2.6321,-0.7222,cluster_4
cell_8113,3.9905,-0.9466,cluster_4
cell_8114,0.9089,11.4234,cluster_5
cell_8115,15.0768,11.0801,cluster_2
cell_8116,14.1288,5.6760,cluster_1
cell_8117,13.1272,10.6060,cluster_2
cell_8118,3.4493,11.5095,cluster_5
cell_8119,1.5872,11.7324,cluster_5
cell_812,4.0685,11.6139,cluster_5
cell_8120,14.2068,10.9203,cluster_2
cell_8121,9.2303,7.2660,cluster_3
cell_8122,5.7544,6.9616,cluster_3
cell_8123,9.3558,6.3750,cluster_8
cell_8124,14.0775,8.4778,cluster_1
cell_8125,12.9399,5.9737,cluster_1
cell_8126,13.0903,8.0193,cluster_1
cell_8127,15.5260,10.0340,cluster_2
cell_8128,13.4530,10.0020,cluster_2
cell_8129,13.7613,10.4085,cluster_2
cell_813,13.4576,5.7591,cluster_1
cell_8130,-1.5649,6.0858,cluster_3
cell_8131,3.5459,11.1505,cluster_5
cell_8132,12.0215,8.1467,cluster_1
cell_8133,15.8081,6.1919,cluster_1
cell_8134,1.9064,3.2645,cluster_6
cell_8135,13.2805,5.8957,cluster_1
cell_8136,3.1428,8.1334,cluster_5
cell_8137,12.6755,5.6977,cluster_1
cell_8138,15.7843,9.5033,cluster_2
cell_8139,13.5640,5.5249,cluster_1
cell_814,9.1049,3.0491,cluster_8
cell_8140,-0.5992,8.5806,cluster_3
cell_8141,2.1595,11.4053,cluster_5
cell_8142,1.6870,2.9493,cluster_6
cell_8143,14.5120,9.1932,cluster_2
cell_8144,1.5614,6.6628,cluster_5
cell_8145,9.7588,6.8948,cluster_3
cell_8146,6.4919,6.1222,cluster_6
cell_8147,1.1224,10.4383,cluster_5
cell_8148,4.4849,3.8611,cluster_6
cell_8149,2.5314,3.6672,cluster_6
cell_815,0.6949,11.5097,cluster_5
cell_8150,16.3662,8.0354,cluster_1
cell_8151,13.3585,8.5770,cluster_1
cell_8152,14.7308,7.7022,cluster_1
cell_8153,14.5725,8.4023,cluster_1
cell_8154,-1.6601,6.5415,cluster_3
cell_8155,-0.6490,5.6640,cluster_3
cell_8156,1.6425,2.0499,cluster_6
cell_8157,15.0977,9.1510,cluster_2
cell_8158,14.5987,7.0970,cluster_1
cell_8159,2.7121,9.5148,cluster_5
cell_816,2.9201,9.3292,cluster_5
cell_8160,14.5324,9.6196,cluster_2
cell_8161,15.0425,7.4609,cluster_1
cell_8162,13.2224,10.1801,cluster_2
cell_8163,15.1065,6.4692,cluster_1
cell_8164,11.8588,6.4733,cluster_2
cell_8165,1.6179,3.8387,cluster_6
cell_8166,16.0149,8.6293,cluster_2
cell_8167,4.0786,1.3128,cluster_3
cell_8168,3.2401,3.8497,cluster_6
cell_8169,12.9039,6.7696,cluster_1
cell_817,9.3558,3.3302,cluster_8
cell_8170,14.4376,8.2597,cluster_1
cell_8171,14.8830,9.0895,cluster_2
cell_8172,13.5550,11.2060,cluster_2
cell_8173,-1.1978,5.8071,cluster_3
cell_8174,1.8213,6.4400,cluster_3
cell_8175,15.4563,6.1360,cluster_1
cell_8176,14.1266,6.8371,cluster_1
cell_8177,11.9750,8.4408,cluster_2
cell_8178,-1.1060,5.8702,cluster_3
cell_8179,4.1039,-0.7309,cluster_4
cell_818,0.8204,11.0349,cluster_5
cell_8180,0.6266,2.3332,cluster_6
cell_8181,12.0053,9.6223,cluster_2
cell_8182,2.1339,11.9451,cluster_5
cell_8183,2.9903,-0.7034,cluster_4
cell_8184,12.0381,6.6010,cluster_1
cell_8185,2.0524,3.2611,cluster_6
cell_8186,13.1907,8.9812,cluster_2
cell_8187,14.3651,8.9680,cluster_2
cell_8188,16.1790,7.2573,cluster_1
cell_8189,14.6812,9.6643,cluster_2
cell_819,15.5451,8.5203,cluster_1
cell_8190,0.9996,6.2598,cluster_6
cell_8191,8.8878,7.6502,cluster_3
cell_8192,15.8476,6.1921,cluster_1
cell_8193,10.1705,7.3360,cluster_6
cell_8194,6.1537,6.2015,cluster_3
cell_8195,-1.6346,6.3829,cluster_3
cell_8196,13.6203,10.1358,cluster_2
cell_8197,13.5434,10.7674,cluster_2
cell_8198,12.6997,9.6711,cluster_2
cell_8199,11.5734,6.2230,cluster_3
cell_82,15.4557,7.5396,cluster_1
cell_820,9.7230,3.8646,cluster_8
cell_8200,11.8753,5.4457,cluster_1
cell_8201,15.6495,7.8923,cluster_1
cell_8202,14.1131,10.4482,cluster_2
cell_8203,12.8933,8.1546,cluster_1
cell_8204,13.8196,10.9104,cluster_2
cell_8205,0.8324,2.5759,cluster_6
cell_8206,14.4105,7.3670,cluster_2
cell_8207,14.9182,9.4511,cluster_2
cell_8208,2.4345,0.1899,cluster_4
cell_8209,13.3818,8.9748,cluster_2
cell_821,13.7597,9.2747,cluster_2
cell_8210,0.1968,10.4948,cluster_5
cell_8211,12.9043,10.7794,cluster_2
cell_8212,1.8253,2.3711,cluster_6
cell_8213,1.9078,3.1208,cluster_6
cell_8214,2.4226,-0.2633,cluster_4
cell_8215,2.0650,3.9043,cluster_6
cell_8216,12.8505,8.2182,cluster_2
cell_8217,14.6666,5.8769,cluster_1
cell_8218,14.7631,7.2839,cluster_1
cell_8219,3.7638,11.0958,cluster_5
cell_822,1.2145,3.3341,cluster_6
cell_8220,7.2414,5.9436,cluster_6
cell_8221,14.3202,5.7074,cluster_1
cell_8222,2.8095,4.0207,cluster_6
cell_8223,15.2460,5.9065,cluster_1
cell_8224,-1.3413,7.4319,cluster_3
cell_8225,14.9587,8.1214,cluster_2
cell_8226,1.4839,6.7105,cluster_3
cell_8227,13.3809,7.5490,cluster_1
cell_8228,14.7817,5.5900,cluster_1
cell_8229,12.5789,8.3235,cluster_3
cell_823,14.3528,10.5405,cluster_2
cell_8230,2.9172,-0.6085,cluster_4
cell_8231,13.6635,6.9858,cluster_1
cell_8232,1.8734,9.6302,cluster_5
cell_8233,13.3944,10.8235,cluster_2
cell_8234,1.4637,7.0175,cluster_3
cell_8235,1.7513,2.3439,cluster_6
cell_8236,14.6009,6.5725,cluster_1
cell_8237,15.5632,9.0783,cluster_1
cell_8238,8.3928,6.5735,cluster_3
cell_8239,14.2339,6.1202,cluster_1
cell_824,2.4561,10.9627,cluster_5
cell_8240,13.0873,7.2898,cluster_2
cell_8241,11.1893,8.0522,cluster_2
cell_8242,14.3931,7.4482,cluster_1
cell_8243,3.9274,4.4186,cluster_6
cell_8244,3.6771,-0.8723,cluster_4
cell_8245,1.3465,2.0226,cluster_6
cell_8246,-1.5583,5.6336,cluster_3
cell_8247,16.1194,8.8777,cluster_2
cell_8248,0.4467,6.2077,cluster_3
cell_8249,13.5967,8.2234,cluster_1
cell_825,8.4682,2.9751,cluster_8
cell_8250,10.4171,6.7156,cluster_3
cell_8251,13.7662,10.2065,cluster_2
cell_8252,3.3708,4.3794,cluster_6
cell_8253,14.3292,10.1566,cluster_2
cell_8254,15.7621,8.7637,cluster_1
cell_8255,15.1594,10.4959,cluster_2
cell_8256,14.2989,7.3269,cluster_2
cell_8257,15.2682,8.3143,cluster_2
cell_8258,4.0046,-0.9151,cluster_4
cell_8259,13.6145,10.8520,cluster_2
cell_826,1.1175,3.2052,cluster_6
cell_8260,13.5708,8.7827,cluster_2
cell_8261,-1.6523,6.2295,cluster_3
cell_8262,3.9540,1.5472,cluster_6
cell_8263,1.6306,2.1760,cluster_6
cell_8264,1.5570,11.3916,cluster_5
cell_8265,14.5468,5.8323,cluster_1
cell_8266,-0.8862,5.5852,cluster_3
cell_8267,0.2025,6.0126,cluster_3
cell_8268,13.0574,5.2025,cluster_1
cell_8269,11.3468,6.4271,cluster_1
cell_827,15.8794,6.1185,cluster_1
cell_8270,14.3812,5.0052,cluster_1
cell_8271,13.0029,9.5219,cluster_2
cell_8272,0.8714,1.7805,cluster_6
cell_8273,3.6477,12.2683,cluster_5
cell_8274,4.0354,10.9856,cluster_5
cell_8275,2.8225,3.3194,cluster_6
cell_8276,6.3896,5.8496,cluster_6
cell_8277,15.2816,7.1755,cluster_1
cell_8278,15.1975,7.3481,cluster_1
cell_8279,11.9014,7.4812,cluster_1
cell_828,11.2818,6.6917,cluster_1
cell_8280,13.4327,9.6121,cluster_1
cell_8281,12.2930,9.0839,cluster_2
cell_8282,9.4964,6.7562,cluster_3
cell_8283,15.7718,7.6880,cluster_1
cell_8284,4.3126,5.2580,cluster_6
cell_8285,12.3403,7.7346,cluster_1
cell_8286,14.9248,8.5152,cluster_1
cell_8287,2.5177,6.9368,cluster_1
cell_8288,14.9090,6.3816,cluster_1
cell_8289,14.3933,7.1150,cluster_1
cell_829,4.5233,0.7996,cluster_4
cell_8290,0.6464,2.7015,cluster_6
cell_8291,14.4648,8.6058,cluster_1
cell_8292,13.7481,11.3251,cluster_2
cell_8293,15.3253,10.0072,cluster_2
cell_8294,11.3490,7.3797,cluster_1
cell_8295,4.6073,4.3419,cluster_6
cell_8296,-1.5004,6.2760,cluster_3
cell_8297,3.4621,11.3941,cluster_5
cell_8298,3.9321,12.1455,cluster_5
cell_8299,0.4083,5.9125,cluster_3
cell_83,2.1363,4.3742,cluster_6
cell_830,15.3704,7.4954,cluster_1
cell_8300,14.7798,10.6156,cluster_2
cell_8301,13.6382,5.4953,cluster_1
cell_8302,13.8164,6.6425,cluster_1
cell_8303,1.7346,6.3879,cluster_3
cell_8304,1.9002,2.8534,cluster_6
cell_8305,-0.1639,6.1517,cluster_3
cell_8306,-0.7604,6.6228,cluster_3
cell_8307,1.3613,1.6874,cluster_6
cell_8308,13.6572,10.2300,cluster_2
cell_8309,14.0713,6.7675,cluster_1
cell_831,14.5838,7.1613,cluster_2
cell_8310,11.5985,6.9263,cluster_2
cell_8311,12.4223,6.1409,cluster_1
cell_8312,4.3966,1.1686,cluster_4
cell_8313,10.3281,6.6335,cluster_6
cell_8314,11.7482,9.6017,cluster_2
cell_8315,12.4342,5.3240,cluster_1
cell_8316,14.6557,5.4146,cluster_1
cell_8317,14.5821,7.6734,cluster_1
cell_8318,1.7251,2.4677,cluster_6
cell_8319,15.5159,7.1833,cluster_1
cell_832,1.6007,9.7004,cluster_5
cell_8320,13.3989,10.9204,cluster_2
cell_8321,14.4821,8.7796,cluster_2
cell_8322,0.9646,6.9741,cluster_3
cell_8323,15.9193,8.4533,cluster_1
cell_8324,13.9172,9.0784,cluster_2
cell_8325,15.0820,5.8352,cluster_1
cell_8326,8.1924,6.9393,cluster_1
cell_8327,2.4083,2.5039,cluster_6
cell_8328,1.0681,7.0868,cluster_3
cell_8329,14.2747,9.8864,cluster_2
cell_833,16.1469,7.8779,cluster_1
cell_8330,12.8026,9.1604,cluster_2
cell_8331,2.2458,4.2515,cluster_6
cell_8332,15.4051,8.2615,cluster_1
cell_8333,8.7320,7.0364,cluster_6
cell_8334,11.1169,8.4131,cluster_2
cell_8335,14.0601,8.1961,cluster_2
cell_8336,14.7082,4.9510,cluster_1
cell_8337,14.6452,8.4565,cluster_1
cell_8338,13.8080,10.6152,cluster_2
cell_8339,13.4091,6.7008,cluster_1
cell_834,11.7938,8.5481,cluster_2
cell_8340,13.0943,6.7302,cluster_1
cell_8341,1.4351,2.9451,cluster_6
cell_8342,11.9181,7.8335,cluster_1
cell_8343,15.7577,6.4747,cluster_1
cell_8344,2.4008,11.3992,cluster_5
cell_8345,3.8359,11.5611,cluster_5
cell_8346,16.4297,7.9166,cluster_1
cell_8347,7.5554,6.5600,cluster_3
cell_8348,15.8578,8.6064,cluster_1
cell_8349,3.0471,3.0016,cluster_6
cell_835,3.7694,11.9427,cluster_5
cell_8350,12.9137,7.2105,cluster_1
cell_8351,1.5732,2.6689,cluster_6
cell_8352,15.1538,8.3887,cluster_1
cell_8353,1.0830,2.1610,cluster_6
cell_8354,14.0184,11.1073,cluster_2
cell_8355,1.9726,11.9440,cluster_5
cell_8356,15.1845,6.7867,cluster_1
cell_8357,14.9006,7.4280,cluster_1
cell_8358,15.0984,7.1043,cluster_1
cell_8359,14.0371,7.8412,cluster_1
cell_836,12.0987,5.9126,cluster_2
cell_8360,2.3697,3.6557,cluster_6
cell_8361,2.4376,0.0312,cluster_4
cell_8362,2.0022,6.7358,cluster_3
cell_8363,1.8998,11.7244,cluster_5
cell_8364,16.2199,7.5471,cluster_1
cell_8365,12.4462,8.6050,cluster_1
cell_8366,0.9336,3.3379,cluster_6
cell_8367,14.0475,5.0574,cluster_1
cell_8368,15.0989,6.6993,cluster_1
cell_8369,14.2567,8.5456,cluster_1
cell_837,0.4554,11.9252,cluster_5
cell_8370,1.7772,7.3369,cluster_3
cell_8371,14.3116,6.9418,cluster_1
cell_8372,1.1255,11.7933,cluster_5
cell_8373,-0.0440,5.9483,cluster_3
cell_8374,13.7998,6.7563,cluster_1
cell_8375,-0.8187,6.7401,cluster_3
cell_8376,14.5899,6.4518,cluster_1
cell_8377,14.8165,11.3225,cluster_2
cell_8378,1.7000,1.8987,cluster_6
cell_8379,15.4042,10.6408,cluster_2
cell_838,11.4624,5.8371,cluster_6
cell_8380,15.3903,8.0233,cluster_1
cell_8381,3.9164,5.0224,cluster_6
cell_8382,8.3477,6.7663,cluster_3
cell_8383,4.2206,0.1999,cluster_4
cell_8384,8.1111,6.2136,cluster_3
cell_8385,9.2075,6.9301,cluster_3
cell_8386,14.8310,10.5216,cluster_2
cell_8387,15.3283,8.0264,cluster_1
cell_8388,-1.2799,5.8365,cluster_3
cell_8389,13.9259,11.6917,cluster_2
cell_839,2.0508,3.4340,cluster_6
cell_8390,7.1345,6.5617,cluster_3
cell_8391,11.7611,6.0621,cluster_1
cell_8392,3.0716,11.0863,cluster_3
cell_8393,15.9908,8.1406,cluster_1
cell_8394,14.6660,11.1480,cluster_2
cell_8395,14.7893,8.6735,cluster_2
cell_8396,2.4101,6.7269,cluster_3
cell_8397,2.8276,11.4378,cluster_5
cell_8398,0.7161,6.8868,cluster_3
cell_8399,14.5881,10.7275,cluster_2
cell_84,9.7901,7.5353,cluster_3
cell_840,15.2399,7.4060,cluster_1
cell_8400,14.9042,10.2864,cluster_2
cell_8401,14.2550,8.0267,cluster_1
cell_8402,4.2872,5.4991,cluster_1
cell_8403,12.9412,9.6416,cluster_2
cell_8404,1.5867,2.6245,cluster_6
cell_8405,-1.4287,6.8293,cluster_3
cell_8406,15.2877,6.3446,cluster_1
cell_8407,1.6493,9.6183,cluster_5
cell_8408,0.3491,6.4499,cluster_3
cell_8409,13.4309,5.4230,cluster_1
cell_841,0.6820,10.8791,cluster_5
cell_8410,15.1296,5.4856,cluster_1
cell_8411,3.8744,3.8489,cluster_6
cell_8412,15.1862,9.9793,cluster_2
cell_8413,12.2878,5.8165,cluster_2
cell_8414,4.2824,5.2203,cluster_6
cell_8415,-1.2916,5.7395,cluster_3
cell_8416,14.4292,6.7077,cluster_1
cell_8417,12.2803,7.7330,cluster_1
cell_8418,8.4470,7.0525,cluster_3
cell_8419,-1.4978,6.2420,cluster_3
cell_842,14.0479,9.2621,cluster_2
cell_8420,13.2173,6.1707,cluster_1
cell_8421,14.7091,9.4012,cluster_2
cell_8422,14.8198,5.4490,cluster_1
cell_8423,11.7825,8.0044,cluster_1
cell_8424,11.6730,6.9730,cluster_1
cell_8425,13.9885,5.3564,cluster_1
cell_8426,1.4501,2.5477,cluster_6
cell_8427,0.7579,2.4822,cluster_6
cell_8428,14.9544,10.0973,cluster_2
cell_8429,13.6497,6.0038,cluster_1
cell_843,2.2604,0.1940,cluster_4
cell_8430,14.4643,8.5560,cluster_1
cell_8431,13.4588,6.0098,cluster_1
cell_8432,16.1155,7.3421,cluster_1
cell_8433,2.7810,10.7482,cluster_5
cell_8434,3.6999,11.7187,cluster_5
cell_8435,8.1922,6.9589,cluster_1
cell_8436,13.7195,5.4704,cluster_1
cell_8437,4.3772,5.4549,cluster_5
cell_8438,6.0866,5.6421,cluster_1
cell_8439,11.3387,6.8776,cluster_1
cell_844,0.7580,11.2945,cluster_5
cell_8440,0.9212,11.2511,cluster_5
cell_8441,15.8792,7.3800,cluster_1
cell_8442,14.0813,4.9551,cluster_1
cell_8443,13.8008,10.0285,cluster_2
cell_8444,16.0579,7.7360,cluster_1
cell_8445,3.6403,-0.4914,cluster_4
cell_8446,-0.1161,6.6109,cluster_3
cell_8447,2.1023,2.2668,cluster_6
cell_8448,8.3812,5.9596,cluster_1
cell_8449,1.5155,9.8989,cluster_5
cell_845,14.5022,6.5311,cluster_1
cell_8450,14.5370,5.6855,cluster_1
cell_8451,9.5674,6.9918,cluster_3
cell_8452,14.6007,5.7894,cluster_1
cell_8453,1.2900,3.6313,cluster_6
cell_8454,12.0422,7.2773,cluster_1
cell_8455,1.6679,2.1486,cluster_6
cell_8456,4.0945,12.3147,cluster_5
cell_8457,9.9912,6.6100,cluster_1
cell_8458,14.1711,5.8626,cluster_1
cell_8459,3.9534,-0.7568,cluster_4
cell_846,9.1843,6.1965,cluster_3
cell_8460,14.4690,8.4076,cluster_1
cell_8461,13.7492,9.1110,cluster_2
cell_8462,10.0974,7.3173,cluster_3
cell_8463,13.7986,6.4050,cluster_1
cell_8464,14.1253,6.5127,cluster_1
cell_8465,2.7527,11.7594,cluster_5
cell_8466,14.7071,5.3694,cluster_1
cell_8467,3.0492,-0.1779,cluster_4
cell_8468,4.3189,-0.7383,cluster_4
cell_8469,8.5931,6.7330,cluster_3
cell_847,13.2554,5.5868,cluster_1
cell_8470,1.6712,1.7576,cluster_6
cell_8471,16.2096,7.3331,cluster_1
cell_8472,12.5499,7.7772,cluster_1
cell_8473,12.3284,8.0630,cluster_1
cell_8474,16.1265,7.3115,cluster_1
cell_8475,13.2945,5.3551,cluster_1
cell_8476,15.2941,5.4557,cluster_1
cell_8477,14.6481,6.9111,cluster_1
cell_8478,12.9466,9.1956,cluster_2
cell_8479,14.3141,5.2533,cluster_1
cell_848,2.5521,2.7661,cluster_6
cell_8480,13.4457,6.1322,cluster_1
cell_8481,15.5255,9.7205,cluster_2
cell_8482,15.1987,7.1608,cluster_2
cell_8483,13.1830,10.1878,cluster_2
cell_8484,2.7668,1.1795,cluster_4
cell_8485,15.3792,5.7230,cluster_1
cell_8486,15.7507,7.6230,cluster_1
cell_8487,12.4980,9.6541,cluster_2
cell_8488,7.8276,6.4278,cluster_3
cell_8489,-0.7004,8.0301,cluster_3
cell_849,1.4010,10.3072,cluster_5
cell_8490,3.8676,-1.0058,cluster_4
cell_8491,0.2728,11.8110,cluster_5
cell_8492,12.8163,6.8757,cluster_1
cell_8493,2.3877,1.3072,cluster_4
cell_8494,13.2099,9.4265,cluster_2
cell_8495,12.6841,7.9688,cluster_2
cell_8496,3.5031,11.8871,cluster_5
cell_8497,0.7251,11.3882,cluster_5
cell_8498,16.2354,6.4627,cluster_1
cell_8499,8.9057,6.8731,cluster_3
cell_85,0.9033,8.8837,cluster_5
cell_850,3.2470,11.7269,cluster_5
cell_8500,14.5016,11.7468,cluster_2
cell_8501,1.0912,1.7924,cluster_6
cell_8502,14.3007,10.2074,cluster_2
cell_8503,11.0686,7.9585,cluster_2
cell_8504,15.0303,9.5856,cluster_2
cell_8505,16.0199,8.3612,cluster_1
cell_8506,14.8682,5.1927,cluster_1
cell_8507,10.7022,6.7526,cluster_3
cell_8508,-1.4689,7.2248,cluster_3
cell_8509,13.0393,7.6155,cluster_2
cell_851,16.0562,7.2367,cluster_1
cell_8510,7.0753,6.2294,cluster_3
cell_8511,15.0366,7.7068,cluster_1
cell_8512,8.9613,6.9488,cluster_3
cell_8513,13.0883,5.9786,cluster_1
cell_8514,15.3213,7.4381,cluster_1
cell_8515,0.8997,2.5991,cluster_6
cell_8516,14.2281,10.7254,cluster_2
cell_8517,15.6711,5.7592,cluster_1
cell_8518,0.9804,2.6202,cluster_6
cell_8519,14.9830,5.0750,cluster_1
cell_852,9.9450,3.0297,cluster_8
cell_8520,14.3264,9.1353,cluster_1
cell_8521,0.9837,6.2720,cluster_3
cell_8522,3.7327,10.8204,cluster_5
cell_8523,15.6553,6.4388,cluster_1
cell_8524,2.4819,7.0817,cluster_3
cell_8525,3.2223,0.4252,cluster_6
cell_8526,2.7216,0.8703,cluster_4
cell_8527,12.7476,8.2471,cluster_2
cell_8528,-1.3126,6.4104,cluster_3
cell_8529,14.3081,5.7659,cluster_2
cell_853,2.2084,3.3889,cluster_6
cell_8530,0.9430,11.0604,cluster_5
cell_8531,14.3114,8.5397,cluster_2
cell_8532,14.5653,5.8382,cluster_1
cell_8533,1.0947,10.8031,cluster_5
cell_8534,1.4576,3.5496,cluster_6
cell_8535,9.0879,6.8896,cluster_3
cell_8536,10.2665,6.8349,cluster_3
cell_8537,15.9793,7.5403,cluster_1
cell_8538,11.7170,7.5176,cluster_2
cell_8539,10.6472,7.8060,cluster_2
cell_854,0.6475,11.3174,cluster_5
cell_8540,-0.3357,5.7495,cluster_3
cell_8541,9.2612,7.6624,cluster_3
cell_8542,13.5298,6.5421,cluster_1
cell_8543,2.2499,4.2686,cluster_6
cell_8544,3.5625,12.4371,cluster_5
cell_8545,14.5793,7.2727,cluster_1
cell_8546,12.0849,9.9481,cluster_2
cell_8547,14.6678,5.2111,cluster_1
cell_8548,1.4847,3.4476,cluster_6
cell_8549,13.4571,10.2349,cluster_2
cell_855,2.5600,4.2263,cluster_6
cell_8550,1.2273,2.5223,cluster_6
cell_8551,2.4949,2.9072,cluster_6
cell_8552,2.8374,10.8732,cluster_5
cell_8553,14.1116,6.8285,cluster_1
cell_8554,2.6980,9.5411,cluster_5
cell_8555,13.2929,8.2270,cluster_2
cell_8556,0.1615,11.2074,cluster_5
cell_8557,1.8745,9.0848,cluster_5
cell_8558,2.1859,2.9577,cluster_6
cell_8559,13.9838,7.8768,cluster_1
cell_856,3.3318,0.1432,cluster_4
cell_8560,-0.8207,7.2200,cluster_3
cell_8561,10.2498,7.7765,cluster_2
cell_8562,8.2938,6.3964,cluster_2
cell_8563,13.8851,11.1738,cluster_2
cell_8564,13.9232,9.6453,cluster_2
cell_8565,14.3168,5.4947,cluster_1
cell_8566,14.2061,10.7092,cluster_2
cell_8567,4.6663,8.8423,cluster_3
cell_8568,13.3999,9.1031,cluster_2
cell_8569,14.4686,5.8964,cluster_2
cell_857,13.4189,7.6053,cluster_1
cell_8570,3.0248,11.5962,cluster_5
cell_8571,1.3239,10.4579,cluster_5
cell_8572,10.0844,7.0905,cluster_3
cell_8573,3.1006,0.7166,cluster_4
cell_8574,16.3199,8.0710,cluster_1
cell_8575,2.5492,-0.4775,cluster_4
cell_8576,13.1467,9.1835,cluster_2
cell_8577,15.5796,5.8777,cluster_1
cell_8578,1.5538,6.4105,cluster_3
cell_8579,12.8013,6.8978,cluster_1
cell_858,12.7807,5.3670,cluster_1
cell_8580,14.9483,6.8752,cluster_2
cell_8581,14.4781,7.6767,cluster_1
cell_8582,15.2561,7.2889,cluster_1
cell_8583,12.1045,8.0336,cluster_1
cell_8584,12.2298,5.8232,cluster_1
cell_8585,1.5832,2.1415,cluster_6
cell_8586,1.7859,10.5310,cluster_5
cell_8587,9.9115,6.8918,cluster_2
cell_8588,-0.4491,7.2079,cluster_3
cell_8589,3.6168,2.1726,cluster_6
cell_859,9.8267,7.3413,cluster_3
cell_8590,15.2847,5.8465,cluster_1
cell_8591,10.9169,8.5324,cluster_2
cell_8592,15.7801,7.6527,cluster_2
cell_8593,4.4743,0.5804,cluster_4
cell_8594,1.8131,2.3224,cluster_6
cell_8595,7.5527,6.8271,cluster_3
cell_8596,-0.7873,5.7556,cluster_3
cell_8597,13.8765,8.0941,cluster_1
cell_8598,12.4308,8.9472,cluster_2
cell_8599,13.8387,10.7772,cluster_2
cell_86,13.3416,6.5827,cluster_2
cell_860,12.7324,5.5567,cluster_2
cell_8600,15.9101,9.0913,cluster_1
cell_8601,14.4385,9.5327,cluster_2
cell_8602,13.8143,5.0009,cluster_1
cell_8603,2.4053,3.1183,cluster_6
cell_8604,12.0277,7.8389,cluster_2
cell_8605,15.8057,9.2326,cluster_1
cell_8606,14.7043,5.2080,cluster_1
cell_8607,13.5362,6.4390,cluster_1
cell_8608,8.5065,7.0983,cluster_3
cell_8609,14.3009,6.2275,cluster_1
cell_861,9.5551,3.8176,cluster_8
cell_8610,0.5282,2.1851,cluster_6
cell_8611,0.9377,1.4760,cluster_6
cell_8612,0.1738,6.0651,cluster_3
cell_8613,14.5321,11.3324,cluster_2
cell_8614,13.1543,5.0088,cluster_1
cell_8615,0.9666,6.7843,cluster_6
cell_8616,13.7631,8.4667,cluster_2
cell_8617,14.1698,7.3300,cluster_1
cell_8618,14.5550,8.7332,cluster_2
cell_8619,6.9981,5.9626,cluster_1
cell_862,1.2866,11.9846,cluster_5
cell_8620,15.5652,5.6342,cluster_1
cell_8621,12.3907,7.5354,cluster_1
cell_8622,1.7279,10.6900,cluster_5
cell_8623,0.3841,11.0488,cluster_5
cell_8624,3.3809,-1.2133,cluster_4
cell_8625,3.2933,-1.3405,cluster_4
cell_8626,15.1146,7.6963,cluster_1
cell_8627,15.8318,6.4132,cluster_1
cell_8628,-1.5616,6.9742,cluster_3
cell_8629,2.5885,4.4270,cluster_6
cell_863,2.5297,10.8800,cluster_5
cell_8630,11.4536,5.4464,cluster_3
cell_8631,1.5591,9.4105,cluster_5
cell_8632,0.8264,2.7611,cluster_6
cell_8633,13.1502,4.8906,cluster_1
cell_8634,1.9505,10.8908,cluster_5
cell_8635,10.5426,7.3230,cluster_2
cell_8636,15.2462,10.2218,cluster_2
cell_8637,2.2289,3.5191,cluster_6
cell_8638,9.3497,6.2217,cluster_3
cell_8639,2.0769,2.0603,cluster_6
cell_864,13.5522,11.4730,cluster_2
cell_8640,3.6269,11.4417,cluster_5
cell_8641,8.8964,6.7036,cluster_3
cell_8642,16.1955,6.5947,cluster_1
cell_8643,15.1062,9.9016,cluster_2
cell_8644,14.3355,8.6485,cluster_2
cell_8645,3.3588,-1.6571,cluster_4
cell_8646,12.6702,5.3045,cluster_1
cell_8647,13.5449,9.8655,cluster_2
cell_8648,15.7880,8.5536,cluster_2
cell_8649,14.3844,6.6301,cluster_1
cell_865,7.9210,7.1728,cluster_6
cell_8650,2.4337,10.3572,cluster_5
cell_8651,15.2932,8.7705,cluster_2
cell_8652,12.6271,11.2912,cluster_2
cell_8653,12.2389,8.2333,cluster_2
cell_8654,15.2764,8.5827,cluster_2
cell_8655,6.1777,6.6403,cluster_5
cell_8656,2.4162,6.3619,cluster_6
cell_8657,12.7246,9.8819,cluster_2
cell_8658,2.1770,2.9088,cluster_6
cell_8659,15.4994,10.0026,cluster_2
cell_866,2.6722,3.5830,cluster_6
cell_8660,3.9501,11.4268,cluster_5
cell_8661,15.9037,6.9744,cluster_1
cell_8662,14.5961,7.8773,cluster_1
cell_8663,-1.5540,6.2366,cluster_3
cell_8664,14.5263,7.5338,cluster_1
cell_8665,14.8353,5.3274,cluster_1
cell_8666,13.6329,4.9190,cluster_1
cell_8667,14.9505,10.4190,cluster_2
cell_8668,12.8896,7.4170,cluster_1
cell_8669,0.4831,11.3338,cluster_5
cell_867,3.1498,-0.5764,cluster_4
cell_8670,-0.0612,5.7427,cluster_3
cell_8671,3.4083,2.9737,cluster_6
cell_8672,12.9582,7.2067,cluster_1
cell_8673,3.3494,7.2607,cluster_2
cell_8674,14.1936,9.5261,cluster_2
cell_8675,3.0046,11.4057,cluster_5
cell_8676,12.5755,9.9845,cluster_2
cell_8677,15.4737,6.1258,cluster_1
cell_8678,14.5953,9.1577,cluster_2
cell_8679,13.6605,5.9823,cluster_1
cell_868,15.2895,7.3893,cluster_1
cell_8680,13.5213,8.6634,cluster_2
cell_8681,14.0889,7.4943,cluster_1
cell_8682,13.2700,9.6962,cluster_2
cell_8683,13.3788,10.8811,cluster_2
cell_8684,0.8162,1.6810,cluster_6
cell_8685,12.7526,5.6815,cluster_1
cell_8686,13.2264,5.8591,cluster_1
cell_8687,2.6834,7.0463,cluster_3
cell_8688,13.6309,6.2295,cluster_1
cell_8689,14.3707,7.6405,cluster_1
cell_869,1.9973,9.4738,cluster_5
cell_8690,12.3995,7.7035,cluster_1
cell_8691,4.4774,1.0409,cluster_4
cell_8692,13.7030,5.9721,cluster_1
cell_8693,14.6210,5.9577,cluster_1
cell_8694,13.4753,10.2596,cluster_2
cell_8695,15.2854,7.5393,cluster_1
cell_8696,4.0786,-0.2604,cluster_4
cell_8697,14.7614,8.5745,cluster_1
cell_8698,9.9529,7.8098,cluster_2
cell_8699,-0.5198,6.0525,cluster_3
cell_87,3.1295,4.6977,cluster_6
cell_870,6.7886,3.4044,cluster_8
cell_8700,14.6184,7.8587,cluster_1
cell_8701,14.0926,5.1473,cluster_1
cell_8702,1.7220,2.3699,cluster_6
cell_8703,3.4906,11.7752,cluster_5
cell_8704,14.9334,7.8532,cluster_1
cell_8705,12.9985,7.7845,cluster_1
cell_8706,12.9142,7.8220,cluster_2
cell_8707,-1.5417,6.3310,cluster_3
cell_8708,1.2709,3.2329,cluster_6
cell_8709,-0.0911,6.1406,cluster_3
cell_871,1.0408,10.7377,cluster_5
cell_8710,14.3513,6.4950,cluster_1
cell_8711,2.5547,11.9216,cluster_5
cell_8712,8.4169,6.0965,cluster_1
cell_8713,1.1799,11.9629,cluster_5
cell_8714,12.3251,9.3509,cluster_2
cell_8715,15.8004,6.2353,cluster_1
cell_8716,3.8265,0.8328,cluster_4
cell_8717,8.5945,7.0073,cluster_3
cell_8718,-1.7054,6.7426,cluster_3
cell_8719,2.5108,3.0414,cluster_6
cell_872,14.4757,11.5525,cluster_2
cell_8720,0.7327,7.0431,cluster_3
cell_8721,15.8459,8.3355,cluster_2
cell_8722,2.9412,3.2179,cluster_6
cell_8723,1.5758,1.7643,cluster_6
cell_8724,14.2979,9.3308,cluster_2
cell_8725,1.1969,6.3411,cluster_3
cell_8726,13.4511,8.2112,cluster_1
cell_8727,13.1037,9.1956,cluster_2
cell_8728,2.9254,8.7784,cluster_6
cell_8729,2.1935,2.0787,cluster_6
cell_873,9.0049,3.3040,cluster_8
cell_8730,2.7782,0.6849,cluster_4
cell_8731,11.4369,7.9076,cluster_2
cell_8732,12.2323,7.6612,cluster_2
cell_8733,14.2187,7.7355,cluster_1
cell_8734,10.7470,5.9107,cluster_3
cell_8735,12.6258,9.8298,cluster_2
cell_8736,12.3110,9.9210,cluster_2
cell_8737,0.8978,2.5695,cluster_6
cell_8738,15.9325,9.0325,cluster_1
cell_8739,-0.8944,7.2986,cluster_3
cell_874,9.2849,3.2824,cluster_8
cell_8740,12.6112,8.3090,cluster_2
cell_8741,15.0282,9.0164,cluster_2
cell_8742,0.8151,10.8128,cluster_5
cell_8743,14.1887,11.2368,cluster_2
cell_8744,3.9842,10.8277,cluster_5
cell_8745,13.3695,5.2956,cluster_1
cell_8746,11.9895,7.9434,cluster_1
cell_8747,3.6249,3.5227,cluster_6
cell_8748,8.2194,6.3668,cluster_3
cell_8749,11.2066,8.0430,cluster_2
cell_875,12.3620,6.9737,cluster_1
cell_8750,12.4264,8.9510,cluster_2
cell_8751,3.3291,0.3277,cluster_4
cell_8752,15.5868,5.8025,cluster_1
cell_8753,4.3698,0.9640,cluster_4
cell_8754,12.9120,6.4244,cluster_1
cell_8755,1.3328,1.8773,cluster_6
cell_8756,3.5090,4.0007,cluster_6
cell_8757,13.0466,9.5085,cluster_2
cell_8758,3.5642,9.6963,cluster_5
cell_8759,9.8730,7.3011,cluster_2
cell_876,8.3794,3.2240,cluster_8
cell_8760,15.6905,8.9847,cluster_2
cell_8761,1.6287,2.7592,cluster_6
cell_8762,13.4027,10.3699,cluster_2
cell_8763,1.1902,3.4818,cluster_6
cell_8764,12.8821,8.9650,cluster_2
cell_8765,14.9622,5.5105,cluster_1
cell_8766,14.3233,10.8160,cluster_2
cell_8767,13.7085,5.9474,cluster_1
cell_8768,16.4432,6.5287,cluster_1
cell_8769,15.8232,10.2764,cluster_2
cell_877,13.4059,10.3364,cluster_2
cell_8770,15.0455,6.2778,cluster_1
cell_8771,-0.6205,6.7007,cluster_3
cell_8772,6.2004,6.1154,cluster_1
cell_8773,3.5592,6.9852,cluster_1
cell_8774,3.9791,-0.3639,cluster_4
cell_8775,1.6975,2.0280,cluster_6
cell_8776,2.2946,2.8067,cluster_6
cell_8777,15.6254,8.0184,cluster_1
cell_8778,1.3680,2.1047,cluster_6
cell_8779,2.5721,3.8062,cluster_6
cell_878,2.2151,8.7864,cluster_5
cell_8780,14.1034,5.2683,cluster_1
cell_8781,0.9448,1.6561,cluster_6
cell_8782,13.8292,7.5108,cluster_1
cell_8783,9.8677,6.8714,cluster_1
cell_8784,8.7242,6.5218,cluster_3
cell_8785,3.9882,11.8737,cluster_5
cell_8786,16.1851,7.4931,cluster_1
cell_8787,14.8284,8.4306,cluster_1
cell_8788,13.4968,8.4842,cluster_1
cell_8789,2.7247,11.5557,cluster_5
cell_879,11.7037,9.5271,cluster_2
cell_8790,15.3494,7.2244,cluster_1
cell_8791,13.9487,7.9435,cluster_1
cell_8792,3.2864,-1.1725,cluster_4
cell_8793,14.9822,5.1004,cluster_1
cell_8794,4.1274,0.6379,cluster_4
cell_8795,15.1852,10.5781,cluster_2
cell_8796,4.2206,-0.0767,cluster_4
cell_8797,13.8908,9.5223,cluster_2
cell_8798,3.6134,11.2044,cluster_6
cell_8799,2.4158,-0.7115,cluster_4
cell_88,0.0280,5.8857,cluster_3
cell_880,14.3540,11.1451,cluster_2
cell_8800,15.3933,5.7004,cluster_1
cell_8801,1.7591,11.7248,cluster_5
cell_8802,15.5072,5.9096,cluster_1
cell_8803,15.0060,10.1820,cluster_2
cell_8804,1.1428,2.0137,cluster_6
cell_8805,13.7561,5.6045,cluster_1
cell_8806,13.5454,6.0303,cluster_1
cell_8807,14.5597,9.4007,cluster_2
cell_8808,13.3091,7.7894,cluster_1
cell_8809,8.6151,6.9720,cluster_3
cell_881,-0.0113,11.3035,cluster_5
cell_8810,2.7740,12.0471,cluster_5
cell_8811,13.9518,6.9692,cluster_1
cell_8812,11.9634,9.5526,cluster_2
cell_8813,3.3923,11.3562,cluster_5
cell_8814,15.1333,5.2703,cluster_1
cell_8815,11.8529,7.9019,cluster_2
cell_8816,14.0341,6.0914,cluster_1
cell_8817,13.0610,7.4037,cluster_1
cell_8818,7.7557,5.8745,cluster_8
cell_8819,15.0161,9.7044,cluster_2
cell_882,-1.5375,6.6880,cluster_3
cell_8820,13.8140,5.4052,cluster_1
cell_8821,14.0967,6.8328,cluster_1
cell_8822,15.1915,6.0971,cluster_1
cell_8823,13.9063,6.9132,cluster_1
cell_8824,13.0674,7.8877,cluster_1
cell_8825,3.7548,11.1571,cluster_5
cell_8826,14.6308,4.9295,cluster_1
cell_8827,4.2455,0.3919,cluster_4
cell_8828,14.5551,8.2833,cluster_1
cell_8829,14.6202,9.4255,cluster_1
cell_883,1.3027,6.7480,cluster_3
cell_8830,13.8909,11.7282,cluster_2
cell_8831,15.0885,9.0204,cluster_2
cell_8832,13.8363,6.3617,cluster_1
cell_8833,12.5341,10.5526,cluster_2
cell_8834,3.7936,12.0863,cluster_5
cell_8835,13.0854,6.0566,cluster_1
cell_8836,12.2253,6.3329,cluster_1
cell_8837,15.7564,8.1051,cluster_1
cell_8838,14.1913,5.3159,cluster_1
cell_8839,12.4985,10.9306,cluster_2
cell_884,2.0540,12.3148,cluster_5
cell_8840,12.9651,6.5621,cluster_4
cell_8841,2.3784,3.9977,cluster_6
cell_8842,14.5326,8.9016,cluster_1
cell_8843,12.3631,5.7734,cluster_1
cell_8844,13.6841,6.4330,cluster_1
cell_8845,12.7086,8.3824,cluster_1
cell_8846,12.0810,7.8966,cluster_2
cell_8847,2.6273,0.7038,cluster_4
cell_8848,13.9577,7.1178,cluster_2
cell_8849,-0.2011,6.6238,cluster_3
cell_885,15.5820,6.9281,cluster_1
cell_8850,14.9674,7.1011,cluster_2
cell_8851,13.1949,6.8697,cluster_1
cell_8852,15.7581,5.6734,cluster_1
cell_8853,15.0272,5.2357,cluster_1
cell_8854,15.9170,5.6015,cluster_1
cell_8855,11.4574,6.8130,cluster_1
cell_8856,15.6290,6.1870,cluster_1
cell_8857,12.9321,10.8679,cluster_2
cell_8858,8.1025,7.0427,cluster_3
cell_8859,14.3255,10.9105,cluster_2
cell_886,0.6854,10.9756,cluster_5
cell_8860,13.8402,6.7261,cluster_1
cell_8861,15.8183,5.8423,cluster_1
cell_8862,14.8886,7.3097,cluster_1
cell_8863,0.9597,2.6787,cluster_6
cell_8864,12.0446,9.9083,cluster_2
cell_8865,1.5629,3.7513,cluster_6
cell_8866,15.9164,6.9718,cluster_1
cell_8867,12.9406,4.8572,cluster_1
cell_8868,4.2832,0.4260,cluster_4
cell_8869,11.4225,9.3590,cluster_2
cell_887,2.5684,7.5866,cluster_3
cell_8870,0.4427,7.4879,cluster_3
cell_8871,2.9013,11.5863,cluster_5
cell_8872,15.2565,10.7374,cluster_2
cell_8873,13.1807,5.5671,cluster_1
cell_8874,13.7567,6.2708,cluster_1
cell_8875,15.5713,6.5223,cluster_1
cell_8876,2.3001,3.7843,cluster_6
cell_8877,13.0454,9.7074,cluster_2
cell_8878,0.8488,2.8852,cluster_6
cell_8879,14.3803,7.4786,cluster_1
cell_888,3.9670,12.0329,cluster_5
cell_8880,4.0729,-0.7260,cluster_4
cell_8881,14.7708,9.6278,cluster_2
cell_8882,2.4542,-0.6440,cluster_4
cell_8883,10.7353,6.0878,cluster_3
cell_8884,15.3108,10.5333,cluster_2
cell_8885,14.8049,6.0492,cluster_1
cell_8886,13.0035,6.9599,cluster_1
cell_8887,10.8621,7.8729,cluster_2
cell_8888,13.4869,5.3249,cluster_1
cell_8889,14.1667,5.5520,cluster_1
cell_889,6.0875,3.7223,cluster_8
cell_8890,14.8246,9.2092,cluster_2
cell_8891,16.3382,6.6312,cluster_1
cell_8892,14.8894,9.7241,cluster_2
cell_8893,1.4102,3.6096,cluster_6
cell_8894,2.1979,11.5761,cluster_5
cell_8895,15.4378,7.4781,cluster_1
cell_8896,14.5276,10.8328,cluster_2
cell_8897,14.4249,10.7718,cluster_2
cell_8898,15.4729,9.5069,cluster_2
cell_8899,13.3188,10.0007,cluster_2
cell_89,2.2273,9.3069,cluster_5
cell_890,9.1409,2.8005,cluster_8
cell_8900,12.6495,5.0398,cluster_1
cell_8901,14.8463,5.3053,cluster_1
cell_8902,12.7158,10.4950,cluster_2
cell_8903,2.1599,12.1293,cluster_5
cell_8904,16.2401,6.0719,cluster_1
cell_8905,0.6985,6.6776,cluster_3
cell_8906,14.1468,6.0972,cluster_1
cell_8907,15.4071,7.9689,cluster_1
cell_8908,3.5442,4.7812,cluster_6
cell_8909,14.2788,4.9669,cluster_1
cell_891,1.4490,9.9631,cluster_5
cell_8910,14.2681,5.8421,cluster_1
cell_8911,1.4759,3.1583,cluster_6
cell_8912,15.6488,8.3521,cluster_1
cell_8913,15.1352,5.6600,cluster_1
cell_8914,3.7887,4.8291,cluster_6
cell_8915,15.6836,7.3189,cluster_1
cell_8916,3.0099,12.2665,cluster_5
cell_8917,1.1264,11.5122,cluster_5
cell_8918,2.4097,-0.6719,cluster_4
cell_8919,3.6813,-1.2989,cluster_4
cell_892,2.8684,10.2568,cluster_5
cell_8920,2.4230,9.4394,cluster_5
cell_8921,11.9175,6.2280,cluster_1
cell_8922,3.6022,11.2542,cluster_5
cell_8923,8.0571,6.7173,cluster_1
cell_8924,3.4050,1.7139,cluster_4
cell_8925,15.6819,8.8680,cluster_1
cell_8926,10.9780,6.4423,cluster_1
cell_8927,6.3007,6.2324,cluster_1
cell_8928,12.8291,10.1630,cluster_2
cell_8929,12.6459,10.2329,cluster_2
cell_893,13.6485,11.3685,cluster_2
cell_8930,12.4489,8.3749,cluster_1
cell_8931,13.6646,5.5958,cluster_2
cell_8932,1.2049,2.2388,cluster_6
cell_8933,8.2376,6.7992,cluster_3
cell_8934,1.2465,2.9106,cluster_6
cell_8935,13.9216,9.4842,cluster_2
cell_8936,15.7679,8.3827,cluster_1
cell_8937,14.5034,8.2528,cluster_1
cell_8938,13.0864,7.1487,cluster_1
cell_8939,3.8830,4.8203,cluster_6
cell_894,2.3683,8.7677,cluster_5
cell_8940,15.0829,9.7088,cluster_2
cell_8941,1.6311,10.9177,cluster_5
cell_8942,15.6189,5.8257,cluster_1
cell_8943,2.4949,3.7606,cluster_6
cell_8944,14.4643,5.3536,cluster_1
cell_8945,2.6479,-0.3829,cluster_4
cell_8946,16.0100,7.2316,cluster_1
cell_8947,1.6376,2.0383,cluster_6
cell_8948,13.8741,5.8270,cluster_1
cell_8949,14.1947,10.4539,cluster_2
cell_895,12.9064,6.1234,cluster_1
cell_8950,3.2397,10.6631,cluster_5
cell_8951,12.7992,5.6494,cluster_1
cell_8952,15.3545,9.4157,cluster_2
cell_8953,9.5918,6.5572,cluster_5
cell_8954,13.4204,7.0902,cluster_1
cell_8955,12.3711,10.4614,cluster_2
cell_8956,1.5006,3.2004,cluster_6
cell_8957,10.2569,7.3838,cluster_5
cell_8958,15.6661,7.2835,cluster_1
cell_8959,12.9387,8.8387,cluster_2
cell_896,0.7058,10.6321,cluster_5
cell_8960,14.7839,10.2508,cluster_2
cell_8961,13.9825,7.8504,cluster_2
cell_8962,1.2014,3.1902,cluster_6
cell_8963,14.1714,10.3563,cluster_2
cell_8964,2.0272,2.3461,cluster_6
cell_8965,12.8714,9.9686,cluster_2
cell_8966,14.0516,9.0732,cluster_2
cell_8967,10.9658,6.1204,cluster_2
cell_8968,13.8701,4.6980,cluster_1
cell_8969,-1.0676,8.1492,cluster_3
cell_897,4.3448,1.8706,cluster_4
cell_8970,15.5535,5.5405,cluster_1
cell_8971,14.5548,9.6813,cluster_2
cell_8972,14.4628,9.2503,cluster_2
cell_8973,13.9066,10.2574,cluster_2
cell_8974,10.0940,5.8705,cluster_3
cell_8975,0.8509,2.0039,cluster_6
cell_8976,14.4143,7.7317,cluster_2
cell_8977,1.2158,6.7243,cluster_2
cell_8978,13.7170,6.2215,cluster_1
cell_8979,15.3532,5.4579,cluster_1
cell_898,13.9151,10.1139,cluster_2
cell_8980,13.2937,8.6965,cluster_2
cell_8981,-0.2355,6.9313,cluster_3
cell_8982,15.5947,7.1501,cluster_1
cell_8983,11.6040,7.6151,cluster_2
cell_8984,14.3632,10.6621,cluster_2
cell_8985,3.9313,5.0396,cluster_6
cell_8986,13.4341,9.6294,cluster_2
cell_8987,7.6823,6.5969,cluster_3
cell_8988,1.9303,2.3551,cluster_6
cell_8989,12.2154,9.3638,cluster_2
cell_899,9.1986,2.9249,cluster_8
cell_8990,12.0524,9.9531,cluster_2
cell_8991,12.3187,6.6033,cluster_1
cell_8992,15.0754,6.0980,cluster_1
cell_8993,3.3618,8.1507,cluster_5
cell_8994,11.1118,8.0999,cluster_2
cell_8995,13.3802,7.0062,cluster_1
cell_8996,15.7027,8.9077,cluster_1
cell_8997,13.4131,9.8626,cluster_2
cell_8998,3.2210,3.2867,cluster_6
cell_8999,13.0019,6.5519,cluster_1
cell_9,1.7863,9.4209,cluster_5
cell_90,1.8575,10.0000,cluster_5
cell_900,0.2974,11.3800,cluster_5
cell_9000,11.5076,7.6514,cluster_3
cell_9001,14.8838,9.3471,cluster_2
cell_9002,9.5282,7.3365,cluster_3
cell_9003,15.0653,6.6870,cluster_1
cell_9004,1.3974,1.9591,cluster_6
cell_9005,5.1442,9.2511,cluster_7
cell_9006,15.9494,6.8776,cluster_1
cell_9007,2.5697,4.1616,cluster_6
cell_9008,3.4399,4.5020,cluster_6
cell_9009,1.7354,9.6886,cluster_5
cell_901,12.8872,10.4369,cluster_2
cell_9010,15.1305,10.6833,cluster_2
cell_9011,13.4149,8.4944,cluster_1
cell_9012,3.0295,-0.6572,cluster_4
cell_9013,13.4149,9.3953,cluster_2
cell_9014,14.5998,10.3354,cluster_2
cell_9015,15.7170,5.8433,cluster_1
cell_9016,14.8075,5.2184,cluster_1
cell_9017,15.7604,8.0509,cluster_1
cell_9018,15.4022,6.1975,cluster_1
cell_9019,3.6308,2.4748,cluster_6
cell_902,15.1972,7.0517,cluster_1
cell_9020,12.5640,5.4727,cluster_1
cell_9021,13.1895,5.1251,cluster_1
cell_9022,15.8803,5.9425,cluster_1
cell_9023,15.8682,7.2191,cluster_1
cell_9024,13.0614,9.8884,cluster_2
cell_9025,2.7469,5.2548,cluster_6
cell_9026,14.7382,9.8381,cluster_2
cell_9027,1.0234,2.8829,cluster_6
cell_9028,13.5687,9.0780,cluster_2
cell_9029,14.3778,5.6598,cluster_1
cell_903,9.5773,3.9695,cluster_8
cell_9030,11.9256,6.3778,cluster_1
cell_9031,14.8538,6.7636,cluster_1
cell_9032,3.3444,8.6018,cluster_2
cell_9033,12.8782,8.3960,cluster_2
cell_9034,3.1339,11.1071,cluster_5
cell_9035,13.6899,6.3047,cluster_1
cell_9036,12.4674,5.9259,cluster_3
cell_9037,13.0516,9.0102,cluster_2
cell_9038,14.8818,6.2526,cluster_1
cell_9039,13.9412,7.9895,cluster_1
cell_904,1.6629,2.6084,cluster_6
cell_9040,13.6967,7.0735,cluster_1
cell_9041,6.7537,6.7476,cluster_3
cell_9042,13.8958,5.9932,cluster_1
cell_9043,3.7988,-0.8308,cluster_4
cell_9044,-1.4201,7.5998,cluster_3
cell_9045,2.6556,10.6664,cluster_5
cell_9046,13.0378,5.9555,cluster_1
cell_9047,14.2278,4.8986,cluster_1
cell_9048,12.9684,6.7695,cluster_1
cell_9049,10.2901,8.1226,cluster_2
cell_905,1.4603,2.7871,cluster_6
cell_9050,-1.1751,5.9071,cluster_3
cell_9051,12.2034,6.2099,cluster_1
cell_9052,12.1983,10.2785,cluster_2
cell_9053,14.9765,9.9365,cluster_2
cell_9054,14.5727,5.2588,cluster_1
cell_9055,3.9708,12.2307,cluster_5
cell_9056,13.5140,5.0704,cluster_2
cell_9057,12.7708,8.4690,cluster_2
cell_9058,14.9823,5.5537,cluster_1
cell_9059,3.0953,-0.2793,cluster_4
cell_906,15.1715,9.0383,cluster_2
cell_9060,1.7867,2.9499,cluster_6
cell_9061,3.5103,10.7019,cluster_5
cell_9062,14.0371,8.4184,cluster_2
cell_9063,16.2578,7.2394,cluster_1
cell_9064,13.1323,9.2283,cluster_2
cell_9065,12.9918,11.3232,cluster_2
cell_9066,11.6176,6.4161,cluster_1
cell_9067,10.9573,8.0222,cluster_2
cell_9068,12.3441,10.7450,cluster_2
cell_9069,15.2517,10.4751,cluster_2
cell_907,12.2034,8.5880,cluster_2
cell_9070,15.5878,6.2578,cluster_1
cell_9071,14.9486,10.4417,cluster_2
cell_9072,13.6478,8.9975,cluster_2
cell_9073,12.7706,6.7960,cluster_1
cell_9074,9.1030,6.1085,cluster_2
cell_9075,-0.0085,5.7182,cluster_3
cell_9076,13.7894,7.3352,cluster_1
cell_9077,15.0897,7.3669,cluster_1
cell_9078,14.5781,11.4991,cluster_2
cell_9079,3.3945,8.3734,cluster_5
cell_908,12.3055,9.5724,cluster_2
cell_9080,4.1114,0.2558,cluster_4
cell_9081,14.6916,7.3134,cluster_1
cell_9082,14.5098,10.8462,cluster_2
cell_9083,13.6131,4.9614,cluster_1
cell_9084,-0.0725,7.3522,cluster_3
cell_9085,16.3043,8.9637,cluster_2
cell_9086,-0.3147,6.2173,cluster_3
cell_9087,14.6562,10.7364,cluster_2
cell_9088,1.9259,10.9574,cluster_5
cell_9089,13.9382,10.9787,cluster_2
cell_909,3.8936,-1.0242,cluster_4
cell_9090,15.4750,7.8453,cluster_2
cell_9091,3.8004,-1.2306,cluster_4
cell_9092,3.5907,-0.5662,cluster_4
cell_9093,10.8191,6.5541,cluster_1
cell_9094,12.6390,7.5094,cluster_2
cell_9095,14.9607,11.1273,cluster_2
cell_9096,13.5283,6.4729,cluster_1
cell_9097,4.2637,-0.4565,cluster_4
cell_9098,2.3329,2.7887,cluster_4
cell_9099,14.7520,9.9554,cluster_2
cell_91,15.0363,6.7659,cluster_1
cell_910,3.4215,7.1310,cluster_3
cell_9100,1.0708,3.4476,cluster_6
cell_9101,14.6636,10.7158,cluster_2
cell_9102,13.9065,7.1585,cluster_1
cell_9103,15.1369,6.5574,cluster_1
cell_9104,13.3729,6.4539,cluster_1
cell_9105,1.1659,3.3945,cluster_6
cell_9106,10.2865,6.7022,cluster_3
cell_9107,14.4116,6.6923,cluster_1
cell_9108,3.9289,2.3202,cluster_6
cell_9109,13.8589,11.0426,cluster_2
cell_911,2.2761,8.7820,cluster_5
cell_9110,13.4903,5.6364,cluster_1
cell_9111,4.0747,4.2282,cluster_6
cell_9112,3.7155,1.5703,cluster_6
cell_9113,3.2037,-1.0748,cluster_4
cell_9114,13.8660,7.2656,cluster_1
cell_9115,-1.7634,6.9056,cluster_3
cell_9116,11.5738,8.1744,cluster_2
cell_9117,2.0186,6.5016,cluster_3
cell_9118,14.7008,11.0769,cluster_2
cell_9119,14.8156,5.8612,cluster_1
cell_912,0.5359,11.7503,cluster_5
cell_9120,12.8590,9.6257,cluster_2
cell_9121,16.3356,7.3424,cluster_1
cell_9122,9.0165,6.3842,cluster_4
cell_9123,13.5700,10.1919,cluster_2
cell_9124,2.6739,-0.8124,cluster_4
cell_9125,14.6649,7.7019,cluster_2
cell_9126,1.6454,1.4936,cluster_6
cell_9127,7.4811,6.8553,cluster_1
cell_9128,14.8584,8.4337,cluster_1
cell_9129,2.0306,6.8896,cluster_3
cell_913,14.0363,10.5621,cluster_2
cell_9130,9.3335,7.2761,cluster_3
cell_9131,15.6564,5.4689,cluster_1
cell_9132,14.4870,11.5490,cluster_2
cell_9133,13.0925,7.9149,cluster_1
cell_9134,3.8319,-0.8118,cluster_4
cell_9135,11.3678,7.6071,cluster_2
cell_9136,1.7628,3.6780,cluster_6
cell_9137,14.8583,8.7826,cluster_2
cell_9138,3.1107,11.2454,cluster_5
cell_9139,15.1116,7.0563,cluster_1
cell_914,0.1914,11.2059,cluster_5
cell_9140,4.2178,-0.7762,cluster_4
cell_9141,3.7442,3.7378,cluster_6
cell_9142,13.2961,7.2034,cluster_2
cell_9143,-0.8477,7.0153,cluster_3
cell_9144,16.2274,6.3644,cluster_1
cell_9145,1.3191,7.6760,cluster_3
cell_9146,14.7401,11.3872,cluster_2
cell_9147,14.6044,11.0261,cluster_2
cell_9148,15.8157,6.6472,cluster_1
cell_9149,11.7886,8.6309,cluster_2
cell_915,1.2604,12.2304,cluster_5
cell_9150,8.0053,6.9787,cluster_3
cell_9151,1.0494,3.3989,cluster_6
cell_9152,11.4374,6.1538,cluster_1
cell_9153,3.0284,7.9220,cluster_5
cell_9154,1.7667,7.1973,cluster_3
cell_9155,0.3984,11.1343,cluster_5
cell_9156,-0.3610,8.6105,cluster_3
cell_9157,4.3208,0.4619,cluster_4
cell_9158,2.5450,-0.9080,cluster_4
cell_9159,14.1315,7.7357,cluster_1
cell_916,2.7191,-0.8334,cluster_4
cell_9160,1.5617,6.4799,cluster_3
cell_9161,1.7241,2.3965,cluster_6
cell_9162,-0.8513,6.7722,cluster_3
cell_9163,13.4844,7.1113,cluster_1
cell_9164,-1.2226,5.8312,cluster_3
cell_9165,2.4357,1.3782,cluster_6
cell_9166,12.2502,8.1399,cluster_1
cell_9167,12.7750,10.7235,cluster_2
cell_9168,13.6961,7.9463,cluster_1
cell_9169,14.9671,6.1381,cluster_1
cell_917,0.1015,11.3632,cluster_5
cell_9170,3.3713,4.8120,cluster_3
cell_9171,15.0083,10.5912,cluster_2
cell_9172,1.4680,7.0247,cluster_3
cell_9173,1.1541,4.0469,cluster_6
cell_9174,15.2385,6.7282,cluster_1
cell_9175,11.8577,7.2973,cluster_1
cell_9176,14.8427,8.1726,cluster_1
cell_9177,8.8413,6.8105,cluster_3
cell_9178,12.3159,10.2674,cluster_2
cell_9179,2.4687,9.8182,cluster_5
cell_918,2.9955,9.7073,cluster_5
cell_9180,14.7246,9.6413,cluster_2
cell_9181,14.9458,5.1590,cluster_1
cell_9182,0.2168,6.1050,cluster_3
cell_9183,7.9330,6.2995,cluster_3
cell_9184,10.6057,7.5678,cluster_3
cell_9185,14.0147,6.5663,cluster_1
cell_9186,-1.1397,6.7254,cluster_3
cell_9187,3.1249,-0.2837,cluster_4
cell_9188,-0.5883,6.3395,cluster_3
cell_9189,15.7637,9.4403,cluster_1
cell_919,6.0895,3.3898,cluster_8
cell_9190,4.7111,4.8128,cluster_5
cell_9191,13.2688,10.5279,cluster_2
cell_9192,12.6879,8.9473,cluster_2
cell_9193,2.8948,-0.6816,cluster_4
cell_9194,2.7667,-0.0086,cluster_4
cell_9195,13.4998,9.0689,cluster_2
cell_9196,12.4389,7.9577,cluster_1
cell_9197,10.7916,8.2386,cluster_2
cell_9198,13.2036,8.0168,cluster_1
cell_9199,13.4811,11.2609,cluster_2
cell_92,1.4746,10.1023,cluster_5
cell_920,11.6546,8.1719,cluster_2
cell_9200,12.3766,6.5170,cluster_1
cell_9201,1.2397,10.9313,cluster_5
cell_9202,1.7072,12.0521,cluster_5
cell_9203,2.6392,4.2149,cluster_6
cell_9204,14.2684,11.2164,cluster_2
cell_9205,-0.8961,6.8188,cluster_3
cell_9206,-0.5270,6.4005,cluster_3
cell_9207,3.8450,11.6785,cluster_5
cell_9208,11.1568,8.5506,cluster_2
cell_9209,2.1333,1.3549,cluster_4
cell_921,1.4559,10.4432,cluster_5
cell_9210,3.4291,1.4110,cluster_4
cell_9211,3.6608,4.4153,cluster_2
cell_9212,13.4334,11.1524,cluster_2
cell_9213,12.0103,8.4109,cluster_2
cell_9214,14.4589,6.5186,cluster_1
cell_9215,3.7053,0.9204,cluster_4
cell_9216,14.7413,7.9252,cluster_1
cell_9217,16.1115,7.5135,cluster_1
cell_9218,15.9001,9.1514,cluster_2
cell_9219,15.4734,8.5442,cluster_1
cell_922,-1.7572,6.4266,cluster_3
cell_9220,4.4741,0.3159,cluster_4
cell_9221,13.7241,5.2675,cluster_1
cell_9222,15.7969,7.7957,cluster_1
cell_9223,16.1386,9.2118,cluster_1
cell_9224,0.9243,2.7650,cluster_6
cell_9225,1.9196,10.6041,cluster_5
cell_9226,13.5751,7.1307,cluster_1
cell_9227,10.9288,5.5165,cluster_3
cell_9228,14.8718,6.2365,cluster_2
cell_9229,15.5428,5.3371,cluster_1
cell_923,1.4262,11.5441,cluster_5
cell_9230,4.1950,3.0802,cluster_6
cell_9231,-1.3878,5.8723,cluster_3
cell_9232,11.1973,7.7300,cluster_2
cell_9233,11.9470,7.0130,cluster_1
cell_9234,9.6604,6.0165,cluster_3
cell_9235,4.3587,3.1647,cluster_4
cell_9236,0.6537,6.0773,cluster_3
cell_9237,14.3451,7.1364,cluster_1
cell_9238,1.9415,11.9659,cluster_5
cell_9239,11.4082,7.6731,cluster_2
cell_924,3.0148,1.3342,cluster_4
cell_9240,14.8227,8.3931,cluster_1
cell_9241,14.5756,9.4614,cluster_1
cell_9242,13.4061,7.0655,cluster_1
cell_9243,3.1780,-0.1650,cluster_4
cell_9244,-0.5782,5.6277,cluster_3
cell_9245,2.1769,-0.5209,cluster_4
cell_9246,15.0357,7.9654,cluster_1
cell_9247,13.1897,8.3585,cluster_2
cell_9248,10.5015,6.4865,cluster_3
cell_9249,1.0833,2.8707,cluster_6
cell_925,0.6271,10.7129,cluster_5
cell_9250,2.6906,11.7643,cluster_5
cell_9251,1.0601,1.9528,cluster_6
cell_9252,2.2301,11.4620,cluster_5
cell_9253,14.5512,11.4353,cluster_2
cell_9254,3.7772,1.3278,cluster_4
cell_9255,0.8955,3.4694,cluster_3
cell_9256,2.1834,6.7087,cluster_3
cell_9257,2.5706,3.7721,cluster_6
cell_9258,1.3917,11.4817,cluster_5
cell_9259,14.8963,10.9773,cluster_2
cell_926,11.5224,8.5178,cluster_2
cell_9260,0.4492,8.6531,cluster_5
cell_9261,15.4762,6.6168,cluster_1
cell_9262,1.3411,11.3255,cluster_5
cell_9263,2.6110,10.4108,cluster_5
cell_9264,3.2909,12.4045,cluster_5
cell_9265,14.6101,6.8573,cluster_1
cell_9266,1.9968,2.8034,cluster_6
cell_9267,11.9973,5.7659,cluster_1
cell_9268,14.9184,7.2291,cluster_1
cell_9269,2.7125,10.2966,cluster_5
cell_927,12.0724,7.9027,cluster_1
cell_9270,16.3400,6.3369,cluster_1
cell_9271,0.8642,10.3212,cluster_5
cell_9272,15.3280,9.1421,cluster_1
cell_9273,1.1041,11.5750,cluster_5
cell_9274,14.3253,9.4399,cluster_2
cell_9275,2.8915,11.8159,cluster_5
cell_9276,11.9903,5.4467,cluster_1
cell_9277,15.8897,5.8392,cluster_1
cell_9278,13.6977,7.7143,cluster_2
cell_9279,2.6459,-0.3885,cluster_4
cell_928,-0.1493,7.3892,cluster_3
cell_9280,14.6384,8.9834,cluster_1
cell_9281,-1.0868,7.6600,cluster_3
cell_9282,12.7980,10.1901,cluster_2
cell_9283,11.4032,7.8394,cluster_2
cell_9284,3.8649,-1.1374,cluster_4
cell_9285,2.9414,-0.8619,cluster_4
cell_9286,2.6124,9.7415,cluster_5
cell_9287,13.9257,5.1934,cluster_1
cell_9288,15.9999,6.4770,cluster_1
cell_9289,1.3948,10.7908,cluster_5
cell_929,-1.5822,7.0846,cluster_3
cell_9290,-0.2559,6.7807,cluster_3
cell_9291,10.3440,7.6229,cluster_3
cell_9292,1.0055,2.6451,cluster_6
cell_9293,13.1483,5.4142,cluster_1
cell_9294,16.1467,6.2497,cluster_1
cell_9295,13.3666,10.1953,cluster_2
cell_9296,13.8686,9.9492,cluster_2
cell_9297,14.2990,6.8292,cluster_2
cell_9298,1.6402,6.9394,cluster_3
cell_9299,-0.1203,8.2286,cluster_3
cell_93,1.1687,9.1442,cluster_5
cell_930,14.3622,10.3634,cluster_2
cell_9300,1.8418,10.1890,cluster_5
cell_9301,10.9648,7.6156,cluster_2
cell_9302,13.0459,6.3398,cluster_1
cell_9303,-0.4503,7.6855,cluster_3
cell_9304,12.0954,6.7462,cluster_1
cell_9305,9.3381,7.3750,cluster_1
cell_9306,15.3124,9.4875,cluster_2
cell_9307,3.1629,-0.1478,cluster_4
cell_9308,15.9093,6.6630,cluster_1
cell_9309,3.2393,-0.1577,cluster_4
cell_931,1.0583,2.7151,cluster_6
cell_9310,1.9727,10.8177,cluster_5
cell_9311,13.1785,7.4993,cluster_1
cell_9312,7.7798,7.2270,cluster_3
cell_9313,2.7229,1.0724,cluster_4
cell_9314,2.0390,9.8967,cluster_5
cell_9315,11.3632,6.3107,cluster_3
cell_9316,1.6903,10.4136,cluster_5
cell_9317,12.8151,10.0439,cluster_2
cell_9318,12.7949,5.5456,cluster_1
cell_9319,-0.9755,7.2169,cluster_3
cell_932,2.7221,-0.2793,cluster_4
cell_9320,12.9418,7.6017,cluster_1
cell_9321,11.3957,7.7344,cluster_1
cell_9322,5.2666,9.1210,cluster_7
cell_9323,3.4014,-1.1905,cluster_4
cell_9324,4.1300,0.0827,cluster_4
cell_9325,12.3116,5.3909,cluster_1
cell_9326,12.7702,11.0189,cluster_2
cell_9327,0.7696,10.7715,cluster_5
cell_9328,11.1470,7.6521,cluster_1
cell_9329,15.9983,9.1479,cluster_2
cell_933,13.7317,5.7121,cluster_1
cell_9330,12.2990,5.8204,cluster_2
cell_9331,1.2877,2.4230,cluster_6
cell_9332,-0.5168,6.8148,cluster_3
cell_9333,15.2632,8.8127,cluster_1
cell_9334,13.5694,7.4115,cluster_1
cell_9335,3.5733,11.5924,cluster_5
cell_9336,13.5823,7.7005,cluster_2
cell_9337,7.4421,6.2963,cluster_3
cell_9338,13.4216,9.9403,cluster_2
cell_9339,15.0780,8.3919,cluster_2
cell_934,11.7382,9.1837,cluster_2
cell_9340,4.3041,1.4250,cluster_6
cell_9341,1.2075,3.5673,cluster_6
cell_9342,15.7582,8.3179,cluster_1
cell_9343,0.3489,11.1266,cluster_5
cell_9344,16.1827,7.2825,cluster_1
cell_9345,1.0170,1.5015,cluster_6
cell_9346,13.8686,7.7853,cluster_1
cell_9347,2.8275,0.2887,cluster_4
cell_9348,14.2254,8.0673,cluster_1
cell_9349,8.6347,7.1523,cluster_3
cell_935,0.3855,11.1350,cluster_5
cell_9350,2.3830,9.7943,cluster_5
cell_9351,3.3476,0.3117,cluster_4
cell_9352,1.4278,10.0907,cluster_5
cell_9353,3.9153,2.0922,cluster_6
cell_9354,3.8482,11.2125,cluster_5
cell_9355,3.0065,9.5788,cluster_5
cell_9356,0.8345,10.0942,cluster_5
cell_9357,14.1862,10.9794,cluster_2
cell_9358,3.3977,-1.2395,cluster_4
cell_9359,3.5175,12.1122,cluster_5
cell_936,6.3648,3.2140,cluster_8
cell_9360,3.9862,12.1720,cluster_5
cell_9361,1.9457,3.1395,cluster_6
cell_9362,15.5086,8.5535,cluster_1
cell_9363,11.4357,7.1281,cluster_1
cell_9364,13.1029,8.1413,cluster_1
cell_9365,15.5532,5.7373,cluster_1
cell_9366,15.3597,10.4029,cluster_2
cell_9367,10.6070,7.4624,cluster_1
cell_9368,14.0122,5.0778,cluster_1
cell_9369,9.9924,3.4526,cluster_8
cell_937,1.1019,10.2654,cluster_5
cell_9370,16.1686,5.9931,cluster_1
cell_9371,12.2204,7.7122,cluster_1
cell_9372,3.0057,2.8637,cluster_6
cell_9373,1.1286,2.4950,cluster_6
cell_9374,14.4276,8.7083,cluster_1
cell_9375,16.2100,6.5565,cluster_1
cell_9376,15.4525,6.8887,cluster_1
cell_9377,0.7107,6.3951,cluster_3
cell_9378,2.1964,10.3986,cluster_5
cell_9379,14.3342,8.0798,cluster_2
cell_938,3.8315,10.8934,cluster_5
cell_9380,0.5045,11.2545,cluster_5
cell_9381,14.1465,5.6791,cluster_1
cell_9382,7.7894,6.9636,cluster_3
cell_9383,0.6591,11.9134,cluster_5
cell_9384,1.7089,1.5795,cluster_6
cell_9385,13.7396,8.9551,cluster_1
cell_9386,3.4869,11.0816,cluster_5
cell_9387,3.3099,10.5223,cluster_5
cell_9388,9.6608,6.2815,cluster_3
cell_9389,14.2157,7.8301,cluster_1
cell_939,1.5768,11.9377,cluster_5
cell_9390,14.6289,6.0458,cluster_1
cell_9391,11.1034,5.7762,cluster_1
cell_9392,12.1983,9.4636,cluster_2
cell_9393,2.9499,3.2878,cluster_6
cell_9394,12.5932,6.3926,cluster_1
cell_9395,13.3696,7.7080,cluster_1
cell_9396,2.0918,2.3204,cluster_6
cell_9397,14.4233,8.5207,cluster_1
cell_9398,3.2004,4.6102,cluster_6
cell_9399,9.2393,6.5661,cluster_3
cell_94,15.7971,6.5534,cluster_1
cell_940,-0.9477,6.7616,cluster_3
cell_9400,1.6125,2.8975,cluster_6
cell_9401,15.5141,5.4937,cluster_1
cell_9402,15.2210,7.7892,cluster_1
cell_9403,10.2348,6.8375,cluster_3
cell_9404,-0.5993,7.6888,cluster_3
cell_9405,8.7437,7.0740,cluster_3
cell_9406,14.2442,5.8496,cluster_1
cell_9407,2.6965,11.3481,cluster_5
cell_9408,3.4849,-0.0666,cluster_4
cell_9409,14.5962,6.2263,cluster_1
cell_941,9.7087,3.1080,cluster_8
cell_9410,15.7712,9.8850,cluster_2
cell_9411,16.5544,6.6151,cluster_1
cell_9412,0.8984,12.2825,cluster_5
cell_9413,13.2814,10.8738,cluster_2
cell_9414,12.5407,5.9265,cluster_1
cell_9415,13.0958,6.2986,cluster_1
cell_9416,1.6236,2.6697,cluster_6
cell_9417,-1.1197,6.8892,cluster_3
cell_9418,3.6065,12.1826,cluster_5
cell_9419,2.3106,10.2783,cluster_5
cell_942,11.7324,6.0939,cluster_1
cell_9420,2.8023,3.2207,cluster_4
cell_9421,14.5591,5.5597,cluster_2
cell_9422,10.0088,7.0765,cluster_3
cell_9423,3.2269,3.6891,cluster_6
cell_9424,13.9926,8.9979,cluster_2
cell_9425,-1.0883,7.9030,cluster_3
cell_9426,11.0167,8.9080,cluster_5
cell_9427,13.9225,8.8161,cluster_2
cell_9428,15.0358,8.0374,cluster_1
cell_9429,14.5532,9.1224,cluster_2
cell_943,9.3519,3.2220,cluster_8
cell_9430,1.9732,1.7124,cluster_6
cell_9431,12.5235,8.9685,cluster_2
cell_9432,1.3021,6.7329,cluster_3
cell_9433,15.5759,7.2749,cluster_1
cell_9434,0.8319,10.8928,cluster_5
cell_9435,3.6000,-1.3983,cluster_4
cell_9436,3.2292,12.3903,cluster_5
cell_9437,8.0548,6.1906,cluster_3
cell_9438,8.9455,6.0706,cluster_3
cell_9439,15.4395,9.8762,cluster_2
cell_944,0.0429,11.1024,cluster_5
cell_9440,1.0902,11.5210,cluster_5
cell_9441,0.2024,5.8477,cluster_3
cell_9442,-0.5527,8.3578,cluster_3
cell_9443,2.3120,-0.0019,cluster_4
cell_9444,12.6986,10.3876,cluster_2
cell_9445,15.6688,6.0919,cluster_1
cell_9446,14.5708,11.2620,cluster_2
cell_9447,2.7564,0.0737,cluster_4
cell_9448,14.7566,8.7180,cluster_1
cell_9449,-1.2918,5.8754,cluster_3
cell_945,15.6765,7.1509,cluster_2
cell_9450,12.1590,10.5532,cluster_2
cell_9451,1.0438,6.5245,cluster_3
cell_9452,1.4565,10.8280,cluster_5
cell_9453,15.4036,10.1635,cluster_2
cell_9454,13.9962,5.1199,cluster_1
cell_9455,11.2484,6.3790,cluster_4
cell_9456,15.3665,7.4158,cluster_1
cell_9457,14.2681,5.0495,cluster_1
cell_9458,12.2812,7.9421,cluster_1
cell_9459,-1.2284,8.1005,cluster_3
cell_946,14.7888,8.3566,cluster_1
cell_9460,3.2365,-0.8335,cluster_4
cell_9461,14.5853,6.8004,cluster_1
cell_9462,14.3304,6.1186,cluster_1
cell_9463,2.4734,3.3185,cluster_6
cell_9464,3.4763,-0.5492,cluster_4
cell_9465,15.7326,7.2458,cluster_1
cell_9466,12.2778,7.4948,cluster_1
cell_9467,1.9173,2.6267,cluster_6
cell_9468,1.9242,4.3004,cluster_6
cell_9469,12.0783,7.9742,cluster_1
cell_947,6.3107,3.6079,cluster_8
cell_9470,11.2999,7.5179,cluster_1
cell_9471,14.3998,5.3389,cluster_1
cell_9472,2.2650,6.4121,cluster_3
cell_9473,15.6728,5.9221,cluster_1
cell_9474,13.0156,10.6333,cluster_1
cell_9475,13.1575,8.5724,cluster_1
cell_9476,1.4912,3.6924,cluster_6
cell_9477,12.9127,8.5904,cluster_2
cell_9478,-1.1149,6.2647,cluster_3
cell_9479,14.9843,11.3038,cluster_2
cell_948,15.5372,9.7657,cluster_2
cell_9480,15.3062,9.7661,cluster_2
cell_9481,2.9247,2.9465,cluster_3
cell_9482,8.2207,6.6918,cluster_3
cell_9483,15.2127,6.8925,cluster_1
cell_9484,13.4806,5.0690,cluster_1
cell_9485,13.1165,5.7999,cluster_1
cell_9486,12.7389,10.8349,cluster_2
cell_9487,3.1567,7.0385,cluster_3
cell_9488,2.1778,10.8668,cluster_5
cell_9489,1.4458,11.2050,cluster_5
cell_949,1.2716,11.8809,cluster_5
cell_9490,14.1879,5.6216,cluster_1
cell_9491,1.4497,9.7269,cluster_5
cell_9492,13.1302,7.5975,cluster_2
cell_9493,1.3283,2.5390,cluster_6
cell_9494,4.2442,0.6562,cluster_4
cell_9495,8.8129,6.7338,cluster_3
cell_9496,4.5836,9.0279,cluster_7
cell_9497,14.6875,10.5990,cluster_2
cell_9498,-0.9408,5.9554,cluster_3
cell_9499,0.7235,7.5528,cluster_3
cell_95,11.0035,6.5919,cluster_3
cell_950,13.1225,8.6871,cluster_2
cell_9500,12.0455,7.8185,cluster_1
cell_9501,2.8601,8.8405,cluster_5
cell_9502,16.1730,8.3028,cluster_1
cell_9503,10.6215,7.4630,cluster_3
cell_9504,14.7951,11.5237,cluster_2
cell_9505,14.4967,6.2605,cluster_1
cell_9506,14.0435,11.0687,cluster_2
cell_9507,13.7568,11.0647,cluster_2
cell_9508,12.6328,10.7922,cluster_2
cell_9509,0.9425,11.0999,cluster_5
cell_951,1.2568,9.9368,cluster_5
cell_9510,-1.5620,6.4429,cluster_3
cell_9511,14.4174,5.9921,cluster_1
cell_9512,15.0419,6.0673,cluster_1
cell_9513,2.7167,1.8542,cluster_6
cell_9514,2.5527,3.0616,cluster_6
cell_9515,1.3446,6.6689,cluster_3
cell_9516,4.1949,3.4858,cluster_4
cell_9517,3.1234,2.1021,cluster_6
cell_9518,13.2622,11.2302,cluster_2
cell_9519,1.1922,3.8756,cluster_6
cell_952,9.6879,2.8153,cluster_8
cell_9520,4.1654,-0.0636,cluster_4
cell_9521,0.7025,6.8344,cluster_3
cell_9522,0.7465,11.0618,cluster_5
cell_9523,1.7600,2.6457,cluster_6
cell_9524,14.7577,6.9663,cluster_1
cell_9525,14.6267,6.4513,cluster_1
cell_9526,15.7538,8.7974,cluster_2
cell_9527,8.7688,6.2492,cluster_6
cell_9528,3.7485,-1.0820,cluster_4
cell_9529,-0.6881,6.3809,cluster_3
cell_953,0.1748,6.8492,cluster_3
cell_9530,1.8874,3.0562,cluster_6
cell_9531,15.7085,5.5053,cluster_1
cell_9532,10.2558,6.4289,cluster_3
cell_9533,3.5384,-0.7893,cluster_4
cell_9534,16.1952,8.7327,cluster_2
cell_9535,-0.3923,6.7950,cluster_3
cell_9536,11.5858,6.6148,cluster_1
cell_9537,14.1099,5.1975,cluster_1
cell_9538,12.2172,9.6514,cluster_2
cell_9539,10.9597,7.1056,cluster_1
cell_954,0.7755,11.6497,cluster_5
cell_9540,4.4187,-0.1831,cluster_4
cell_9541,2.8901,1.3722,cluster_4
cell_9542,13.0030,11.2004,cluster_2
cell_9543,7.8418,6.8454,cluster_6
cell_9544,-0.9438,6.8789,cluster_3
cell_9545,0.8199,11.4491,cluster_5
cell_9546,14.5962,7.4720,cluster_1
cell_9547,0.8710,2.7015,cluster_6
cell_9548,12.9776,11.0517,cluster_2
cell_9549,14.1936,10.5699,cluster_2
cell_955,-1.1073,8.0345,cluster_3
cell_9550,1.0678,12.0346,cluster_5
cell_9551,12.7101,10.1194,cluster_2
cell_9552,15.4513,6.9743,cluster_1
cell_9553,1.7804,12.2257,cluster_5
cell_9554,13.0890,7.6847,cluster_1
cell_9555,0.1898,6.5175,cluster_3
cell_9556,12.3518,6.9138,cluster_1
cell_9557,2.7366,4.7277,cluster_6
cell_9558,2.6995,12.2691,cluster_5
cell_9559,13.2665,7.0634,cluster_1
cell_956,2.2366,10.9707,cluster_5
cell_9560,2.6344,3.7876,cluster_6
cell_9561,2.0303,1.1766,cluster_6
cell_9562,14.5877,11.6427,cluster_2
cell_9563,1.5663,3.5215,cluster_6
cell_9564,12.3662,8.6630,cluster_2
cell_9565,3.5081,11.7334,cluster_5
cell_9566,12.4814,10.4665,cluster_2
cell_9567,3.6170,-0.5690,cluster_4
cell_9568,14.4495,10.5888,cluster_2
cell_9569,3.1226,1.6051,cluster_4
cell_957,2.9927,8.4951,cluster_5
cell_9570,0.0947,7.1606,cluster_3
cell_9571,14.9409,11.4955,cluster_2
cell_9572,14.1467,11.0013,cluster_2
cell_9573,14.0096,5.4719,cluster_1
cell_9574,2.6271,12.3159,cluster_5
cell_9575,10.7217,8.0403,cluster_3
cell_9576,3.6305,11.1286,cluster_5
cell_9577,14.3559,8.9428,cluster_2
cell_9578,2.6391,1.7810,cluster_4
cell_9579,1.9694,11.6650,cluster_5
cell_958,15.0941,8.1233,cluster_1
cell_9580,3.0790,-0.8056,cluster_4
cell_9581,15.7442,9.1572,cluster_2
cell_9582,-1.6760,6.0879,cluster_3
cell_9583,12.5161,6.9744,cluster_1
cell_9584,13.4926,7.5733,cluster_1
cell_9585,1.8196,10.0353,cluster_5
cell_9586,3.5985,11.9911,cluster_5
cell_9587,15.4169,7.8849,cluster_1
cell_9588,3.4364,3.4297,cluster_6
cell_9589,14.3477,6.2473,cluster_1
cell_959,1.8114,9.6511,cluster_5
cell_9590,15.1956,6.3111,cluster_2
cell_9591,1.0659,6.8998,cluster_3
cell_9592,13.4996,6.3829,cluster_1
cell_9593,2.0277,11.0601,cluster_5
cell_9594,1.4282,7.3073,cluster_3
cell_9595,3.2702,-0.4194,cluster_4
cell_9596,3.4406,-0.4465,cluster_4
cell_9597,14.3572,8.5089,cluster_2
cell_9598,11.2559,6.9177,cluster_1
cell_9599,13.3835,7.3804,cluster_1
cell_96,1.4251,3.8804,cluster_6
cell_960,4.0060,3.5571,cluster_6
cell_9600,12.0035,9.6959,cluster_2
cell_9601,14.7532,6.6098,cluster_1
cell_9602,3.4230,-1.2439,cluster_4
cell_9603,3.9134,9.9959,cluster_5
cell_9604,13.1752,7.4493,cluster_1
cell_9605,13.2205,8.7195,cluster_2
cell_9606,-0.1317,6.2890,cluster_3
cell_9607,14.8680,8.9042,cluster_1
cell_9608,0.4159,5.9752,cluster_3
cell_9609,2.1612,2.5992,cluster_6
cell_961,2.8560,1.4083,cluster_4
cell_9610,8.5632,6.5687,cluster_1
cell_9611,10.5426,7.4722,cluster_3
cell_9612,15.8301,6.9437,cluster_1
cell_9613,12.5934,10.0293,cluster_2
cell_9614,3.0313,10.9201,cluster_5
cell_9615,14.8009,5.6403,cluster_1
cell_9616,12.4120,9.1348,cluster_2
cell_9617,13.1527,8.3836,cluster_1
cell_9618,13.8390,7.9734,cluster_1
cell_9619,1.0717,6.2386,cluster_3
cell_962,9.0096,7.3442,cluster_5
cell_9620,15.2785,8.4512,cluster_1
cell_9621,1.5439,1.9238,cluster_6
cell_9622,4.0189,-1.0524,cluster_4
cell_9623,-1.2387,6.1992,cluster_3
cell_9624,14.5613,9.5087,cluster_2
cell_9625,13.9400,9.8784,cluster_2
cell_9626,3.1056,2.0260,cluster_6
cell_9627,13.4519,8.5003,cluster_1
cell_9628,15.1744,10.3047,cluster_2
cell_9629,1.5487,6.3477,cluster_3
cell_963,2.3243,3.3887,cluster_6
cell_9630,12.8840,7.4754,cluster_1
cell_9631,13.2225,6.2850,cluster_1
cell_9632,14.0544,5.8609,cluster_1
cell_9633,3.9456,-0.7402,cluster_4
cell_9634,2.1882,0.4762,cluster_4
cell_9635,-0.2679,7.8760,cluster_3
cell_9636,4.6228,1.1699,cluster_4
cell_9637,16.1914,6.0934,cluster_1
cell_9638,13.7833,8.0659,cluster_1
cell_9639,14.8998,8.3504,cluster_1
cell_964,1.9741,3.1813,cluster_6
cell_9640,12.6416,6.7507,cluster_1
cell_9641,2.4549,2.6332,cluster_6
cell_9642,14.3835,6.7561,cluster_1
cell_9643,15.9194,7.0381,cluster_1
cell_9644,14.3364,5.7693,cluster_1
cell_9645,2.6280,-0.3861,cluster_4
cell_9646,15.1063,9.5568,cluster_1
cell_9647,13.7929,9.1769,cluster_2
cell_9648,11.8671,5.3062,cluster_1
cell_9649,8.9613,6.5119,cluster_3
cell_965,2.4941,0.2231,cluster_4
cell_9650,15.2208,10.6236,cluster_2
cell_9651,12.9473,5.0336,cluster_1
cell_9652,1.2879,11.1760,cluster_5
cell_9653,14.7607,8.7315,cluster_2
cell_9654,0.6488,1.5503,cluster_6
cell_9655,1.8299,11.7259,cluster_5
cell_9656,2.8886,2.4989,cluster_6
cell_9657,11.5714,5.8802,cluster_1
cell_9658,1.1157,2.7122,cluster_6
cell_9659,15.4166,6.4778,cluster_1
cell_966,6.3385,3.9084,cluster_8
cell_9660,3.0684,-0.5513,cluster_4
cell_9661,11.2851,7.7203,cluster_5
cell_9662,2.3406,3.1513,cluster_6
cell_9663,15.1866,10.0368,cluster_2
cell_9664,2.2883,10.5027,cluster_5
cell_9665,2.0027,2.5369,cluster_6
cell_9666,14.4633,8.1620,cluster_1
cell_9667,15.1294,5.1089,cluster_1
cell_9668,15.4832,10.3980,cluster_2
cell_9669,11.0821,7.4014,cluster_1
cell_967,1.2561,7.2399,cluster_4
cell_9670,12.1239,8.0010,cluster_1
cell_9671,2.8312,11.7193,cluster_5
cell_9672,10.6978,6.1657,cluster_3
cell_9673,10.7185,7.6465,cluster_2
cell_9674,3.4174,12.3711,cluster_5
cell_9675,1.9901,2.8768,cluster_6
cell_9676,14.3891,6.3391,cluster_1
cell_9677,1.6035,6.4553,cluster_2
cell_9678,15.1627,9.7114,cluster_2
cell_9679,2.3747,0.6538,cluster_4
cell_968,0.4014,11.1644,cluster_5
cell_9680,3.1129,-0.7480,cluster_4
cell_9681,12.3414,8.3205,cluster_2
cell_9682,1.0759,6.1919,cluster_3
cell_9683,10.2937,7.9987,cluster_2
cell_9684,1.9521,11.7880,cluster_5
cell_9685,3.4709,-1.2013,cluster_4
cell_9686,3.4828,12.2512,cluster_5
cell_9687,-0.6270,6.9840,cluster_3
cell_9688,14.7864,5.2751,cluster_1
cell_9689,15.6429,6.1339,cluster_1
cell_969,12.0141,6.6090,cluster_1
cell_9690,-1.3872,7.2931,cluster_3
cell_9691,1.5804,5.9393,cluster_3
cell_9692,13.3883,7.8331,cluster_1
cell_9693,2.6668,3.0029,cluster_6
cell_9694,1.8252,2.8927,cluster_6
cell_9695,3.4837,4.7705,cluster_6
cell_9696,13.8197,7.4125,cluster_1
cell_9697,15.6513,8.2849,cluster_1
cell_9698,15.1153,7.2875,cluster_1
cell_9699,2.2525,10.2095,cluster_5
cell_97,2.6124,4.4465,cluster_6
cell_970,1.2461,3.3636,cluster_6
cell_9700,12.4897,8.5512,cluster_2
cell_9701,6.7973,5.8881,cluster_6
cell_9702,-1.6303,5.9800,cluster_3
cell_9703,14.6754,8.9784,cluster_2
cell_9704,3.4497,11.8794,cluster_5
cell_9705,2.0229,9.9071,cluster_5
cell_9706,16.1186,8.9251,cluster_2
cell_9707,1.8522,7.2620,cluster_3
cell_9708,2.7868,8.6791,cluster_5
cell_9709,1.5927,11.4768,cluster_5
cell_971,1.5031,6.7106,cluster_3
cell_9710,14.7686,10.5133,cluster_2
cell_9711,1.4936,2.7969,cluster_6
cell_9712,14.9511,10.7571,cluster_2
cell_9713,3.1777,6.4469,cluster_6
cell_9714,13.0916,4.9209,cluster_1
cell_9715,1.9533,2.3610,cluster_6
cell_9716,14.0220,9.9809,cluster_2
cell_9717,13.5475,10.1407,cluster_2
cell_9718,9.6724,6.5087,cluster_3
cell_9719,6.7614,5.9676,cluster_1
cell_972,7.4636,6.4721,cluster_2
cell_9720,13.1301,7.5007,cluster_2
cell_9721,15.2992,8.2998,cluster_1
cell_9722,8.6617,6.1153,cluster_3
cell_9723,4.4233,0.8616,cluster_4
cell_9724,3.8329,12.3180,cluster_5
cell_9725,13.4830,9.7792,cluster_2
cell_9726,10.6745,7.6248,cluster_2
cell_9727,13.1958,7.4416,cluster_1
cell_9728,2.2421,1.6862,cluster_6
cell_9729,14.9296,9.5751,cluster_2
cell_973,1.0269,11.9601,cluster_5
cell_9730,13.9820,11.7907,cluster_2
cell_9731,10.8185,6.1481,cluster_2
cell_9732,-0.3618,7.2025,cluster_3
cell_9733,13.8583,6.5828,cluster_1
cell_9734,13.2325,8.0976,cluster_2
cell_9735,13.7201,5.4240,cluster_1
cell_9736,15.8861,8.1008,cluster_1
cell_9737,2.2676,6.6789,cluster_1
cell_9738,15.9588,6.6717,cluster_1
cell_9739,14.2669,8.8008,cluster_1
cell_974,3.9201,12.1963,cluster_5
cell_9740,13.0495,5.2846,cluster_1
cell_9741,2.8552,-0.6929,cluster_4
cell_9742,1.7539,10.4975,cluster_5
cell_9743,3.9027,12.0952,cluster_5
cell_9744,3.5743,5.8881,cluster_3
cell_9745,15.4834,6.7956,cluster_1
cell_9746,14.4891,10.9275,cluster_2
cell_9747,13.4358,10.6532,cluster_2
cell_9748,13.9151,7.2205,cluster_1
cell_9749,-1.4646,6.0326,cluster_3
cell_975,1.4268,2.6737,cluster_6
cell_9750,4.1213,-0.3086,cluster_4
cell_9751,1.9006,1.8374,cluster_4
cell_9752,15.5569,6.5907,cluster_1
cell_9753,15.8377,9.3194,cluster_1
cell_9754,15.3201,10.0721,cluster_2
cell_9755,1.6373,1.9230,cluster_6
cell_9756,12.4271,8.0306,cluster_1
cell_9757,9.9839,6.4369,cluster_1
cell_9758,0.0667,6.5055,cluster_3
cell_9759,3.0515,11.1103,cluster_5
cell_976,12.2958,10.0960,cluster_2
cell_9760,3.1811,-1.2468,cluster_4
cell_9761,2.8434,0.8777,cluster_4
cell_9762,14.7907,9.8678,cluster_2
cell_9763,16.1192,6.6547,cluster_1
cell_9764,2.8734,-0.5254,cluster_4
cell_9765,13.8624,9.5839,cluster_2
cell_9766,-1.2015,6.7366,cluster_3
cell_9767,3.6212,3.2143,cluster_6
cell_9768,3.7961,-1.1244,cluster_4
cell_9769,4.2455,0.5918,cluster_4
cell_977,1.6333,10.1838,cluster_5
cell_9770,1.0764,2.9335,cluster_6
cell_9771,13.5704,5.2639,cluster_1
cell_9772,3.2597,-0.3907,cluster_4
cell_9773,0.6674,3.3292,cluster_6
cell_9774,12.4310,8.1616,cluster_1
cell_9775,15.3218,5.1822,cluster_1
cell_9776,8.6740,6.8740,cluster_3
cell_9777,1.6766,9.8798,cluster_5
cell_9778,3.3015,11.3118,cluster_5
cell_9779,0.9236,1.7810,cluster_6
cell_978,1.2689,10.5062,cluster_5
cell_9780,15.9663,5.9159,cluster_1
cell_9781,2.3566,10.9695,cluster_5
cell_9782,14.3484,9.5679,cluster_2
cell_9783,15.4976,10.4197,cluster_2
cell_9784,-0.6105,7.0603,cluster_3
cell_9785,0.8631,11.9699,cluster_5
cell_9786,11.6377,6.6600,cluster_1
cell_9787,3.0631,12.3057,cluster_5
cell_9788,2.2591,9.9972,cluster_5
cell_9789,9.0644,6.6439,cluster_2
cell_979,9.1363,3.3820,cluster_8
cell_9790,13.0540,11.0482,cluster_2
cell_9791,12.1043,5.4927,cluster_1
cell_9792,3.3611,-1.0737,cluster_4
cell_9793,14.5087,5.2349,cluster_1
cell_9794,12.3381,9.8840,cluster_2
cell_9795,13.8686,8.5173,cluster_2
cell_9796,3.9154,11.8003,cluster_5
cell_9797,12.4600,5.8676,cluster_1
cell_9798,0.7475,3.0059,cluster_6
cell_9799,13.3479,8.3995,cluster_1
cell_98,1.7857,11.3561,cluster_5
cell_980,-1.7187,6.7215,cluster_3
cell_9800,16.3121,5.9973,cluster_1
cell_9801,14.2977,7.9478,cluster_1
cell_9802,2.2729,-0.1649,cluster_4
cell_9803,10.5350,6.8085,cluster_2
cell_9804,15.4034,8.0641,cluster_1
cell_9805,2.9721,0.3521,cluster_4
cell_9806,9.1677,6.0476,cluster_3
cell_9807,3.0735,6.3827,cluster_3
cell_9808,11.3214,7.3214,cluster_3
cell_9809,10.8595,8.6109,cluster_2
cell_981,1.3435,12.1164,cluster_5
cell_9810,2.4639,2.5803,cluster_6
cell_9811,3.6949,-1.4356,cluster_4
cell_9812,3.1513,6.7976,cluster_4
cell_9813,0.3807,5.9621,cluster_3
cell_9814,14.1240,4.8345,cluster_1
cell_9815,13.6903,8.2670,cluster_2
cell_9816,14.1302,8.5746,cluster_1
cell_9817,15.4569,7.4480,cluster_1
cell_9818,2.6250,3.1438,cluster_6
cell_9819,12.8690,10.4302,cluster_2
cell_982,1.5611,12.0366,cluster_5
cell_9820,12.2822,9.2236,cluster_2
cell_9821,11.2926,7.7298,cluster_5
cell_9822,3.4707,0.1213,cluster_4
cell_9823,2.9778,12.1595,cluster_5
cell_9824,2.8787,3.8973,cluster_6
cell_9825,13.0632,10.5545,cluster_2
cell_9826,15.7086,7.8213,cluster_1
cell_9827,3.8834,-1.0576,cluster_4
cell_9828,-0.5269,7.0552,cluster_3
cell_9829,15.4291,10.8527,cluster_2
cell_983,12.9204,8.7911,cluster_2
cell_9830,11.0193,7.0251,cluster_3
cell_9831,11.9991,8.9030,cluster_1
cell_9832,7.5374,6.3801,cluster_3
cell_9833,1.2495,10.8802,cluster_5
cell_9834,1.7795,2.2265,cluster_6
cell_9835,11.6877,5.2607,cluster_3
cell_9836,1.1312,10.7265,cluster_5
cell_9837,0.4587,11.6279,cluster_5
cell_9838,14.1877,8.2963,cluster_2
cell_9839,1.0346,11.7785,cluster_5
cell_984,3.6602,11.7840,cluster_5
cell_9840,10.4991,7.0834,cluster_3
cell_9841,4.3759,-0.7589,cluster_4
cell_9842,4.3312,4.1244,cluster_6
cell_9843,15.6262,9.9173,cluster_2
cell_9844,13.1970,6.1140,cluster_1
cell_9845,0.8924,11.6592,cluster_5
cell_9846,15.8720,5.6251,cluster_1
cell_9847,2.8918,-0.5649,cluster_4
cell_9848,-0.8662,5.9027,cluster_3
cell_9849,12.8632,9.7850,cluster_2
cell_985,1.8822,6.7563,cluster_3
cell_9850,1.5032,12.2090,cluster_5
cell_9851,15.2727,7.3832,cluster_1
cell_9852,11.9201,9.3886,cluster_2
cell_9853,14.0628,7.7272,cluster_1
cell_9854,0.4585,10.9535,cluster_5
cell_9855,13.7287,9.7095,cluster_2
cell_9856,15.2749,6.1768,cluster_1
cell_9857,13.4148,5.9159,cluster_1
cell_9858,3.7298,12.2039,cluster_5
cell_9859,12.6321,5.2513,cluster_2
cell_986,6.2483,3.1430,cluster_8
cell_9860,12.9092,8.0607,cluster_3
cell_9861,13.0475,5.5011,cluster_1
cell_9862,15.3477,8.6469,cluster_2
cell_9863,3.5836,3.6443,cluster_6
cell_9864,13.7376,7.1234,cluster_1
cell_9865,15.1463,6.5158,cluster_1
cell_9866,14.6084,11.5360,cluster_2
cell_9867,0.8852,9.9613,cluster_5
cell_9868,14.4170,8.5466,cluster_2
cell_9869,2.9530,-1.0876,cluster_4
cell_987,15.2735,6.5700,cluster_1
cell_9870,14.3620,7.7506,cluster_1
cell_9871,13.4172,7.3636,cluster_8
cell_9872,2.7209,2.5205,cluster_4
cell_9873,2.2593,11.2238,cluster_5
cell_9874,12.4034,7.4874,cluster_2
cell_9875,12.9158,9.0235,cluster_1
cell_9876,1.6859,3.6587,cluster_6
cell_9877,13.5228,7.0985,cluster_1
cell_9878,13.2639,8.0777,cluster_1
cell_9879,0.9502,2.1083,cluster_6
cell_988,-0.5743,7.5116,cluster_3
cell_9880,13.4824,10.8802,cluster_2
cell_9881,12.7768,8.8978,cluster_2
cell_9882,12.8839,7.6538,cluster_1
cell_9883,12.0741,8.1073,cluster_3
cell_9884,13.7363,9.7594,cluster_2
cell_9885,12.5014,7.2481,cluster_1
cell_9886,-1.3814,5.7416,cluster_3
cell_9887,-1.5713,7.3022,cluster_3
cell_9888,-1.4637,6.9248,cluster_3
cell_9889,-1.8489,6.2955,cluster_3
cell_989,1.7813,11.9925,cluster_5
cell_9890,13.1745,7.8624,cluster_2
cell_9891,1.0165,2.8844,cluster_6
cell_9892,3.8322,2.4520,cluster_6
cell_9893,9.9344,8.2923,cluster_2
cell_9894,3.8540,12.2843,cluster_5
cell_9895,2.4499,9.4731,cluster_5
cell_9896,-0.0305,8.1825,cluster_3
cell_9897,9.2527,6.4933,cluster_3
cell_9898,2.8778,0.4998,cluster_4
cell_9899,2.3592,12.3966,cluster_5
cell_99,-1.3061,6.7964,cluster_3
cell_990,3.0596,4.8951,cluster_6
cell_9900,1.1398,2.0653,cluster_6
cell_9901,13.9429,6.6687,cluster_1
cell_9902,12.3343,5.1704,cluster_1
cell_9903,14.2549,9.4982,cluster_2
cell_9904,4.0505,12.3575,cluster_5
cell_9905,3.0444,12.5392,cluster_5
cell_9906,3.3850,3.6634,cluster_2
cell_9907,9.7906,6.6381,cluster_3
cell_9908,0.7979,10.3729,cluster_5
cell_9909,11.0563,7.6987,cluster_2
cell_991,2.9272,3.7317,cluster_6
cell_9910,11.8384,5.7706,cluster_1
cell_9911,12.1475,8.9249,cluster_2
cell_9912,7.2644,6.2467,cluster_3
cell_9913,9.0062,6.7688,cluster_6
cell_9914,2.9976,9.9770,cluster_5
cell_9915,9.0774,7.1494,cluster_6
cell_9916,0.8742,2.5537,cluster_6
cell_9917,2.7141,0.6684,cluster_4
cell_9918,13.4812,11.3473,cluster_2
cell_9919,3.8521,11.4931,cluster_5
cell_992,2.2828,7.2392,cluster_3
cell_9920,14.0340,7.7052,cluster_1
cell_9921,14.8458,9.8889,cluster_2
cell_9922,12.0517,7.4002,cluster_2
cell_9923,14.5881,6.7528,cluster_1
cell_9924,1.1326,2.2357,cluster_6
cell_9925,1.6609,2.7677,cluster_6
cell_9926,-0.2743,8.3468,cluster_3
cell_9927,11.5442,7.9769,cluster_2
cell_9928,1.3003,7.6085,cluster_3
cell_9929,2.8214,11.4280,cluster_5
cell_993,4.2653,-0.0021,cluster_4
cell_9930,13.1574,5.4104,cluster_1
cell_9931,2.5139,0.1265,cluster_4
cell_9932,1.4489,10.0435,cluster_5
cell_9933,3.1476,12.1745,cluster_5
cell_9934,15.1990,8.3110,cluster_2
cell_9935,4.0543,3.3608,cluster_4
cell_9936,12.9528,8.5147,cluster_2
cell_9937,2.5021,1.1530,cluster_4
cell_9938,-0.7886,7.7793,cluster_3
cell_9939,-0.0822,6.9032,cluster_3
cell_994,3.9287,-0.4000,cluster_4
cell_9940,3.3418,10.7981,cluster_5
cell_9941,13.7986,6.7603,cluster_1
cell_9942,14.5934,11.0266,cluster_2
cell_9943,9.0506,5.9480,cluster_3
cell_9944,1.3128,3.1133,cluster_6
cell_9945,7.2881,6.2681,cluster_1
cell_9946,3.2921,-1.2972,cluster_4
cell_9947,13.7568,9.5428,cluster_2
cell_9948,2.2641,1.7447,cluster_6
cell_9949,-1.3609,6.6809,cluster_3
cell_995,11.0076,8.4109,cluster_1
cell_9950,12.5576,8.9044,cluster_1
cell_9951,1.7061,7.0321,cluster_3
cell_9952,13.9814,5.0915,cluster_1
cell_9953,2.7524,1.5931,cluster_4
cell_9954,0.6971,11.2149,cluster_5
cell_9955,13.8473,10.7878,cluster_2
cell_9956,14.2864,7.6174,cluster_1
cell_9957,2.0514,4.7363,cluster_4
cell_9958,13.6376,8.7971,cluster_2
cell_9959,2.1798,2.4432,cluster_6
cell_996,1.8065,11.2483,cluster_5
cell_9960,1.4000,11.6906,cluster_5
cell_9961,3.5465,11.4515,cluster_5
cell_9962,9.4817,6.8119,cluster_2
cell_9963,14.6568,7.1026,cluster_1
cell_9964,14.5906,7.4871,cluster_1
cell_9965,15.6739,6.6967,cluster_1
cell_9966,1.1405,11.5454,cluster_5
cell_9967,16.3591,7.2172,cluster_1
cell_9968,2.5824,-0.8305,cluster_4
cell_9969,-1.2134,7.8475,cluster_3
cell_997,0.9492,11.0925,cluster_5
cell_9970,5.9341,5.5957,cluster_6
cell_9971,3.2886,3.7810,cluster_6
cell_9972,12.5227,8.7977,cluster_2
cell_9973,2.0952,9.7739,cluster_5
cell_9974,11.2737,5.6386,cluster_1
cell_9975,16.1802,6.1517,cluster_1
cell_9976,0.4993,10.8887,cluster_5
cell_9977,14.4182,10.6139,cluster_2
cell_9978,-1.1160,6.2647,cluster_3
cell_9979,13.9648,7.6818,cluster_2
cell_998,3.2989,12.4293,cluster_5
cell_9980,1.0817,11.7722,cluster_5
cell_9981,3.3534,4.3359,cluster_6
cell_9982,1.4570,2.6596,cluster_6
cell_9983,11.3995,8.9837,cluster_3
cell_9984,13.6915,7.8843,cluster_1
cell_9985,1.0765,10.1879,cluster_5
cell_9986,-1.2615,6.5144,cluster_3
cell_9987,2.9561,4.3079,cluster_6
cell_9988,8.5774,6.6772,cluster_3
cell_9989,12.9616,9.3546,cluster_2
cell_999,2.6624,11.7804,cluster_5
cell_9990,14.6918,6.3677,cluster_1
cell_9991,12.9779,8.6538,cluster_2
cell_9992,-1.3640,7.3992,cluster_3
cell_9993,0.9663,2.6452,cluster_6
cell_9994,14.3854,7.3834,cluster_1
cell_9995,2.0861,0.9941,cluster_4
cell_9996,8.1949,5.9510,cluster_3
cell_9997,3.3544,9.9068,cluster_5
cell_9998,2.6922,0.2199,cluster_4
cell_9999,-1.5065,7.4975,cluster_3
